"data","precipitacao","temperatura","umidade","houve_incendio","dias_de_secura","indice_risco","classe_risco"
2013-01-06,0,34,81.25,false,20.771261032117234,0.7897500000000001,ALTO
2013-01-07,0,34,78,false,21.60382430460471,0.8087040000000001,ALTO
2013-01-08,1.4,33.6,77.5,true,29.24388085218713,0.8056080000000001,ALTO
2013-01-09,0,33.3,86.25,false,26.32371779674621,0.7507305,ALTO
2013-01-10,8,31.9,85.75,false,29.068942905726924,0.7338141000000001,ALTO
2013-01-11,13,29.1,90,false,10.411077152718228,0.6716880000000001,MEDIO
2013-01-12,45.3,33.4,76,false,3.2035204642174424,0.8112528000000001,ALTO
2013-01-13,0,31.6,90.25,false,0.01806552867165174,0.0,MINIMO
2013-01-14,0,24.7,97.5,false,0.7592002898959761,0.0,MINIMO
2013-01-15,14.9,33,83.25,false,3.680506395392888,0.763677,ALTO
2013-01-16,13,34.3,78,false,0.898750647194066,0.0,MINIMO
2013-01-17,0,30.4,87,false,0.7405592389866454,0.0,MINIMO
2013-01-18,0.2,32.4,84.75,false,4.649456588850597,0.7465428000000001,ALTO
2013-01-20,34.6,33.4,79.25,false,7.90669880492921,0.7925094,ALTO
2013-01-21,0,33.6,83.25,false,0.08346819233290652,0.0,MINIMO
2013-01-22,1.1,32.5,86.5,false,1.2737182134593465,0.7380450000000001,ALTO
2013-01-23,0.2,27.1,96.25,false,3.622412897834813,0.6125355000000001,MEDIO
2013-01-24,7.9,31.3,93,false,5.901109299821009,0.6851628,MEDIO
2013-01-25,4.6,33.1,90.25,false,2.962164793415938,0.7249743000000002,ALTO
2013-01-26,16.6,34.7,82,false,3.9591143456220026,0.7955568000000002,ALTO
2013-01-27,18.6,30.9,90.25,false,0.7551947244241073,0.0,MINIMO
2013-01-28,22.3,30.9,87.25,false,0.24645406546984175,0.0,MINIMO
2013-01-29,1.1,32.7,84.5,false,0.09013924389777811,0.0,MINIMO
2013-01-30,0,31.2,86.5,false,0.895118068011056,0.0,MINIMO
2013-01-31,16.1,31.5,90,false,3.0731415671799605,0.70452,ALTO
2013-02-01,0.1,32,95.25,false,0.6330539383260697,0.0,MINIMO
2013-02-02,6.3,33.5,87.25,false,3.1298977934138494,0.7477695000000001,ALTO
2013-02-03,7.4,34.6,81.25,false,2.6792324390381563,0.7985250000000002,ALTO
2013-02-04,1.5,29.7,88.25,false,1.8648867924562023,0.6892893000000001,MEDIO
2013-02-05,0,31.8,89.75,false,4.289629433868991,0.7100226000000001,ALTO
2013-02-06,0,30.8,87.75,false,7.701386288770723,0.7072884,ALTO
2013-02-07,21.7,33,86.75,false,9.6665391529529,0.7436430000000002,ALTO
2013-02-08,0,30.9,87.25,false,0.6486061197426851,0.0,MINIMO
2013-02-09,17,33.4,84,false,3.3590908270003808,0.7651152000000001,ALTO
2013-02-10,7.4,30.6,92.25,false,0.6163565611682751,0.0,MINIMO
2013-02-11,0,33.8,86,false,1.0406758419866247,0.7592256000000001,ALTO
2013-02-12,47.8,31.9,87.5,false,4.135177898481245,0.724005,ALTO
2013-02-13,10.6,32.1,83.25,false,0.011435077777302821,0.0,MINIMO
2013-02-14,13.3,33.9,79.75,false,0.09577729274235096,0.0,MINIMO
2013-02-15,0,32.2,80.75,false,0.17066210869331583,0.0,MINIMO
2013-02-16,0,33.2,77.5,false,1.1385213398294263,0.7995960000000001,ALTO
2013-02-17,14.8,34.7,76.25,false,3.1246752261562767,0.8295255000000001,ALTO
2013-02-18,0,31.7,87.5,false,0.8702805484416283,0.0,MINIMO
2013-02-19,0,31.4,89.25,false,3.2093240869518134,0.7073154,ALTO
2013-02-20,4.1,33.4,78.25,false,6.374211200649959,0.7982766000000001,ALTO
2013-02-21,9.4,34.6,79.5,false,4.230119952230937,0.8088444,ALTO
2013-02-22,0,34.7,80.25,false,1.7595011830495242,0.8058951000000001,ALTO
2013-02-23,0,33.7,76.75,false,5.34964578421198,0.8114607000000001,ALTO
2013-02-24,0,32.6,84.75,false,7.720895464782612,0.7493922000000001,ALTO
2013-02-25,0,34.4,80,false,9.856787953314239,0.8029440000000001,ALTO
2013-02-26,0,33.7,87,false,12.13507901098688,0.7520148000000001,ALTO
2013-02-27,0,32.6,85,false,13.895434739152465,0.7479720000000001,ALTO
2013-02-28,9.5,34.3,80.5,false,18.118986206074926,0.7985358,ALTO
2013-03-01,1,33,81.5,true,5.109800437660047,0.7736940000000001,ALTO
2013-03-02,0,32.3,84.25,false,9.16773587542207,0.7479423,ALTO
2013-03-03,0,34.4,78.25,false,13.651376378775428,0.8132256000000001,ALTO
2013-03-04,0,34.3,79.75,false,15.817870578607248,0.8029341,ALTO
2013-03-05,0,34.4,82,false,18.97097823623684,0.7911936,ALTO
2013-03-06,0,33.6,76.75,false,21.471583218960113,0.8099496000000002,ALTO
2013-03-07,0,33.7,81.5,false,21.92550015659638,0.7839126000000002,ALTO
2013-03-08,0,34.8,76.25,false,22.288043085421847,0.8310420000000001,ALTO
2013-03-09,0,33.6,79.5,false,23.286652681792113,0.7940304,ALTO
2013-03-10,0,34.4,82.25,false,25.355111585332306,0.7897248,ALTO
2013-03-11,0,34,86.5,false,25.87766781307175,0.7591320000000001,ALTO
2013-03-12,15.4,33.7,83.75,false,26.826235631970825,0.7708635,ALTO
2013-03-13,50,34.6,80.5,false,3.2543102555775034,0.8029476000000002,ALTO
2013-03-14,0,33.9,81.25,false,0.009082192508325378,0.0,MINIMO
2013-03-15,0,32.9,88.25,false,0.5496136787422626,0.0,MINIMO
2013-03-16,0,33.7,87.5,false,3.0485325697132537,0.7491150000000001,ALTO
2013-03-17,0,33.1,90,false,6.045174498037213,0.726408,ALTO
2013-03-18,3.4,30.6,87.5,false,11.809925832821747,0.7058700000000001,ALTO
2013-03-19,56.6,32.7,81.75,false,12.255812940051765,0.7678917000000002,ALTO
2013-03-20,30.8,33.2,88.5,false,0.0059081079074773,0.0,MINIMO
2013-03-21,0,34.2,79,false,0.004611372933924963,0.0,MINIMO
2013-03-22,0,33.2,84.25,false,0.23302031279410934,0.0,MINIMO
2013-03-23,0.1,30.1,88,true,1.1126008138654921,0.6961896000000002,MEDIO
2013-03-24,0,27.9,90,false,3.0681671082407833,0.655272,MEDIO
2013-03-25,24.6,33.4,85.25,false,7.406369329143868,0.7579062,ALTO
2013-03-26,5.3,34.7,85,false,0.32605485338833323,0.0,MINIMO
2013-03-27,0,34,81,false,0.8847769940582796,0.0,MINIMO
2013-03-28,0.1,33.8,87.75,false,2.970797247093172,0.7490574000000001,ALTO
2013-03-29,8.4,31.3,76.5,false,5.563182575451036,0.7765793999999999,ALTO
2013-03-30,36.6,32.7,88.5,false,2.668910535912515,0.7294734,ALTO
2013-03-31,33.4,33.5,79.5,false,0.042224711454159625,0.0,MINIMO
2013-04-01,1.6,33.5,80.25,false,0.007032594009384968,0.0,MINIMO
2013-04-02,0,34.3,81.5,true,0.19364094188045047,0.0,MINIMO
2013-04-03,0.1,34,80.75,false,0.9463435171979601,0.7926660000000002,ALTO
2013-04-04,2.4,32.9,84,false,2.7062132964325016,0.7579512,ALTO
2013-04-05,0.9,33,87,true,4.7915327517194575,0.7422120000000001,ALTO
2013-04-06,0.2,33,84.75,false,7.333334693427119,0.7550910000000001,ALTO
2013-04-07,12.4,33.1,88.75,false,8.301451260308369,0.7335765000000002,ALTO
2013-04-08,0,34.8,80.5,false,1.563661755946862,0.8058888000000001,ALTO
2013-04-09,2.1,33.4,86,false,4.440781392037663,0.7535808,ALTO
2013-04-10,0,33.3,86,false,5.9053005751505525,0.7521696,ALTO
2013-04-11,22.2,34.6,78.5,false,8.69588869485693,0.8147412,ALTO
2013-04-12,3.2,33.2,83.25,false,0.4904903618355402,0.0,MINIMO
2013-04-13,0,34.3,81.5,false,1.9226998115011336,0.7926714,ALTO
2013-04-14,2.2,33.3,83.75,false,5.258891957848951,0.7651214999999999,ALTO
2013-04-15,0,34,82.5,false,6.377144012297219,0.7824600000000002,ALTO
2013-04-16,6.9,32.1,85.25,false,11.127509216351802,0.7394553,ALTO
2013-04-17,6.1,32.7,88.5,false,5.909199359987623,0.7294734,ALTO
2013-04-18,23.2,32,87.5,false,4.460007065205551,0.7254,ALTO
2013-04-19,10.8,31.5,89.75,false,0.3796712053660317,0.0,MINIMO
2013-04-20,24.4,32.6,89.25,false,0.6023060044128268,0.0,MINIMO
2013-04-21,5.3,31,92.5,false,0.09758713089483813,0.0,MINIMO
2013-04-22,6.9,31.4,87.25,false,0.535293732605286,0.0,MINIMO
2013-04-23,10.1,33.7,80.5,false,0.980306844352995,0.7897122000000002,ALTO
2013-04-24,0,33.8,76.25,false,0.8124591444125329,0.0,MINIMO
2013-04-25,0,32.2,87.5,false,3.256035497161593,0.7281900000000001,ALTO
2013-04-26,0,32.4,85.5,false,6.43331752610459,0.7422984,ALTO
2013-04-27,1,33.1,80.5,false,8.955611778541094,0.7808886000000002,ALTO
2013-04-28,0,32.6,79.75,false,9.516816105426352,0.7777962,ALTO
2013-04-29,4.3,34.1,82.75,false,12.10901661822493,0.7824483000000002,ALTO
2013-04-30,0,32.7,87.75,false,7.760915857910056,0.7337421000000002,ALTO
2013-05-01,3.2,32.8,83.25,false,11.906927220929216,0.7607952,ALTO
2013-05-02,11.3,33.2,82.5,false,9.168285956076843,0.7708680000000001,ALTO
2013-05-03,0,33.1,80.75,false,2.583074484575101,0.7794549000000002,ALTO
2013-05-04,0,33.2,82.25,false,7.345371229586201,0.7723044000000001,ALTO
2013-05-05,0,33.8,78.5,false,11.704464499307354,0.8028036,ALTO
2013-05-06,0,33.4,81.5,false,14.951630391192102,0.7795332000000001,ALTO
2013-05-07,0,31.8,83,false,17.662086740253937,0.7477848,ALTO
2013-05-08,7.6,33,81.25,false,20.880596908079532,0.7751250000000001,ALTO
2013-05-09,0,30,93.5,false,7.551380167203652,0.6651,MEDIO
2013-05-10,12.4,33.2,82.25,false,13.033335572907399,0.7723044000000001,ALTO
2013-05-11,9.8,34.4,78,false,2.899708892790685,0.8146944000000002,ALTO
2013-05-12,0,34.8,75.25,false,2.0352737895363457,0.8369604,ALTO
2013-05-13,0,34.4,72.75,false,6.936035447762084,0.8455392000000002,ALTO
2013-05-14,0,33.8,73.75,false,11.9028795538165,0.8304030000000001,ALTO
2013-05-15,0,34,74.75,false,15.234465835526496,0.8276580000000001,ALTO
2013-05-16,0,35.4,71.25,false,19.09736467032636,0.8700570000000001,ALTO
2013-05-17,0,34.9,75.75,false,21.858292088286248,0.8355230999999999,ALTO
2013-05-18,0,31.3,85.5,true,23.440852890434105,0.7267158,ALTO
2013-05-19,0,32.4,80.75,false,26.49935386275905,0.7691796000000002,ALTO
2013-05-20,14,32.6,78.25,false,27.92885406120722,0.7863174,ALTO
2013-05-21,6.4,34.2,74.75,false,4.338290385690598,0.8307234000000001,ALTO
2013-05-22,0,33.1,80,false,4.869106013681548,0.7837560000000001,ALTO
2013-05-23,0,32.1,81.5,false,11.803550194449311,0.7605558000000001,ALTO
2013-05-24,0,32.2,82.75,false,17.307507210089312,0.7549686000000002,ALTO
2013-05-25,0,33.4,89.75,false,21.87337951439058,0.7319538000000001,ALTO
2013-05-26,0,33.4,81,false,28.428448460720308,0.7824168000000001,ALTO
2013-05-27,19.2,34.2,78.25,false,31.887380954286638,0.8102358000000002,ALTO
2013-05-28,0,34.5,82.25,false,2.201921416111456,0.7911765000000001,ALTO
2013-05-29,0,34.8,77.75,true,8.648106110059665,0.8221644,ALTO
2013-05-30,0,34.7,79.5,false,16.153881319217835,0.8103258000000001,ALTO
2013-05-31,0,33.2,88.75,false,20.818881724763234,0.7349580000000001,ALTO
2013-06-01,0,34.1,82,false,26.047722859542766,0.7868304000000002,ALTO
2013-06-02,0.1,34.8,81.5,true,32.28492329348464,0.7999704000000001,ALTO
2013-06-03,0,32.8,84.25,false,31.979988575201883,0.7550928,ALTO
2013-06-04,0,34.1,87.75,false,32.44967248404373,0.7532343000000001,ALTO
2013-06-05,0,30,96.25,false,34.48899715605042,0.65025,MEDIO
2013-06-06,5.3,32.8,87.5,false,35.42579935929268,0.73656,ALTO
2013-06-07,8.3,33.2,82,false,17.765179794870555,0.7737408000000001,ALTO
2013-06-08,0,34.8,79.75,false,8.31141898125718,0.8103276,ALTO
2013-06-09,0,33.4,76.5,false,17.456819073357956,0.8083692,ALTO
2013-06-10,0,33.6,70.75,false,24.494052920775296,0.8446824000000002,ALTO
2013-06-11,0,34.2,70,false,29.548422258446156,0.8585280000000002,ALTO
2013-06-12,0,35,70,false,37.22685279345071,0.8712000000000002,ALTO
2013-06-13,0,32.8,76.25,false,41.83320282415398,0.8007120000000001,ALTO
2013-06-14,0,34.2,72.75,false,42.23758017179773,0.8424306000000001,ALTO
2013-06-15,0,33.9,76.25,false,42.632648231439035,0.8173934999999999,ALTO
2013-06-16,0,33.9,76.75,false,42.92783071266062,0.8144828999999999,ALTO
2013-06-17,0,33.5,88.5,false,43.69529149372618,0.7405470000000001,ALTO
2013-06-18,0,33.2,78.75,false,46.748414941138506,0.7924140000000001,ALTO
2013-06-19,7.4,33.7,75.75,false,47.694703317053744,0.8172603000000002,ALTO
2013-06-20,0,33.7,75.75,false,17.836026101084034,0.8172603000000002,ALTO
2013-06-21,0,34.6,79,false,30.575234467863602,0.8117928000000002,ALTO
2013-06-22,0,34.2,76.25,false,39.52369439468917,0.8219430000000001,ALTO
2013-06-23,0,34,74,false,44.44268360758255,0.8320320000000002,ALTO
2013-06-24,0.1,33.2,77,false,48.21066924333016,0.8024688000000002,ALTO
2013-06-25,0,35.1,71,false,51.27331032169859,0.8668332000000002,ALTO
2013-06-26,0,35.3,77,false,51.63348262631426,0.8341452,ALTO
2013-06-27,0,34.1,73.75,false,53.8714336864415,0.8350335000000001,ALTO
2013-06-28,0,32.4,72.5,false,54.06139526926192,0.815868,ALTO
2013-06-29,0,33.5,80.25,false,55.315344650620666,0.7882155000000001,ALTO
2013-06-30,0,34.9,78.75,true,56.80193262052569,0.8177355,ALTO
2013-07-01,0,33,78,false,57.011348822046905,0.7937280000000001,ALTO
2013-07-02,0.5,32.8,73.5,false,57.659230702371445,0.8163936,ALTO
2013-07-03,0,34.5,71.25,false,53.77347684489733,0.8559225000000001,ALTO
2013-07-04,0,34.9,67.5,false,55.72898285742702,0.8844389999999999,ALTO
2013-07-05,0.3,35.1,79,false,58.298149400874884,0.8192268000000001,ALTO
2013-07-06,0,35,84,false,56.18390624588259,0.7880400000000001,ALTO
2013-07-07,0,35.6,72.5,true,58.495530532048136,0.8656920000000001,ALTO
2013-07-08,0,34.2,77.5,false,60.77328798964937,0.8146260000000001,ALTO
2013-07-09,0,34.6,74.25,false,60.99429591174721,0.8398026000000002,ALTO
2013-07-10,0,35.7,67,false,61.965659350808046,0.9003348000000002,ALTO
2013-07-11,0,35.2,67.75,false,63.86812113727749,0.8877816000000001,ALTO
2013-07-12,0,34.8,74.25,false,66.2066128638687,0.8428788,ALTO
2013-07-13,0,33.6,75.25,false,66.2728525910762,0.8186328000000002,ALTO
2013-07-14,0,35.4,80,true,66.31660711118965,0.8177040000000001,ALTO
2013-07-15,0,35.7,76.5,true,66.31660711118965,0.8431866000000001,ALTO
2013-07-16,0,35.6,71.75,false,66.49390904492745,0.8701956000000002,ALTO
2013-07-17,0,35.3,77.75,false,66.77443850216984,0.8296659,ALTO
2013-07-18,0,36.6,70.75,false,70.09842670145576,0.8919594000000002,ALTO
2013-07-19,0,35.2,76.75,false,71.85860366397526,0.8341272000000002,ALTO
2013-07-20,0,34.4,82.25,false,74.5015812622956,0.7897248,ALTO
2013-07-21,0,35,74.5,false,75.18940651019719,0.84447,ALTO
2013-07-22,0,34,83.25,false,75.35048413171145,0.778086,ALTO
2013-07-23,0,32.5,88.25,false,75.57914234087679,0.7281225000000001,ALTO
2013-07-24,9.4,33.9,84.75,false,76.89188545152852,0.7679132999999999,ALTO
2013-07-25,3.3,34.5,83.25,false,20.70365697563699,0.7852905000000001,ALTO
2013-07-26,0,35.1,79.75,false,25.186555749674906,0.8147637000000001,ALTO
2013-07-27,0,34.7,81.5,false,42.900365690749,0.7985106000000002,ALTO
2013-07-28,0.1,34.8,76.75,false,52.339971372933924,0.8280828000000001,ALTO
2013-07-29,0,35.2,74.25,false,60.199879470254075,0.8490312000000002,ALTO
2013-07-30,0,35.9,72.5,false,70.46036478958698,0.870363,ALTO
2013-07-31,0,35.7,74.5,false,73.19523697169559,0.8552178000000001,ALTO
2013-08-01,0,36,70.25,false,73.51727040820626,0.8855280000000003,ALTO
2013-08-02,0,36.3,73,false,73.67697610300108,0.8735508,ALTO
2013-08-03,0,37,68.5,false,73.8746952242381,0.9121140000000002,ALTO
2013-08-04,0,36.9,70.75,true,75.32411607694414,0.8966871000000001,ALTO
2013-08-05,0,35.4,74.75,false,75.8790291284942,0.8491158000000001,ALTO
2013-08-06,0,35.4,72,false,76.9472675442145,0.8655696000000002,ALTO
2013-08-07,0,35.7,73.75,false,77.76569146309178,0.8597295000000001,ALTO
2013-08-08,0,35.4,68.25,false,77.89566866859396,0.8880066000000002,ALTO
2013-08-09,0,36.7,67.75,true,81.18174041611904,0.9119061000000002,ALTO
2013-08-10,0,35.7,71.5,true,83.79474948019642,0.8732646000000002,ALTO
2013-08-11,0,35.6,77,false,83.98266010035493,0.8386704000000001,ALTO
2013-08-12,0,35.4,73,false,83.98266010035493,0.8595864000000002,ALTO
2013-08-13,0,36.1,73.25,false,84.14574460176726,0.8689329000000001,ALTO
2013-08-14,0,36.4,75,false,84.14574460176726,0.8629200000000001,ALTO
2013-08-15,0,35.9,76.5,false,84.55315164417168,0.8462141999999999,ALTO
2013-08-16,0,36,68.75,false,84.9149655245841,0.8946000000000002,ALTO
2013-08-17,7.6,36.7,68.75,true,86.3052430627424,0.9057825000000002,ALTO
2013-08-18,0,35.9,65.5,true,30.007590014837874,0.9126234,ALTO
2013-08-19,0,36.3,68,false,52.56919754222122,0.9039527999999999,ALTO
2013-08-20,0,36.4,73.25,false,66.40420283303396,0.8735796000000001,ALTO
2013-08-21,0,36.7,67.75,true,71.99454484885361,0.9119061000000002,ALTO
2013-08-22,0,37.5,60.5,true,78.23055891314416,0.969795,CRITICO
2013-08-23,0,38,61.75,false,84.40784522268906,0.9703980000000002,CRITICO
2013-08-24,0,37.8,62.75,true,86.0183245877385,0.9608094000000001,CRITICO
2013-08-25,0,37.2,64.5,true,86.58792313759086,0.9400248000000001,ALTO
2013-08-26,0,37.3,67.75,false,87.1490917441215,0.9215558999999999,ALTO
2013-08-27,0,36.2,70,false,87.1490917441215,0.8902080000000001,ALTO
2013-08-28,0,37.1,67.5,false,88.76836621004645,0.9198810000000001,ALTO
2013-08-29,0,36.9,63.75,true,88.76836621004645,0.9397035,ALTO
2013-08-30,0,38.3,64.75,false,88.96743021881147,0.9565280999999999,CRITICO
2013-08-31,0,37.1,62,true,89.67395320644546,0.9537984,CRITICO
2013-09-01,0,37.8,69.25,true,89.72149299857696,0.9202338000000002,ALTO
2013-09-02,0,37,65.5,false,92.49090821846353,0.9305820000000002,ALTO
2013-09-03,0,37.2,62,false,92.49090821846353,0.9554688000000001,CRITICO
2013-09-04,0,37.4,70.5,false,92.51865965343619,0.9061164000000002,ALTO
2013-09-05,0,34.6,76.25,true,92.66588133250409,0.8280090000000001,ALTO
2013-09-06,2,35.7,76.5,false,93.39243536613581,0.8431866000000001,ALTO
2013-09-07,2,34.3,80.75,false,70.58448422468015,0.7970697000000001,ALTO
2013-09-08,38.2,35.8,70.5,false,61.8981535794447,0.8808588000000002,ALTO
2013-09-09,0,37.2,66.25,false,0.3621670716095301,0.0,MINIMO
2013-09-10,0,35.4,68.75,false,5.687952548948573,0.885015,ALTO
2013-09-11,0,35.9,67.25,true,18.62212425926982,0.9020583000000001,ALTO
2013-09-12,0,36.9,66.25,false,28.398898243097776,0.9243405000000001,ALTO
2013-09-13,0,37.5,67.75,true,42.450994929296314,0.9247724999999999,ALTO
2013-09-14,0,37.6,63.5,true,62.19971079632295,0.9528192000000002,CRITICO
2013-09-15,0,37.5,66.25,true,62.19971079632295,0.9340875,ALTO
2013-09-16,0,37.2,62.25,true,62.19971079632295,0.9539244000000001,CRITICO
2013-09-17,0,37.9,61.25,true,63.40548362162162,0.9718515000000001,CRITICO
2013-09-18,0,37.4,62,false,64.42941929547617,0.9588096000000002,CRITICO
2013-09-19,0,36.6,66.5,true,69.85700382326189,0.9179388000000002,ALTO
2013-09-20,0,37.6,64.25,false,69.85700382326189,0.9481536000000003,ALTO
2013-09-21,0,37.8,63.25,true,69.85700382326189,0.9576882000000003,CRITICO
2013-09-22,0,37.8,66.25,false,70.41810125104269,0.9389610000000003,ALTO
2013-09-23,0,38.2,63.5,false,71.65624785743127,0.9627444000000002,CRITICO
2013-09-24,0,35.2,67.75,true,83.7620758996615,0.8877816000000001,ALTO
2013-09-25,0,36.8,70.75,true,84.89543732834213,0.8951112000000002,ALTO
2013-09-26,0,37.4,64.75,true,84.89543732834213,0.9417618000000001,ALTO
2013-09-27,0,37.4,66.75,false,84.90392729656628,0.9293634000000001,ALTO
2013-09-28,0,38.2,62.25,true,84.90392729656628,0.9706014000000002,CRITICO
2013-09-29,0,38.3,63,true,84.90392729656628,0.9675467999999999,CRITICO
2013-09-30,0,36.9,64.5,true,84.90392729656628,0.9350946,ALTO
2013-10-01,0,38.1,64.25,true,84.92260821539726,0.9563841000000002,CRITICO
2013-10-02,0,38.1,59.5,true,84.92260821539726,0.9861894000000001,CRITICO
2013-10-03,0,38.7,62.75,false,84.92260821539726,0.9757701,CRITICO
2013-10-04,0,38,67.75,true,84.93025159408351,0.9328140000000001,ALTO
2013-10-05,0,36.8,68.25,true,85.24592804523101,0.9104472000000002,ALTO
2013-10-06,0,34.5,88.25,false,85.74264846270869,0.7558605000000002,ALTO
2013-10-07,0,35.3,72.75,true,86.0863059132508,0.8595279,ALTO
2013-10-08,0,35.2,69,false,86.43134074652404,0.8803296000000002,ALTO
2013-10-09,0,36.5,71.5,false,93.29349183398418,0.8858069999999999,ALTO
2013-10-10,0,37.2,67.5,true,93.29349183398418,0.9214920000000001,ALTO
2013-10-11,0,38,64,true,93.29349183398418,0.9563040000000003,CRITICO
2013-10-12,0,37.4,62,true,93.29349183398418,0.9588096000000002,CRITICO
2013-10-13,0,37.9,62.25,true,93.29349183398418,0.9655983000000001,CRITICO
2013-10-14,0,38.7,62,true,93.29349183398418,0.9805248000000001,CRITICO
2013-10-15,0,38.3,61.5,false,93.29349183398418,0.9769914,CRITICO
2013-10-16,0,34.5,75.5,true,93.29349183398418,0.8309070000000001,ALTO
2013-10-17,25.2,32.5,81.5,false,94.00522352655567,0.766395,ALTO
2013-10-18,2.2,34.5,69.5,false,2.7746659183231994,0.8662230000000001,ALTO
2013-10-19,0,33.9,70.75,false,11.899904205862041,0.8494101,ALTO
2013-10-20,0,35.1,75.25,false,29.563200163743822,0.8415423000000002,ALTO
2013-10-21,0,33.4,78.5,false,40.630960510968265,0.7968348,ALTO
2013-10-22,0,35.1,77.75,true,53.43844069320255,0.8266653000000002,ALTO
2013-10-23,0,35.9,73.25,true,70.48643994816598,0.8658351000000001,ALTO
2013-10-24,0,34.9,74.25,false,72.12569423021395,0.8444168999999999,ALTO
2013-10-25,0,34.6,71,true,72.12569423021395,0.8589672000000003,ALTO
2013-10-26,0,35.5,73.25,true,72.12569423021395,0.8596395,ALTO
2013-10-27,0,35.3,79.5,true,72.12785803349774,0.8192141999999999,ALTO
2013-10-28,4.7,35.5,73.25,true,75.85626883397052,0.8596395,ALTO
2013-10-29,6.9,30.5,91.25,true,39.45813948762044,0.6840225000000001,MEDIO
2013-10-30,6.8,33.3,77.25,false,20.868489673310325,0.8025380999999999,ALTO
2013-10-31,1.2,34.3,76.25,false,15.038150669509776,0.8234595,ALTO
2013-11-01,0,35.1,72.75,true,26.37958327495873,0.8564193000000001,ALTO
2013-11-02,0,33.3,75.25,false,43.701846279046855,0.8140508999999999,ALTO
2013-11-03,0,31.3,83.5,false,54.94871799342383,0.7377966,ALTO
2013-11-04,0,32.2,84,false,63.7774927666343,0.7479216000000001,ALTO
2013-11-05,8.8,33,89.25,false,69.08933312282815,0.7293330000000001,ALTO
2013-11-06,12.4,33.8,81.75,false,20.43809068294306,0.7839198000000002,ALTO
2013-11-07,2.2,35.5,75.5,true,6.681886448546641,0.8461529999999999,ALTO
2013-11-08,0,35.3,74,false,15.974606219408829,0.8520624,ALTO
2013-11-09,0,34.9,78.25,false,29.92817517243895,0.8207000999999999,ALTO
2013-11-10,0,32.8,87,true,40.06088212770139,0.7394112,ALTO
2013-11-11,0,34.4,78.25,false,50.744353475101974,0.8132256000000001,ALTO
2013-11-12,0,35.6,72.5,true,58.72117240649018,0.8656920000000001,ALTO
2013-11-13,0,32.5,84.75,true,61.16654257987253,0.7479675,ALTO
2013-11-14,0,32.2,89.25,false,62.878252088353975,0.7183242000000002,ALTO
2013-11-15,11.6,31.2,85.5,false,64.6120128000269,0.7252992000000001,ALTO
2013-11-16,1.9,34.5,75.5,false,13.053813981100863,0.8309070000000001,ALTO
2013-11-17,0,35,74.75,false,24.29523766213261,0.8429850000000001,ALTO
2013-11-18,0,35.3,73.75,false,39.64957979456647,0.8535555,ALTO
2013-11-19,0,33.5,84,true,47.13804149858478,0.7665480000000001,ALTO
2013-11-20,0,33.2,85.5,false,53.95122243740905,0.7536312000000002,ALTO
2013-11-21,8.4,34.4,86.5,false,63.96143669792123,0.7647552000000001,ALTO
2013-11-22,0,30.3,92.25,false,21.27346135611811,0.6758811,MEDIO
2013-11-23,16.1,30.4,92,false,38.72829036504811,0.6785856,MEDIO
2013-11-24,10.2,34.9,83.25,false,5.230832013155294,0.7910540999999999,ALTO
2013-11-25,0.2,34.8,84,false,4.21045345178871,0.7851744,ALTO
2013-11-26,0,29.6,84.5,true,15.087104165527448,0.7079904000000001,ALTO
2013-11-27,0,33.4,82.5,false,26.646034762913956,0.7737660000000001,ALTO
2013-11-28,0,31.7,87.75,false,35.19979821846056,0.7198191000000002,ALTO
2013-11-29,20.5,34.3,82.5,false,46.51804724801453,0.786807,ALTO
2013-11-30,0,35,72.75,false,2.9666707075291163,0.8548650000000001,ALTO
2013-12-01,0,34.1,81.5,false,13.10823095609372,0.7897518000000001,ALTO
2013-12-02,0,34.5,75,false,24.84459813794003,0.8338500000000002,ALTO
2013-12-03,0.3,34.8,78.75,false,30.497366943258882,0.816246,ALTO
2013-12-04,0,34.5,76,true,37.071198603497415,0.8279640000000001,ALTO
2013-12-06,0,33.6,83.5,false,47.429308014060766,0.7708752000000001,ALTO
2013-12-07,13,34.1,78,false,48.75658914005132,0.8102016000000002,ALTO
2013-12-08,0,34.2,79,false,8.405114168386206,0.8058456000000002,ALTO
2013-12-09,0,35.3,73.25,false,21.278567599568284,0.8565417,ALTO
2013-12-10,0,32.3,85.5,true,33.61930145684967,0.7408817999999999,ALTO
2013-12-11,120,33,77.75,false,41.55011753913579,0.7951590000000001,ALTO
2013-12-12,0,33.8,69.75,false,2.394587322592981E-6,0.0,MINIMO
2013-12-13,0,33.4,72.25,false,0.012127257792018111,0.0,MINIMO
2013-12-14,0,33.8,76.25,true,0.4438362238311997,0.0,MINIMO
2013-12-15,0,33.3,78.5,true,1.4744725758589772,0.7953425999999999,ALTO
2013-12-16,0,32.7,80.25,false,5.313763547245738,0.7764291000000001,ALTO
2013-12-17,0,33.4,77.75,true,18.152718882081782,0.8011602000000001,ALTO
2013-12-18,0,28.7,90,false,19.179084765706136,0.666216,MEDIO
2013-12-19,0,31.4,90.25,false,19.221325199631035,0.7017642000000001,ALTO
2013-12-20,6.3,30.1,83,false,19.244404634762137,0.7232436000000002,ALTO
2013-12-21,6.6,26.8,94.5,false,7.966301641471884,0.6174792,MEDIO
2013-12-22,61.1,32.3,89.75,false,6.247743447517989,0.7168761,ALTO
2013-12-23,3.2,32.6,85,false,0.0024738499692383486,0.0,MINIMO
2013-12-24,7,34.4,81.75,false,0.1477875292546019,0.0,MINIMO
2013-12-25,3.6,33,83.75,false,0.5097781490116606,0.0,MINIMO
2013-12-26,0,33.1,81.75,false,1.1836706732249425,0.7737201000000001,ALTO
2013-12-27,0,34,77.5,false,6.171984049453202,0.81162,ALTO
2013-12-28,0,33.5,81.25,true,14.027509279398187,0.7824375000000001,ALTO
2013-12-29,0,33.4,85.25,false,16.179101040343735,0.7579062,ALTO
2013-12-30,0,34.2,75.75,false,18.11282679792358,0.8248698000000001,ALTO
2013-12-31,0,35.5,74.25,false,19.945835010917726,0.8536455,ALTO
2014-01-01,0,35.1,74.25,false,20.235132981410835,0.8474931000000001,ALTO
2014-01-02,0.1,32.9,81.5,true,22.86529708796124,0.7722342000000001,ALTO
2014-01-03,0,33.4,81.75,false,22.692179510160184,0.7780914000000001,ALTO
2014-01-04,0,33.1,75.25,true,23.187662540072292,0.8109963000000001,ALTO
2014-01-05,5.1,34.3,72.75,false,24.0232076889688,0.8439849,ALTO
2014-01-06,0,33.3,80.5,false,12.214458221160388,0.7838298,ALTO
2014-01-07,4.6,32.4,82.25,false,23.21550443691745,0.7606908,ALTO
2014-01-08,0,32.4,82.75,false,14.82863857962817,0.7578612000000001,ALTO
2014-01-09,0.1,31.7,86.25,true,22.14386205930346,0.7281945000000002,ALTO
2014-01-10,0,32.8,85.75,false,26.761394630997202,0.7465392000000001,ALTO
2014-01-11,0,26.2,94,false,37.749051522874545,0.6120576,MEDIO
2014-01-12,18.9,33.1,86.25,false,39.6448221304567,0.7479135000000001,ALTO
2014-01-13,0,33.1,83,false,2.948098393590092,0.7665516000000001,ALTO
2014-01-14,1.9,26.9,96,false,11.080206852660158,0.6112008,MEDIO
2014-01-15,61.3,32.8,87.5,false,14.98665817282884,0.73656,ALTO
2014-01-16,0,33.3,83,false,0.00396186799177961,0.0,MINIMO
2014-01-17,0,33.5,81,false,0.37359623517143536,0.0,MINIMO
2014-01-18,0,34.2,80.5,false,2.9232042196887784,0.7970652000000001,ALTO
2014-01-19,0,31.1,93.25,false,5.499627431174479,0.6811119000000001,MEDIO
2014-01-20,1.6,28.5,95.5,false,10.480122315567087,0.6346710000000001,MEDIO
2014-01-21,13.8,34.3,78.25,false,15.991868113870954,0.8117306999999999,ALTO
2014-01-22,0,33.7,80.25,false,2.9525829105177945,0.7911621000000001,ALTO
2014-01-23,1.5,31.3,88.5,false,8.66489972044822,0.7100946,ALTO
2014-01-24,0.6,31.5,82.75,false,11.127064124885042,0.7448445000000001,ALTO
2014-01-25,3.7,31.5,75.5,false,13.544497146068581,0.785169,ALTO
2014-01-26,0,32.7,90,false,11.608996410516616,0.7209360000000001,ALTO
2014-01-27,0,30.5,86.75,false,17.846017072911657,0.7085655000000001,ALTO
2014-01-28,27.9,34.1,81,false,21.994454428640083,0.7926732000000002,ALTO
2014-01-29,0,30.5,87.5,false,0.4699449824051072,0.0,MINIMO
2014-01-30,9.2,33.6,76.75,false,3.564416444044797,0.8099496000000002,ALTO
2014-01-31,0,28.9,86.75,false,3.021521009583954,0.6861159000000001,MEDIO
2014-02-01,0,37,88.75,false,7.817465132524174,0.7874550000000002,ALTO
2014-02-02,0,31,88,false,13.62028669633785,0.708696,ALTO
2014-02-03,0.2,30.4,95.75,false,19.803532881794965,0.6581736,MEDIO
2014-02-04,4.8,33.2,76.5,false,21.13774595596104,0.8053416000000001,ALTO
2014-02-05,5.8,29.7,92,false,12.325870548312736,0.6691608,MEDIO
2014-02-06,0,33.4,81.5,true,8.278156926134281,0.7795332000000001,ALTO
2014-02-07,10.8,33.1,87.5,false,14.519322523653269,0.7407450000000001,ALTO
2014-02-08,4.3,33.7,80,false,4.260047669139505,0.7926120000000002,ALTO
2014-02-09,6.4,32.7,81.25,false,5.550457463167797,0.7707375000000001,ALTO
2014-02-10,0,33.1,86.5,false,5.485346972494363,0.7464798000000001,ALTO
2014-02-11,0,30.6,83.25,false,11.53147611753791,0.7290954000000001,ALTO
2014-02-12,7.4,30,84.5,false,16.875795057335722,0.7137,ALTO
2014-02-13,37.8,31,79.75,false,8.30186634324837,0.7541370000000001,ALTO
2014-02-14,0,33.7,85.75,false,0.07836956332944552,0.0,MINIMO
2014-02-15,34,30.2,89,false,1.7474548365015143,0.6921576,MEDIO
2014-02-16,66.4,31.1,87.5,false,0.05161052523656007,0.0,MINIMO
2014-02-17,44,30.7,90.75,false,8.056150324038254E-5,0.0,MINIMO
2014-02-18,0.6,29.7,93,false,7.909272577233998E-5,0.0,MINIMO
2014-02-19,15.8,30.9,88,false,0.024156793119576435,0.0,MINIMO
2014-02-20,4.8,33,81.5,false,0.029381511886512897,0.0,MINIMO
2014-02-21,0.6,32.3,87,false,0.21937566578648188,0.0,MINIMO
2014-02-22,0,34.8,74,false,1.38020266924473,0.8443584000000002,ALTO
2014-02-23,0,33.6,83.75,false,3.2708842138871073,0.7694280000000001,ALTO
2014-02-24,0,32.3,88,false,4.552699483711685,0.7267608,ALTO
2014-02-25,0,32.5,83.5,false,5.816974901030653,0.7550550000000001,ALTO
2014-02-26,9.6,32.6,87.75,false,6.57175125439254,0.7323498000000002,ALTO
2014-02-27,0,33.2,83.5,false,1.975596444858033,0.7651224000000001,ALTO
2014-02-28,25.8,33.3,86.75,false,4.6232612306954515,0.7478523,ALTO
2014-03-01,21.8,31,83.25,false,0.19600999035679362,0.0,MINIMO
2014-03-02,20.4,33.1,86.5,false,0.06530088761961263,0.0,MINIMO
2014-03-03,3,31.3,92.25,false,0.047684463361217046,0.0,MINIMO
2014-03-04,30.4,32.3,87.75,false,0.4675496887325272,0.0,MINIMO
2014-03-05,44.8,27.7,94.25,false,0.028950736066600247,0.0,MINIMO
2014-03-06,19.4,29.3,88,false,9.944113043291673E-4,0.0,MINIMO
2014-03-07,6.5,33.2,86.75,false,0.00643953047042782,0.0,MINIMO
2014-03-08,0,31.3,82.5,false,0.06911941280347783,0.0,MINIMO
2014-03-09,0,32.4,86.25,false,0.4381562706889741,0.0,MINIMO
2014-03-10,0,31.7,91,false,1.4013279883932404,0.7016724000000001,ALTO
2014-03-11,3.6,32.7,84.25,false,3.018380261206227,0.7536627,ALTO
2014-03-12,0,33.5,82.5,false,2.591198085836026,0.7752150000000001,ALTO
2014-03-13,0,32.6,84.25,false,3.705878527813681,0.7522326,ALTO
2014-03-14,8.4,32.2,87.25,false,4.398309885310571,0.7295994000000001,ALTO
2014-03-15,0,33.5,84.25,false,1.51712993629757,0.7651035,ALTO
2014-03-16,0.1,34.1,77.5,false,3.71032825134721,0.813123,ALTO
2014-03-17,1.4,33.3,82.5,false,5.9330614832916435,0.772317,ALTO
2014-03-18,0,32.6,84.5,false,6.293204183553302,0.7508124000000002,ALTO
2014-03-19,1.6,33.4,87,false,8.75189589100978,0.7478136000000001,ALTO
2014-03-20,0,35.1,78.5,false,9.794983336378358,0.8222022000000001,ALTO
2014-03-21,7.6,34,86.5,false,13.345247782932644,0.7591320000000001,ALTO
2014-03-22,0,33.9,80,false,5.529737522696077,0.7955639999999999,ALTO
2014-03-23,0.8,33.4,81.25,false,10.441104273216826,0.7809750000000001,ALTO
2014-03-24,1.6,34.4,82.25,false,11.940193933360172,0.7897248,ALTO
2014-03-25,2.2,34,84.25,false,11.422445808387314,0.7722540000000001,ALTO
2014-03-26,0.8,33.1,81.5,false,10.46880989327387,0.7751538000000001,ALTO
2014-03-27,0.4,32.7,81.5,false,12.690330812704138,0.7693146000000002,ALTO
2014-03-28,0,31,87.75,false,13.924367322865802,0.7100730000000001,ALTO
2014-03-29,0,34.1,80.5,false,15.655782697226117,0.7955946000000002,ALTO
2014-03-30,1,33.7,88,false,17.699570082447245,0.7462152000000001,ALTO
2014-03-31,0,34.7,76.75,false,17.004709756007685,0.8265717000000001,ALTO
2014-04-01,5.1,31.7,87.5,false,19.764558324561396,0.721215,ALTO
2014-04-02,0.1,33.2,84.5,false,10.488614653575265,0.7593768000000002,ALTO
2014-04-03,0.1,32.2,81.5,false,15.043114078148097,0.7620156000000001,ALTO
2014-04-04,0,34.5,84.5,false,18.86918843341575,0.7779330000000001,ALTO
2014-04-05,0,33.4,86.5,false,22.258642277351406,0.7506972000000001,ALTO
2014-04-06,23,33.7,86.25,false,25.40282403075852,0.7563645000000002,ALTO
2014-04-07,0,33.2,89.5,false,1.1013760473561005,0.7306488000000001,ALTO
2014-04-08,0,33.1,85.25,false,5.546351643985512,0.7536483,ALTO
2014-04-09,17.6,32.3,87.75,false,11.260942810510727,0.7281729,ALTO
2014-04-10,1.7,31.3,90.25,false,1.2244237806114855,0.7003989,ALTO
2014-04-11,3.6,31.8,86.25,false,4.605588006011049,0.7296030000000001,ALTO
2014-04-12,0.1,33.7,86,false,6.767084540032683,0.7578144000000001,ALTO
2014-04-13,1.1,32.6,86,false,10.836719815335066,0.7422912000000002,ALTO
2014-04-14,3.8,31.9,93.75,false,12.953167465360156,0.6889725000000001,MEDIO
2014-04-15,0.2,33.3,89,false,10.812580855090928,0.7349003999999999,ALTO
2014-04-16,4,33.4,89.25,false,15.245743512470618,0.7348374000000001,ALTO
2014-04-17,0,32.5,92.5,false,11.51327077128306,0.704025,ALTO
2014-04-18,2.1,34.6,89,false,17.223941267904358,0.7528248000000001,ALTO
2014-04-19,14.3,33.1,86.75,false,15.973008838657254,0.7450461000000002,ALTO
2014-04-20,1.8,33.8,88.25,false,2.81823372525922,0.7461522000000002,ALTO
2014-06-12,0,34.9,67.75,true,6.88682626793983,0.8829566999999998,ALTO
2015-04-06,2.7,31.9,75.5,false,14.828045445947721,0.7912674,ALTO
2015-04-07,0.5,32.7,74.25,false,12.694392368378445,0.8105787000000001,ALTO
2015-04-08,0.2,32.7,76.25,false,17.338168625198616,0.7991955000000002,ALTO
2015-04-09,0,32.1,78.5,false,24.21592198678283,0.7774362,ALTO
2015-04-10,10.8,31.6,80.75,false,26.335566135430998,0.7574364000000001,ALTO
2015-04-11,2.7,31.8,76.5,false,6.172601278719093,0.7841484,ALTO
2015-04-12,0,32,80,false,9.41326956951753,0.7675200000000001,ALTO
2015-04-13,0.1,31.7,81.75,false,16.10436495008501,0.7533207000000002,ALTO
2015-04-14,3.8,31.1,82.75,false,20.649484391434648,0.7390593000000002,ALTO
2015-04-15,2.4,32.3,76,false,14.391681271235093,0.7945416,ALTO
2015-04-16,2.7,33.3,75.75,false,16.139187973703514,0.8111727,ALTO
2015-04-17,0,32.9,75,false,15.209501787670751,0.8093700000000001,ALTO
2015-04-18,0,32.3,76.5,false,21.36855289026069,0.7917173999999999,ALTO
2015-04-19,0,32.5,76.25,false,27.340807057591075,0.7961625000000001,ALTO
2015-04-20,0,32.9,75,false,30.84548388460716,0.8093700000000001,ALTO
2015-04-21,0,32.9,76.5,true,35.01688417457961,0.8008002,ALTO
2015-04-22,2.3,33,72.25,false,36.68068602399169,0.8266410000000001,ALTO
2015-04-23,0,33.1,77.5,false,26.722084281075638,0.798093,ALTO
2015-04-24,0,32.4,80,false,32.59146193245839,0.7734240000000001,ALTO
2015-04-25,8.1,31.8,81,false,35.5013367306697,0.7589736,ALTO
2015-04-26,0,33.4,73.75,false,12.35141152613975,0.8242290000000001,ALTO
2015-04-27,1.6,33,73.5,false,22.9518914712302,0.819486,ALTO
2015-04-28,0,33.5,70.5,false,24.245240986804696,0.844551,ALTO
2015-04-29,0,32.7,71.75,false,30.020796259605195,0.8248077000000001,ALTO
2015-04-30,0,32.3,77,true,36.21597609831221,0.7888932,ALTO
2015-05-01,0,32.4,79.75,false,41.08735254409633,0.7748388,ALTO
2015-05-02,4.8,27.7,87,false,43.05250210787653,0.6679908,MEDIO
2015-05-03,20.2,30.1,82.75,false,22.874445036264103,0.7245963000000003,ALTO
2015-05-04,9.1,31.9,80,false,1.947994438345565,0.7660440000000001,ALTO
2015-05-05,1.7,31.5,80.25,false,2.632306215991532,0.7587495000000001,ALTO
2015-05-06,0,32,82,false,7.753624024702148,0.7562880000000001,ALTO
2015-05-07,2.4,31.8,80.75,false,14.828342009822276,0.7603722000000002,ALTO
2015-05-08,0,31.9,83,false,15.936153772230213,0.7492284,ALTO
2015-05-09,5.5,32.5,77.75,false,25.780292672887615,0.7876575000000001,ALTO
2015-05-10,9,32.3,77.75,false,14.339247384650635,0.7846569,ALTO
2015-05-11,0,33.1,75.75,true,6.575827003521939,0.8081289000000001,ALTO
2015-05-12,0,33.9,84,false,15.039504163976376,0.7722791999999999,ALTO
2015-05-13,0,34.1,69.75,true,22.091885080334624,0.8584047000000001,ALTO
2015-05-14,0,34.1,69,false,26.83079647968933,0.8627868000000001,ALTO
2015-05-15,0,34.3,67,false,32.243947466059836,0.8777052,ALTO
2015-05-16,0,34.7,67,true,35.97234145163076,0.8841708000000001,ALTO
2015-05-17,0,34.6,68.5,false,36.20330272464758,0.8737092000000001,ALTO
2015-05-18,0,35.1,68.5,false,37.4261759064281,0.8817102000000001,ALTO
2015-05-19,0,34.5,70.25,true,41.130516921600105,0.8618085000000001,ALTO
2015-05-20,0,32.3,80.25,false,43.524776478078806,0.7705358999999999,ALTO
2015-05-21,0,33.3,72.5,false,45.93100366505031,0.8298809999999999,ALTO
2015-05-22,4,34.7,67.5,false,45.93100366505031,0.8812170000000001,ALTO
2015-05-23,0,34.6,68.5,false,26.81336212875542,0.8737092000000001,ALTO
2015-05-24,0,35.3,68,false,36.216338259884004,0.8878967999999999,ALTO
2015-05-25,0,34.3,74.25,false,42.04625619187652,0.8351883,ALTO
2015-05-26,0,31.8,73,true,46.273541976293245,0.8037288000000001,ALTO
2015-05-27,0.2,33.1,76.5,false,48.16681748989268,0.8038278000000001,ALTO
2015-05-28,0.1,33.1,74.5,false,49.336804798501724,0.8152974000000001,ALTO
2015-05-29,0,34.3,70.5,false,50.852554140804955,0.8571797999999999,ALTO
2015-05-30,0,34.6,67.75,false,51.529803558604556,0.8781318,ALTO
2015-05-31,0,33.9,68.25,true,53.27037444832439,0.8639630999999999,ALTO
2015-06-01,0,33.2,75.25,false,55.972491686181755,0.8125236000000001,ALTO
2015-06-02,0,33.1,69.5,false,59.07692156877124,0.8439714,ALTO
2015-06-03,0,33.5,74,false,62.48711341714276,0.8243280000000002,ALTO
2015-06-04,0,33.1,68.75,false,64.60555192179619,0.8482725000000001,ALTO
2015-06-05,0,34.3,70.25,false,65.04376494403036,0.8586459,ALTO
2015-06-06,0,33.8,68.5,false,65.26267956485044,0.8609076,ALTO
2015-06-07,1.9,32,73.5,false,66.72637821022961,0.8040240000000001,ALTO
2015-06-08,0,30.8,80,false,51.19594604783946,0.749808,ALTO
2015-06-09,0,33.7,79.75,false,59.139576306778714,0.7940619000000001,ALTO
2015-06-10,0,35.4,74.25,false,64.44552866388719,0.8521074000000001,ALTO
2015-06-11,0,35.3,76.5,false,66.30334511601117,0.8371314,ALTO
2015-06-12,0,34.5,73.75,true,67.62923433606896,0.8412075000000001,ALTO
2015-06-13,0,33.7,75,true,70.2387638452234,0.8216100000000002,ALTO
2015-06-14,0,34.1,78.5,false,71.590354425029,0.8072802,ALTO
2015-06-15,0,36.2,73.75,false,72.90595698569095,0.8674470000000001,ALTO
2015-06-16,0,34.5,77.5,true,73.25894453663336,0.8191350000000001,ALTO
2015-06-17,0,34.5,74.75,false,74.83684546705655,0.8353215000000002,ALTO
2015-06-18,0,35.4,75.25,true,77.51491350409819,0.8461242000000001,ALTO
2015-06-19,0,33.7,75.5,false,78.5747460046716,0.8187102,ALTO
2015-06-20,0,34.3,72.75,false,79.47959723404665,0.8439849,ALTO
2015-06-21,0,33.9,71.75,true,79.47959723404665,0.8435888999999999,ALTO
2015-06-22,0,34.2,73.5,true,80.30246759305943,0.8380404000000001,ALTO
2015-06-23,0,35,70,false,81.34345293013206,0.8712000000000002,ALTO
2015-06-24,0,33.8,76.5,true,81.5902973729868,0.8144244,ALTO
2015-06-25,0,34.9,63.25,false,82.34274475213635,0.9096381,ALTO
2015-06-26,0,35.3,66.5,false,82.34521507153352,0.8968554,ALTO
2015-06-27,0,35.3,73.5,false,83.02405210024472,0.8550485999999999,ALTO
2015-06-28,0,33.9,77,true,83.13537890235826,0.8130276,ALTO
2015-06-29,0,35,78.5,false,83.14618720413995,0.82071,ALTO
2015-06-30,0,34.9,75.75,true,83.32764360786226,0.8355230999999999,ALTO
2015-07-01,0,35.3,69.25,false,83.32764360786226,0.8804313,ALTO
2015-07-02,0,34.9,82.5,true,83.87523106467698,0.7955009999999999,ALTO
2015-07-03,0,34.5,72,false,85.9546945735525,0.8515080000000002,ALTO
2015-07-04,0.1,33.3,79.75,false,87.25024334713196,0.7881471,ALTO
2015-07-05,0,32.1,90.25,false,86.18363842144292,0.7113213000000002,ALTO
2015-07-06,1.9,33.9,76,false,86.90802279462682,0.8188487999999999,ALTO
2015-07-07,3.9,33.2,77.25,false,67.05548091982382,0.8010324000000001,ALTO
2015-07-08,0,34.5,70.25,false,44.65294890995954,0.8618085000000001,ALTO
2015-07-09,0,34.6,73.5,false,62.55088278967941,0.8442252000000001,ALTO
2015-07-10,0,34.3,72.25,false,72.6388825049921,0.8469171,ALTO
2015-07-11,0,35.3,68.25,false,77.0388892967227,0.8864037,ALTO
2015-07-12,0,34.9,69,false,81.63926624060184,0.8755451999999999,ALTO
2015-07-13,0,35.3,76,true,84.94808881976144,0.8401176,ALTO
2015-07-14,0,36.2,70.25,true,85.04498486126579,0.8886906000000001,ALTO
2015-07-15,0,35.6,67,true,85.42769538546302,0.8987184000000001,ALTO
2015-07-16,0,36.4,64,true,85.50290484471077,0.9299232000000002,ALTO
2015-07-17,0,36.3,65.25,true,85.83444219745401,0.9206738999999999,ALTO
2015-07-18,0,36.6,63.75,true,86.50656873240237,0.9347490000000002,ALTO
2015-07-19,0,35.9,72.5,true,86.50656873240237,0.870363,ALTO
2015-07-20,0,36.1,70.75,true,87.9457678575878,0.8840799,ALTO
2015-07-21,0,36.1,73.75,true,87.9457678575878,0.8659035,ALTO
2015-07-22,0,35.9,70.5,false,89.03329048246553,0.8824374,ALTO
2015-07-23,0,35.9,71.75,false,91.55412707885937,0.8748909,ALTO
2015-07-24,0,36.7,74.5,true,91.66314134070441,0.8705718000000001,ALTO
2015-07-25,0,35.5,75,false,92.11799873362682,0.84915,ALTO
2015-07-26,0,35.7,73.25,false,92.12444721923254,0.8627373000000002,ALTO
2015-07-27,0,36.3,73.25,false,92.25812456035135,0.8720306999999999,ALTO
2015-07-28,0,36.1,66,false,92.51310870038726,0.9128592000000001,ALTO
2015-07-29,0,37.4,63.25,false,92.5260614422761,0.9510606000000003,CRITICO
2015-07-30,0,36.6,61.5,true,92.78549745523443,0.9485028000000002,ALTO
2015-07-31,0,37.8,55.25,true,92.78549745523443,1.0076274000000003,CRITICO
2015-08-01,0,35.9,63.25,true,93.05589649261474,0.9262071000000001,ALTO
2015-08-02,0,37,65.25,true,94.5633849775998,0.9321210000000003,ALTO
2015-08-03,0,36.6,73,true,94.94144661506236,0.8782056000000003,ALTO
2015-08-04,0,36.4,68.75,true,95.00887897781512,0.9009900000000001,ALTO
2015-08-05,0,36.1,67.25,true,95.1886155566471,0.9052857000000001,ALTO
2015-08-06,0,36.3,69,true,95.65331473848077,0.8978723999999999,ALTO
2015-08-07,0,36.7,67,true,96.59918942691311,0.9164988000000002,ALTO
2015-08-08,0,36.7,70,true,96.75870965746658,0.8981280000000003,ALTO
2015-08-09,0,37.7,62,true,97.75656425919448,0.9638208000000003,CRITICO
2015-08-10,0,36.8,68.75,true,97.94149887380476,0.9073800000000001,ALTO
2015-08-11,0,36.7,65.5,true,97.94149887380476,0.9256842000000002,ALTO
2015-08-12,0,36.2,62.25,true,97.94835501868819,0.9372474000000002,ALTO
2015-08-13,0,37.6,59.5,true,98.20924447218195,0.9777024000000002,CRITICO
2015-08-14,0,37.3,60,true,98.37437467342565,0.9695159999999999,CRITICO
2015-08-15,0,39.1,55,true,98.5604780538546,1.031886,CRITICO
2015-08-16,0,37.6,66,true,98.5604780538546,0.9372672000000002,ALTO
2015-08-17,0,38.9,60.25,true,98.5604780538546,0.9949977000000001,CRITICO
2015-08-18,0,38.6,60,true,98.5604780538546,0.9915120000000003,CRITICO
2015-08-19,0,36.9,64,true,98.5604780538546,0.9381672000000001,ALTO
2015-08-20,0,37.3,62.5,true,98.5604780538546,0.9540449999999999,CRITICO
2015-08-21,0,33.8,71,true,98.83782248361483,0.8463816000000002,ALTO
2015-08-22,0,37.6,70.25,true,98.83782248361483,0.9108288000000002,ALTO
2015-08-23,0,36.4,68,false,98.83782248361483,0.9055584000000001,ALTO
2015-08-24,0,37.1,72.25,true,99.39982470775706,0.8905887000000001,ALTO
2015-08-25,0,37.5,68.25,false,99.39982470775706,0.9216675,ALTO
2015-08-26,0,38.5,69.75,true,99.51718573029773,0.9282195,ALTO
2015-08-27,0,35.5,69.25,true,99.52017129065281,0.8836155,ALTO
2015-08-28,0,36.3,64.5,true,99.52017129065281,0.9252341999999999,ALTO
2015-08-29,0.1,36.7,65.25,true,99.52017129065281,0.9272151000000003,ALTO
2015-08-30,0,37.3,65.25,true,98.13659651433211,0.9370269,ALTO
2015-08-31,0,36.1,78.75,true,99.15857636916088,0.8356095,ALTO
2015-09-01,0,37.6,61.75,true,100.87280332628048,0.9637056000000002,CRITICO
2015-09-02,0,36.2,72.25,true,101.61898217835795,0.8765514000000001,ALTO
2015-09-03,0,36.6,72,false,101.85195630110532,0.8843184000000003,ALTO
2015-09-04,0,36.6,69,true,101.95385920036415,0.9026568000000001,ALTO
2015-09-05,0,35.9,70.5,true,102.31950813737355,0.8824374,ALTO
2015-09-06,0,36.7,67.25,true,102.77790008148598,0.9149679000000003,ALTO
2015-09-07,0,36.7,67,true,103.17435768798458,0.9164988000000002,ALTO
2015-09-08,0,36.9,70.25,false,103.82640794306761,0.8997597,ALTO
2015-09-09,0,38.2,67.5,true,103.84717530132282,0.937602,ALTO
2015-09-10,0,36.7,63.25,true,103.84717530132282,0.9394623000000003,ALTO
2015-09-11,0,39.6,61.5,true,103.84717530132282,0.9987768000000002,CRITICO
2015-09-12,0,33.9,73,true,103.84717530132282,0.8363124,ALTO
2015-09-13,0,37.8,74,true,103.84717530132282,0.8905824000000003,ALTO
2015-09-14,0,38.5,70.5,true,103.88872248032517,0.923481,ALTO
2015-09-15,0,38.6,61,true,103.88872248032517,0.9851832000000003,CRITICO
2015-09-16,0,38.6,59.5,true,103.88872248032517,0.9946764000000002,CRITICO
2015-09-17,0,38.8,58,true,103.88872248032517,1.0075968,CRITICO
2015-09-18,0,38.8,62,true,103.88872248032517,0.9821952,CRITICO
2015-09-19,0,38.3,62,true,103.88872248032517,0.9738431999999999,CRITICO
2015-09-20,0,36.9,63,true,104.18001852742263,0.9443124,ALTO
2015-09-21,0,37.3,63,true,104.18001852742263,0.9509507999999999,CRITICO
2015-09-22,0,37.6,65,true,104.18001852742263,0.9434880000000002,ALTO
2015-09-23,0,36.9,69.25,true,104.18001852742263,0.9059049,ALTO
2015-09-24,0,38.4,53.25,true,104.18001852742263,1.0307016000000002,CRITICO
2015-09-25,0,38.4,55.5,true,104.1946047510283,1.0165104000000003,CRITICO
2015-09-26,0,38,60,true,104.2018986286436,0.9813600000000003,CRITICO
2015-09-27,0.2,36.9,59.75,true,104.2018986286436,0.9642843,CRITICO
2015-09-28,1,38,58,true,101.32471402509586,0.9938880000000002,CRITICO
2015-09-29,0,36.5,67.75,true,89.347239891761,0.9086894999999999,ALTO
2015-09-30,0,36.7,65,true,96.40232794746281,0.9287460000000002,ALTO
2015-10-01,0,38.7,56,true,99.5370911579202,1.0185624,CRITICO
2015-10-02,0,38.8,66.25,true,100.73873167526773,0.9552060000000001,CRITICO
2015-10-03,0,39.2,56.75,true,101.95793743629635,1.0224432,CRITICO
2015-10-04,0,39.1,55.25,true,102.98263174308826,1.0302903,CRITICO
2015-10-05,0,36.7,60.75,true,103.0413485758894,0.9547713000000002,CRITICO
2015-10-06,0,38.1,61.5,true,103.29927422004808,0.9736398,CRITICO
2015-10-07,0,36.4,70,true,103.29927422004808,0.8933760000000002,ALTO
2015-10-08,0,37.6,66.75,true,103.34060219478,0.9326016000000001,ALTO
2015-10-09,0,38.2,61.25,true,103.54749021823035,0.9768870000000002,CRITICO
2015-10-10,0,39.4,62,true,103.54749021823035,0.9922176000000001,CRITICO
2015-10-11,0,38.4,63,true,103.54749021823035,0.9692064000000001,CRITICO
2015-10-12,0,39.3,55,true,103.54749021823035,1.035378,CRITICO
2015-10-13,0,39,62.75,true,103.63036135443963,0.9807570000000002,CRITICO
2015-10-14,0,39.2,59,true,104.04571294924502,1.0080576,CRITICO
2015-10-15,0,39.5,50,true,104.04571294924502,1.071,CRITICO
2015-10-16,0,39.8,53.25,true,104.04571294924502,1.0554102,CRITICO
2015-10-17,0,39,66.5,true,104.04571294924502,0.9568620000000003,CRITICO
2015-10-18,0,35.8,68.5,true,104.04571294924502,0.8929116000000001,ALTO
2015-10-19,2.2,37.3,67.25,false,104.04571294924502,0.9246500999999999,ALTO
2015-10-20,0,39.4,65.25,true,76.46478821957467,0.9713682000000002,CRITICO
2015-10-21,0,34.4,72.75,true,89.19547861757724,0.8455392000000002,ALTO
2015-10-22,0,37.5,63.75,true,95.28099330970409,0.9496124999999999,ALTO
2015-10-23,0,36.7,68.5,true,97.40040318901441,0.9073134000000002,ALTO
2015-10-24,17,37.6,65.5,true,99.56695676488464,0.9403776000000001,ALTO
2015-10-25,0,35.2,69,true,9.4199553640881,0.8803296000000002,ALTO
2015-10-26,0.1,37.5,68.5,false,30.964158251681802,0.9201149999999999,ALTO
2015-10-27,0,36.6,72,true,50.847469139645156,0.8843184000000003,ALTO
2015-10-28,0,34.6,71.25,false,60.71740227606896,0.8574930000000002,ALTO
2015-10-29,0.1,38.2,78.25,false,72.33660904313105,0.8700318000000001,ALTO
2015-10-30,0,34.6,76,false,85.00672322759145,0.8294832000000002,ALTO
2015-10-31,40.9,35.3,71.75,false,85.68950449699356,0.8655003,ALTO
2015-11-01,0,36.7,69.25,false,0.28047529021005374,0.0,MINIMO
2015-11-02,0,36.3,67.5,false,4.91750038787494,0.9069929999999999,ALTO
2015-11-03,0,35.6,77.25,true,16.79028340194474,0.8371692000000002,ALTO
2015-11-04,31,35.2,77.25,true,26.44138377821138,0.8311464000000002,ALTO
2015-11-05,0,33.7,74.75,false,0.5203052346831546,0.0,MINIMO
2015-11-06,0,34.2,79.5,true,6.861049031960207,0.8029188,ALTO
2015-11-07,0,33.7,72,false,17.38939173958925,0.8390088000000002,ALTO
2015-11-08,0,35.8,70.25,true,23.709133417238625,0.8823654000000002,ALTO
2015-11-09,0,34.4,73.25,true,34.60715145501036,0.8426016000000001,ALTO
2015-11-10,0,36.3,70,true,47.18425942233707,0.891792,ALTO
2015-11-11,0,35.4,70.5,true,51.22667283258177,0.8745444000000001,ALTO
2015-11-12,0,37.2,71.25,true,51.22667283258177,0.8983260000000001,ALTO
2015-11-13,0,35.3,69,true,51.22667283258177,0.8819243999999999,ALTO
2015-11-14,0,36.3,64.5,true,51.247167600395095,0.9252341999999999,ALTO
2015-11-15,0.1,36.8,67,true,54.52505660078689,0.9181152000000002,ALTO
2015-11-16,0,33.2,74,true,63.323743281604386,0.8197056000000001,ALTO
2015-11-17,0,36.4,64.75,false,63.768564542637236,0.9253548,ALTO
2015-11-18,0,36.4,66.5,true,63.96015748197948,0.9146952000000002,ALTO
2015-11-19,1,32.4,70.5,true,64.30647655231715,0.8271864,ALTO
2015-11-20,0,36.4,69.75,false,63.34907784549202,0.8948988000000001,ALTO
2015-11-21,0,37.4,65,true,68.01038065099331,0.9402120000000002,ALTO
2015-11-22,0,36.6,63.25,true,70.0816050977206,0.9378054000000002,ALTO
2015-11-23,0,32.5,88.5,true,70.78593693847937,0.726705,ALTO
2015-11-24,28.2,33.8,75.75,false,73.97005507495706,0.8187822,ALTO
2015-11-25,0,33.4,75,false,1.4414655659475055,0.8170200000000001,ALTO
2015-11-26,3.4,34.2,73.5,false,10.381863090899037,0.8380404000000001,ALTO
2015-11-27,0,34.4,71.25,true,15.033188898526083,0.8543520000000001,ALTO
2015-11-28,0,35.4,68,true,25.312297634731422,0.8895024000000001,ALTO
2015-11-29,0.8,36.2,69.5,true,37.16956756109918,0.8932428,ALTO
2015-11-30,0,38.2,68.75,true,45.672225231820825,0.929745,ALTO
2015-12-01,0,36.5,71.5,true,54.25473936423683,0.8858069999999999,ALTO
2015-12-02,0,33.8,71.75,true,57.49456089263501,0.8420238000000001,ALTO
2015-12-03,0,34.7,70,true,57.956362121755305,0.8664480000000002,ALTO
2015-12-04,0,34.3,76.75,true,58.421872577833874,0.8205273,ALTO
2015-12-05,0,34.4,72.5,true,66.55910501659974,0.8470080000000001,ALTO
2015-12-06,0,34.3,70,false,66.55910501659974,0.8601120000000001,ALTO
2015-12-07,0,36.7,64.5,true,67.01324927121047,0.9318078000000002,ALTO
2015-12-08,0,35.5,68,true,67.01324927121047,0.8911079999999999,ALTO
2015-12-09,0,32.7,77.75,true,67.01324927121047,0.7906581000000001,ALTO
2015-12-10,0,34.6,77.5,true,75.1352896219275,0.8206380000000001,ALTO
2015-12-11,0.4,36.6,71.5,true,75.1352896219275,0.8873748000000001,ALTO
2015-12-12,0,35.6,73.25,true,72.01614645238676,0.8611884000000002,ALTO
2015-12-13,0,36.8,72.25,false,74.06109422029586,0.8859096000000002,ALTO
2015-12-14,0,34.5,81.25,false,74.95518114346108,0.7970625000000001,ALTO
2015-12-15,0,34.5,78.75,false,75.49680595720629,0.8117775,ALTO
2015-12-16,2.6,35.4,82,false,75.81455935726936,0.8057376000000002,ALTO
2015-12-17,0.6,33.7,85.75,false,52.894023235073796,0.7592643000000002,ALTO
2015-12-18,4.8,33.4,86.75,false,58.34013918295112,0.7492554000000001,ALTO
2015-12-19,9.7,33.8,82,false,33.66606477885421,0.7824672,ALTO
2015-12-20,4.5,32.8,91,false,12.685889974111777,0.7166016000000001,ALTO
2015-12-21,5.8,34.1,86.75,false,15.8868281896908,0.7590771000000002,ALTO
2015-12-22,0.1,34.3,80.5,true,14.01727293434475,0.7985358,ALTO
2015-12-23,0.5,34.3,77.5,false,27.613101445769328,0.8161289999999999,ALTO
2015-12-24,0,33.1,83,false,37.950791125933826,0.7665516000000001,ALTO
2015-12-25,28.4,33.5,79.5,true,50.94213344275509,0.7925490000000001,ALTO
2015-12-26,0,33.7,79.75,true,1.076581076781891,0.7940619000000001,ALTO
2015-12-27,0,33.6,80.5,false,8.494767198000652,0.7882416000000001,ALTO
2015-12-28,0,37.8,64,false,20.065869765141862,0.9530064000000003,CRITICO
2015-12-29,0,36.2,72.5,false,27.05090199363748,0.8750340000000001,ALTO
2015-12-30,0,30.7,90.25,false,36.697929998439534,0.6922071000000001,MEDIO
2015-12-31,1.9,26.7,96.25,false,51.24511775468827,0.6073335000000001,MEDIO
2016-01-01,3.5,33.4,83.25,false,40.14991607714253,0.7694406,ALTO
2016-01-02,23.3,33.8,84.75,false,28.168951201668953,0.7664886,ALTO
2016-01-03,0,33.6,85,false,1.4894699972833019,0.7621920000000001,ALTO
2016-01-04,19.8,32.7,84.5,false,9.237029489604176,0.7522398000000001,ALTO
2016-01-05,0,32.3,83,true,1.3218342431309036,0.7550028,ALTO
2016-01-06,1.1,30.4,89,false,7.208207808565045,0.6949152000000001,MEDIO
2016-01-07,0.1,29.5,94,false,14.637992139081215,0.655776,MEDIO
2016-01-08,10.2,30.6,89,false,24.03762593862452,0.6976728000000001,MEDIO
2016-01-09,20.7,27.8,92.75,false,7.312756948210944,0.6397074,MEDIO
2016-01-10,3.6,33.3,84.5,false,1.1402190010693136,0.7608041999999999,ALTO
2016-01-11,0,33.4,77.5,false,4.050419071288334,0.802602,ALTO
2016-01-12,0,32.9,95.25,true,10.944317263249678,0.6936777000000001,MEDIO
2016-01-13,32.8,31.9,93.25,false,17.41654036112206,0.6917751000000001,MEDIO
2016-01-14,16.8,32,87.75,false,0.24918002548337673,0.0,MINIMO
2016-01-15,0,33.1,86,false,0.3125847489782469,0.0,MINIMO
2016-01-16,0,28,97,false,2.8460166505428566,0.6203520000000001,MEDIO
2016-01-17,8.8,31.1,94,false,6.654679890954989,0.6769728,MEDIO
2016-01-18,0.9,31.8,85.75,false,3.5359441506722584,0.7324002000000001,ALTO
2016-01-19,2.6,31.1,89.5,false,9.872768890862993,0.7018074000000001,ALTO
2016-01-20,0,29.9,88.75,false,12.811975893099433,0.6893685,MEDIO
2016-01-21,1.2,32.7,90,false,17.56977946201525,0.7209360000000001,ALTO
2016-01-22,1.5,32.9,90.5,false,17.77477558258929,0.7208154,ALTO
2016-01-23,24.2,32.9,90.25,false,17.837096294755586,0.7222437,ALTO
2016-01-24,8.6,33.6,88.75,false,0.8219138869275568,0.0,MINIMO
2016-01-25,4,28.2,94.75,false,1.7334442931643803,0.6346494,MEDIO
2016-01-26,1.1,29,94.5,false,3.9080962004220945,0.646506,MEDIO
2016-01-27,16.9,27.1,98.5,false,7.513867777348538,0.6010902000000001,MEDIO
2016-01-28,43.7,33.1,79.5,false,1.2316815507406336,0.7866234000000001,ALTO
2016-01-29,0.1,34.4,77.25,false,0.015118748998586323,0.0,MINIMO
2016-01-30,5.2,34.1,79.5,false,0.6582637119927186,0.0,MINIMO
2016-01-31,0,33.6,78.25,false,1.4853498743954676,0.8012664,ALTO
2016-02-01,6.2,32,80,false,4.011039161066669,0.7675200000000001,ALTO
2016-02-02,0,34.8,84,false,3.9308290198331997,0.7851744,ALTO
2016-02-03,0,33.3,78,true,10.529178944854273,0.7982208,ALTO
2016-02-04,0.7,30.3,86.25,false,14.301298683318468,0.7084755,ALTO
2016-02-05,0,35.2,74.25,false,14.648681774584995,0.8490312000000002,ALTO
2016-02-06,0.2,35.8,79.75,true,16.519646179497773,0.8251146000000001,ALTO
2016-02-07,0,35.6,69.25,false,18.165975204834815,0.8852076000000002,ALTO
2016-02-08,0,36.6,72.5,false,22.763317304597795,0.8812620000000001,ALTO
2016-02-09,0,36.4,70.25,true,24.88214181947427,0.8918532000000001,ALTO
2016-02-10,0,34.8,80.75,false,25.97541075039636,0.8044092000000002,ALTO
2016-02-11,0,34.4,85.25,true,26.142186492312224,0.7720992,ALTO
2016-02-12,8.3,33.1,85.75,false,28.376188209727854,0.7507809000000002,ALTO
2016-02-13,55.5,31.9,86.75,false,11.290372259971344,0.7282089,ALTO
2016-02-14,17.4,33.2,76.75,false,0.00881747571674063,0.0,MINIMO
2016-02-15,0,35.3,77.25,false,0.04937951337349108,0.0,MINIMO
2016-02-16,0,35.8,71,false,0.959234556211408,0.8778456000000002,ALTO
2016-02-17,0,35.5,71.25,false,3.214013122281626,0.8716275,ALTO
2016-02-18,0,35,76.5,false,7.3251992079471675,0.83259,ALTO
2016-02-19,0,35.5,80.75,false,15.333199049748252,0.8146845,ALTO
2016-02-20,0,34.7,84.5,false,18.404962883162373,0.7807878000000001,ALTO
2016-02-21,2.3,35.1,75,false,18.451032853838846,0.8430300000000002,ALTO
2016-02-22,0,36.1,66.25,false,13.589811399213561,0.9113445000000001,ALTO
2016-02-23,0,37.4,69,false,17.18059157945734,0.9154152000000001,ALTO
2016-02-24,0,36.5,74.75,false,21.53006542505975,0.8659754999999999,ALTO
2016-02-25,0,33.4,81.25,false,23.017858016465055,0.7809750000000001,ALTO
2016-02-26,2.6,29.3,93.75,false,23.605278449981956,0.6544575000000001,MEDIO
2016-02-27,0,33.8,80.75,false,17.362979942196247,0.7897302000000002,ALTO
2016-02-28,34.4,35.6,71.5,false,23.504228712096708,0.8716968000000002,ALTO
2016-02-29,0,35.5,78.5,false,0.264479998695306,0.0,MINIMO
2016-03-01,0,32.3,87.5,false,3.273665647410694,0.7295849999999999,ALTO
2016-03-02,0,30,90.25,false,9.463197709036525,0.6826500000000001,MEDIO
2016-03-03,22.2,33.1,80,false,14.263593048132376,0.7837560000000001,ALTO
2016-03-04,0,31.8,90.25,false,0.9188892734055071,0.7072254000000001,ALTO
2016-03-05,2.4,29.1,92,false,6.253931776248323,0.6610824000000001,MEDIO
2016-03-06,18.1,28.6,92.25,false,8.711206935057108,0.6530382000000001,MEDIO
2016-03-07,10.4,32.4,85.25,false,1.021947734596763,0.7437132,ALTO
2016-03-08,1.8,30.1,86.75,false,1.1521276347122245,0.7029531000000003,ALTO
2016-03-09,0.7,33.8,87.5,false,4.123945497587738,0.75051,ALTO
2016-03-10,0.3,31.1,87.25,false,7.778086448470033,0.7142247000000002,ALTO
2016-03-11,103.4,33.5,82.5,false,11.302572448928297,0.7752150000000001,ALTO
2016-03-12,0.5,33,86.75,false,8.244455453132153E-6,0.0,MINIMO
2016-03-13,0,33,82.5,false,0.012406067024696876,0.0,MINIMO
2016-03-14,2.1,33.8,80.25,false,0.32278472957892373,0.0,MINIMO
2016-03-15,0,34.1,77.75,false,0.9045663242648097,0.8116623000000001,ALTO
2016-03-16,0,33.8,79.25,false,3.0928108887955728,0.7984458000000001,ALTO
2016-03-17,0,35.1,78.75,false,9.654849714114533,0.8207145000000001,ALTO
2016-03-18,0,34.2,85.25,false,10.221571603029654,0.7692606000000001,ALTO
2016-03-19,0,32.8,83.25,false,11.500728143116536,0.7607952,ALTO
2016-03-20,15.8,32.4,89,false,11.80780023748116,0.7224912,ALTO
2016-03-21,1.4,34.2,81.25,false,1.3082630614858188,0.7926750000000001,ALTO
2016-03-22,2.6,33.1,82.25,false,4.3022164791266535,0.7708527000000001,ALTO
2016-03-23,0.4,32.9,80.5,false,5.562125671170785,0.7779474000000001,ALTO
2016-03-24,0.7,33,82.5,false,8.110182331314514,0.7679700000000002,ALTO
2016-03-25,0,33.6,85,true,9.946695148888704,0.7621920000000001,ALTO
2016-03-26,1.4,33.5,87.75,true,12.985331187204368,0.7448805000000002,ALTO
2016-03-27,3.6,32.7,87,false,17.244967299522557,0.7380108000000001,ALTO
2016-03-28,0,33.3,82.75,false,12.214458221160383,0.7708779,ALTO
2016-03-29,3,33.8,83.5,false,17.320319505389367,0.7737516000000001,ALTO
2016-03-30,0,34.8,77.75,false,13.98772766966905,0.8221644,ALTO
2016-03-31,0,32.4,82,false,18.83186440330117,0.7621056,ALTO
2016-04-01,0.1,33.5,81.25,false,21.745358884788285,0.7824375000000001,ALTO
2016-04-02,3.8,32.6,84.25,false,23.33117269148913,0.7522326,ALTO
2016-04-03,21.6,33.8,79.25,false,14.879588138498386,0.7984458000000001,ALTO
2016-04-04,0,34.4,79.5,false,0.9824855430081738,0.8058816,ALTO
2016-04-05,0,32.6,91.5,false,5.354998105710912,0.7110468000000001,ALTO
2016-04-06,0,33.2,84,false,11.133519694011547,0.7622496000000001,ALTO
2016-04-07,10,33,82.5,false,14.933251191336007,0.7679700000000002,ALTO
2016-04-08,0.6,34.3,77.75,false,4.786743613935726,0.8146629,ALTO
2016-04-09,0,34.2,77.5,false,11.181496905776232,0.8146260000000001,ALTO
2016-04-10,0,32.8,85.25,true,15.771749765674974,0.7493904,ALTO
2016-04-11,3.6,31.7,90.5,false,21.946778209935776,0.7044642000000001,ALTO
2016-04-12,0,32.4,84.75,false,14.97257733317783,0.7465428000000001,ALTO
2016-04-13,3.2,33.6,84,false,21.976206605358552,0.7679808000000001,ALTO
2016-04-14,0,28.4,89,false,17.741390396402082,0.6673392,MEDIO
2016-04-15,2,33,86.25,false,23.455859837994957,0.7465050000000001,ALTO
2016-04-16,0.2,33.8,80.75,false,20.237561343067387,0.7897302000000002,ALTO
2016-04-17,3.7,35,80.25,false,24.384321155324677,0.8103150000000001,ALTO
2016-04-18,0,34.4,86.75,false,16.847467523430506,0.7632864000000001,ALTO
2016-04-19,0,35.7,73.5,false,25.34877359971718,0.8612334000000001,ALTO
2016-04-20,2,36.5,77,false,30.005789613449572,0.852246,ALTO
2016-04-21,0,33.9,78,true,24.133969000044473,0.8072064,ALTO
2016-04-22,0,34,81.5,false,29.315616200193684,0.7882920000000001,ALTO
2016-04-23,15.7,35.5,77,false,33.89204581595865,0.837162,ALTO
2016-04-24,0,34.4,77,false,3.9663264947959904,0.8205696000000001,ALTO
2016-04-25,0,34.8,77.5,false,12.15864391483419,0.823644,ALTO
2016-04-26,0,34.7,76.75,false,20.00876345146202,0.8265717000000001,ALTO
2016-04-27,0,34.9,81.5,true,24.115151843869373,0.8014302,ALTO
2016-04-28,0,31,88.25,false,28.79927894387652,0.7073190000000001,ALTO
2016-04-29,1.5,33,84.25,false,35.53721119432219,0.757953,ALTO
2016-04-30,0.2,31.3,93.5,false,28.889273011924384,0.6823926,MEDIO
2016-05-01,0,34.3,80.25,false,31.6557672049872,0.8000018999999999,ALTO
2016-05-02,9.2,33.2,91.75,false,34.22958573788293,0.7177212000000002,ALTO
2016-05-03,0,31.7,85.75,false,10.081381936865132,0.7309863000000002,ALTO
2016-05-04,18.4,33.4,85,false,21.330764004674403,0.759348,ALTO
2016-05-05,0,33.7,79.25,false,2.1809495386516122,0.7969617000000001,ALTO
2016-05-09,0,35.3,76.5,false,8.922983378603622,0.8371314,ALTO
2016-05-10,0,34.7,80,false,17.169942914105455,0.8073720000000002,ALTO
2016-05-11,0.2,33.1,86.5,false,23.29177630896043,0.7464798000000001,ALTO
2016-05-12,0,34.5,77.5,true,29.467570399088938,0.8191350000000001,ALTO
2016-05-16,0,35.4,78.25,false,36.12952326772206,0.8281746000000001,ALTO
2016-05-17,1.8,34.8,77.25,true,40.32252920754584,0.8251236000000001,ALTO
2016-05-18,0.8,35.1,77,false,31.645955438056095,0.8311284000000002,ALTO
2016-05-19,0,35.9,73,false,33.59779198768162,0.8673444000000001,ALTO
2016-05-23,0,36.2,73.75,true,38.99254017062761,0.8674470000000001,ALTO
2016-05-24,0,33.4,89,false,42.665488012270295,0.7362792,ALTO
2016-05-30,0,33.4,94.75,false,44.00003151453882,0.7031178000000001,ALTO
2016-05-31,0,32.1,95,false,45.456251147170725,0.684594,MEDIO
2016-06-01,12.3,34.4,85.5,false,47.92227128693272,0.7706304,ALTO
2016-06-02,0.8,33.1,85.25,false,8.58314460263631,0.7536483,ALTO
2016-06-06,7.2,33,87.5,false,19.849927409165556,0.7393500000000001,ALTO
2016-06-07,15.3,33.8,85.75,false,11.150009502607107,0.7606782000000001,ALTO
2016-06-08,0,32.2,87.25,false,2.530407482778922,0.7295994000000001,ALTO
2016-06-09,0,33.8,80.75,false,10.647449183248312,0.7897302000000002,ALTO
2016-06-13,0,33.8,82,false,21.461064720425423,0.7824672,ALTO
2016-06-14,0,34.3,78.25,false,27.168014671500593,0.8117306999999999,ALTO
2016-06-15,0,35.4,77.25,false,34.09703226524955,0.8341578000000001,ALTO
2016-06-16,0,35.2,75.25,true,40.6752724035194,0.8430696000000002,ALTO
2016-06-20,0,35.1,73,false,42.073174408749914,0.8549316000000002,ALTO
2016-06-21,0,35.7,74.75,false,43.702283299694734,0.8537139000000001,ALTO
2016-06-22,0,35.7,82,false,44.06387783763274,0.8101008000000002,ALTO
2016-06-23,0,36.4,78.75,false,44.72087300153463,0.8400780000000001,ALTO
2016-06-27,0,36.1,65,false,46.31567006486478,0.918918,ALTO
2016-06-28,0,36.2,60.75,false,47.67181535301237,0.9463518000000001,ALTO
2016-06-29,0,36.9,61.25,true,51.16933107638687,0.9550665000000002,CRITICO
2016-08-01,0,38,66.5,true,53.322071780691964,0.9406440000000003,ALTO
2016-08-02,0,38.1,61.25,true,55.178884347185914,0.9752085000000001,CRITICO
2016-08-03,0,37.5,64.5,true,58.852855262418366,0.944955,ALTO
2016-08-04,0,37.5,56.75,true,59.476444901327774,0.9930825,CRITICO
2016-08-08,0,37.4,68,true,59.54845495695622,0.9216144000000002,ALTO
2016-08-09,0,38.1,65.5,false,59.55381455908082,0.9485406000000001,ALTO
2016-08-10,0,36.3,67.5,true,61.43012500905225,0.9069929999999999,ALTO
2016-08-11,0,35.9,69.25,false,61.883299805109836,0.8899839,ALTO
2016-08-15,0,37.5,63.25,true,62.34355820805769,0.9527175,CRITICO
2016-08-16,0,38.2,61.25,true,65.06197974816826,0.9768870000000002,CRITICO
2016-08-17,0,38.3,61,true,65.8592803654965,0.9801396,CRITICO
2016-08-18,0,37.9,60,true,65.99113073264452,0.9796680000000001,CRITICO
2016-08-22,0,34.8,85.25,true,66.00433027870166,0.7777764,ALTO
2016-08-23,0,36.4,70.25,true,66.24899865810897,0.8918532000000001,ALTO
2016-08-24,0.4,38,62,false,67.89893503710773,0.9688320000000002,CRITICO
2016-08-25,0,38.2,60.5,true,64.60942837120382,0.9816012000000002,CRITICO
2016-08-29,0,37.8,63,true,67.571098196663,0.9592488000000002,CRITICO
2016-08-30,0,38.3,69,false,70.68054442935882,0.9297683999999999,ALTO
2016-08-31,0,38.7,69,false,70.97234897700879,0.9361476,ALTO
2016-09-01,0,38.5,65,true,72.39956927672898,0.95823,CRITICO
2016-09-05,0,38,63,false,72.68974752342507,0.9625680000000003,CRITICO
2016-09-08,0,37.1,62.25,false,72.72028362951829,0.9522567000000002,CRITICO
2016-09-12,0,38.1,71.5,true,72.93147853664684,0.9108918,ALTO
2016-09-13,0,38.4,74.5,true,72.93147853664684,0.8966736000000001,ALTO
2016-09-14,5.8,38.7,65.5,true,74.77625216582817,0.9583362,CRITICO
2016-09-15,0.4,36.8,71.5,false,33.274799880637254,0.8905104000000001,ALTO
2016-09-19,2.8,36.7,72,true,47.228633478733165,0.8858808000000002,ALTO
2016-09-20,0,38.2,65.5,true,39.05732154097227,0.9501732000000002,CRITICO
2016-09-21,0,37.1,70.75,false,52.295501299725515,0.8998389000000001,ALTO
2016-09-22,0,34,78.75,true,60.909572736677674,0.8043300000000001,ALTO
2016-09-26,10.8,35.8,73.75,false,68.10634292521601,0.8612730000000002,ALTO
2016-09-27,0.1,35,82.5,false,15.701250363298628,0.7969500000000002,ALTO
2016-09-28,16.2,34.6,73,false,34.15880378000637,0.8471736000000002,ALTO
2016-09-29,18.4,29.5,91.25,false,4.944522262313346,0.6704775000000001,MEDIO
2016-10-03,0,37,67.5,true,1.3075437146405178,0.9182700000000003,ALTO
2016-10-04,0,32.4,78.25,true,8.696845295225424,0.7833276,ALTO
2016-10-05,0,35.9,72,false,21.309230809123953,0.8733816000000001,ALTO
2016-10-06,0,32.9,80,true,30.416047583175892,0.780804,ALTO
2016-10-07,16.8,35.7,63,false,43.024527074377254,0.9243972000000001,ALTO
2016-10-10,0,37.1,67.75,true,4.934248344586259,0.9183393,ALTO
2016-10-13,0,37.3,67.75,true,16.369180845634148,0.9215558999999999,ALTO
2016-10-17,0,37.3,68,true,27.749015169006917,0.9200087999999998,ALTO
2016-10-18,0,36.2,64,false,33.20366794720776,0.9266256,ALTO
2016-10-19,0,33.6,72,true,40.61633599775464,0.8374464000000001,ALTO
2016-10-20,0,33.2,75.25,true,50.46451167610968,0.8125236000000001,ALTO
2016-10-24,2.1,36.3,71.75,false,51.107453629189564,0.8811513,ALTO
2016-10-25,0,36.6,67,true,40.121419754119515,0.9148824000000002,ALTO
2016-10-26,0,34.6,71.25,true,47.296218736549996,0.8574930000000002,ALTO
2016-10-27,0,35.7,69.25,true,53.758959966016064,0.8867997000000002,ALTO
2016-10-31,0,35.8,68.25,false,61.430739313373856,0.8944182000000003,ALTO
2016-11-03,0,37.7,72.75,false,62.73442563521385,0.8968311000000002,ALTO
2016-11-07,0,35.4,76,true,64.1285940932126,0.8416368000000002,ALTO
2016-11-08,0,33.6,78,false,64.290401942589,0.8027136000000001,ALTO
2016-11-09,1.2,33.6,81,false,64.290401942589,0.7853472000000001,ALTO
2016-11-10,0.8,32.8,79,true,58.24803454486697,0.7850304000000001,ALTO
2016-11-16,14.2,35.3,77.75,false,57.3263483808899,0.8296659,ALTO
2016-11-17,0,32.5,77.25,false,8.652258197413735,0.7904925,ALTO
2016-11-21,35.8,33.4,81.25,false,24.373350679347,0.7809750000000001,ALTO
2016-11-22,1.2,33.3,76,false,0.25484757698783583,0.0,MINIMO
2016-11-23,0,35.4,74.5,false,3.151978497639623,0.8506116,ALTO
2016-11-24,0,34.2,72,false,11.722972170426228,0.8468208000000003,ALTO
2016-11-28,0,35.8,70.25,false,20.646593665975356,0.8823654000000002,ALTO
2016-11-29,0,34.3,73.75,false,29.89676708064172,0.8381204999999999,ALTO
2016-11-30,0,34.3,74,true,45.021959073469674,0.8366544,ALTO
2016-12-01,0,30.3,84.25,true,47.40986598366358,0.7193402999999999,ALTO
2016-12-05,15,35.2,73.5,false,47.48578248624399,0.8535024000000001,ALTO
2016-12-06,0.2,33.4,81.25,true,5.982450999679716,0.7809750000000001,ALTO
2016-12-12,4.8,33,76,false,16.674662473999618,0.8051760000000001,ALTO
2016-12-13,0.5,28.6,91.75,false,14.552027778946163,0.6556626000000001,MEDIO
2016-12-14,114.8,27.9,94,false,23.167961401083467,0.6345792,MEDIO
2016-12-15,9.6,33.5,81,false,3.388817051457165E-6,0.0,MINIMO
2016-12-19,18.2,33,75,false,0.003589186693775946,0.0,MINIMO
2016-12-20,0.5,33.5,73.25,false,0.01819352259096945,0.0,MINIMO
2016-12-21,0,34.2,70.25,false,0.3110195055863519,0.0,MINIMO
2016-12-22,0,33.4,78.25,true,1.9553913455518956,0.7982766000000001,ALTO
2016-12-26,22.8,33.4,83.75,false,8.266658281416413,0.766557,ALTO
2016-12-27,2.8,32.3,86.75,false,0.4681298099473755,0.0,MINIMO
2016-12-28,10.2,31.6,88.75,false,1.8907628087468438,0.7128540000000001,ALTO
2016-12-29,0.2,31.3,86.5,false,1.1091349089494436,0.7211754,ALTO
2017-01-02,3.2,30.8,86.75,false,3.0452114795352303,0.7127748,ALTO
2017-01-03,0.2,33.8,79.5,false,4.354328248873609,0.7969932,ALTO
2017-01-04,0,32.8,88.75,false,8.251296587816801,0.7294320000000001,ALTO
2017-01-05,0,33.6,81.5,false,10.908805969254189,0.7824528000000002,ALTO
2017-01-09,2.8,33.1,76.75,false,12.829796922336833,0.8023941000000001,ALTO
2017-01-10,0.6,32.3,89,false,9.026551042862062,0.7211124,ALTO
2017-01-11,0,33.1,76,false,16.673495288478414,0.8066952000000002,ALTO
2017-01-12,9.8,34.2,83.75,false,21.21610048248273,0.7780410000000001,ALTO
2017-01-16,86,30.3,87,false,6.110205158755543,0.7044012000000001,ALTO
2017-01-17,41.6,27,92.75,false,8.193374297300055E-5,0.0,MINIMO
2017-01-18,84.6,30.4,91.75,false,1.3875515542074177E-4,0.0,MINIMO
2017-01-19,3,32.3,89.75,false,2.736216156246957E-7,0.0,MINIMO
2017-01-23,17.2,26.8,94,false,6.74782831585654E-4,0.0,MINIMO
2017-01-24,47.2,31.4,92.5,false,0.0037883691730427266,0.0,MINIMO
2017-01-25,51,30.7,92.25,false,1.6479312644187752E-4,0.0,MINIMO
2017-01-26,12,33.1,78,false,2.2234183638265192E-5,0.0,MINIMO
2017-01-30,0.2,32.7,83.25,false,0.0017539591939973525,0.0,MINIMO
2017-01-31,1.8,32.9,88.25,false,0.036917128455801446,0.0,MINIMO
2017-02-01,2.4,31.5,90.5,false,0.1350892443300072,0.0,MINIMO
2017-02-02,18.6,31.2,88.5,false,0.39785818756516383,0.0,MINIMO
2017-02-05,0,34.2,81.75,false,0.07734652335966163,0.0,MINIMO
2017-02-06,3.5,33.9,84,false,0.5250511199263641,0.0,MINIMO
2017-02-07,0.5,29.1,94,false,0.6022638444681336,0.0,MINIMO
2017-02-08,58.8,31.2,88.25,false,1.0059580290264083,0.7100928000000001,ALTO
2017-02-09,18.6,29.1,93,false,5.892502158455883E-4,0.0,MINIMO
2017-02-12,0,25.6,95.75,false,0.004464269651870691,0.0,MINIMO
2017-02-13,27.2,30.8,90.5,false,0.14333515498546548,0.0,MINIMO
2017-02-14,16.8,31.8,87,false,0.011115334363385795,0.0,MINIMO
2017-02-15,0,31.8,82.25,false,0.016912206327857792,0.0,MINIMO
2017-02-16,0,34.4,85.5,false,0.33296441724125464,0.0,MINIMO
2017-02-19,31.4,33,87.25,false,1.10946769933819,0.7407810000000001,ALTO
2017-02-20,10.4,29.3,90.75,false,0.022421843257499838,0.0,MINIMO
2017-02-21,43.7,31.9,88.75,false,0.0737171615646856,0.0,MINIMO
2017-02-22,0,31.8,85.75,false,0.0010288437811435671,0.0,MINIMO
2017-02-23,1.8,34.3,86.5,false,0.04655505678778485,0.0,MINIMO
2017-02-26,19.5,33.7,78,false,0.22953043363486425,0.0,MINIMO
2017-02-27,3,34.4,81.5,false,0.04007591895609613,0.0,MINIMO
2017-02-28,0,33.1,86,false,0.20305880748625413,0.0,MINIMO
2017-03-01,24.1,33,86.25,false,0.7495969253086057,0.0,MINIMO
2017-03-02,20.6,33.5,83,false,0.0541379613941649,0.0,MINIMO
2017-03-05,0,32.5,84.5,false,0.024442798413997244,0.0,MINIMO
2017-03-06,11.6,33.1,93,false,0.33641167363269014,0.0,MINIMO
2017-03-07,11.1,32.7,92.75,false,0.1853369702682834,0.0,MINIMO
2017-03-08,4.4,31.7,88.5,false,0.16670164023320075,0.0,MINIMO
2017-03-09,34.6,31.4,89.75,false,0.47888746341984934,0.0,MINIMO
2017-03-12,0,32.8,87.5,false,0.011040668914993447,0.0,MINIMO
2017-03-13,4.2,32.3,87.75,false,0.21511776645915265,0.0,MINIMO
2017-03-14,3.6,31.3,91,false,0.4711542943100706,0.0,MINIMO
2017-03-15,13.1,31.3,88.5,false,0.7535426576510245,0.0,MINIMO
2017-03-16,0,29.8,90,false,0.274949000884611,0.0,MINIMO
2017-03-19,31.3,33.1,85.25,false,1.2373479635275026,0.7536483,ALTO
2017-03-20,0,31.4,85.75,false,0.030039873899666173,0.0,MINIMO
2017-03-21,1,32.3,82.25,false,0.3487396408852788,0.0,MINIMO
2017-03-22,0.5,32.8,81.25,false,0.9550136457667676,0.7722,ALTO
2017-03-23,7.6,31.6,82.5,false,1.8612910319717835,0.7476840000000001,ALTO
2017-03-26,6.6,32.3,89.25,false,1.1320955112953393,0.7197003,ALTO
2017-03-27,0,33.2,85.5,false,1.0728840004947842,0.7536312000000002,ALTO
2017-03-28,10.7,32.6,88.5,false,2.479310135120078,0.7280892000000001,ALTO
2017-03-29,0,30.8,89.25,false,0.8081402572317152,0.0,MINIMO
2017-03-30,12.3,32.5,85.25,false,2.089616069206039,0.7451325,ALTO
2017-04-02,4.4,30.3,95.75,false,0.681526836637477,0.0,MINIMO
2017-04-03,23.1,31.1,92,false,1.1772489875842662,0.6880104,MEDIO
2017-04-04,35.6,32.5,87.25,false,0.10550260337370389,0.0,MINIMO
2017-04-05,3.4,33.4,86.25,false,0.005798131028396379,0.0,MINIMO
2017-04-06,0,31.1,84.75,false,0.1085201238592564,0.0,MINIMO
2017-04-10,7,33.2,85.25,false,0.6096564666731653,0.0,MINIMO
2017-04-11,0,33.7,86,false,0.5714606512392676,0.0,MINIMO
2017-04-12,0,32.3,85.25,false,1.754142880007164,0.7422939,ALTO
2017-04-13,0.7,33.3,85.5,true,3.317264011175091,0.7550477999999999,ALTO
2017-04-16,0,32.2,87.25,false,3.86545867949138,0.7295994000000001,ALTO
2017-04-17,0,32.7,82.5,false,4.999012286187821,0.7636230000000002,ALTO
2017-04-18,0,33.1,81.75,true,6.172107490368594,0.7737201000000001,ALTO
2017-04-19,2.8,33.5,82,true,6.732862248231119,0.7781040000000001,ALTO
2017-04-20,13.8,33.8,82,false,5.341306842854002,0.7824672,ALTO
2017-04-24,0,34.4,83.25,false,1.0208242101404457,0.7838496,ALTO
2017-04-25,22.7,34.2,78.25,false,3.500445864214401,0.8102358000000002,ALTO
2017-04-26,5.8,34.3,82.5,false,0.23704396473441272,0.0,MINIMO
2017-04-27,0,33.6,75.25,false,0.6763736291088205,0.0,MINIMO
2017-04-30,13.7,32.4,79.5,false,2.7550906617992577,0.7762536,ALTO
2017-05-01,0,34.1,85,false,0.7257790496213635,0.0,MINIMO
2017-05-02,0,33.3,82.25,false,2.596074120273615,0.7737561,ALTO
2017-05-03,0,34.5,78.5,false,5.90051921839559,0.813249,ALTO
2017-05-04,0,33.3,81,true,7.216862849921531,0.7809516,ALTO
2017-05-07,0,35.1,77.25,false,8.389495186189402,0.8296407000000001,ALTO
2017-05-08,0,34.6,79.25,false,10.531074367647276,0.8103186000000001,ALTO
2017-05-09,0,32.9,83.5,true,10.893108593481529,0.7608078,ALTO
2017-05-10,0.2,34.3,84.5,true,11.550518758990744,0.7750781999999999,ALTO
2017-05-11,0,31.9,90,false,11.773371750840791,0.7099920000000001,ALTO
2017-05-14,0,33.8,82.75,false,12.554514853388513,0.7781094000000002,ALTO
2017-05-15,0,34.7,75.75,true,13.759649367363492,0.8324793000000001,ALTO
2017-05-16,0,35.4,76.5,false,14.131415239274533,0.8386452000000001,ALTO
2017-05-17,0,34.8,84.25,false,16.157112418580834,0.7836948,ALTO
2017-05-18,0,32.6,84.25,false,17.53537642026418,0.7522326,ALTO
2017-05-22,0,33.9,75.75,false,19.6705058747764,0.8203040999999999,ALTO
2017-05-23,0,33.7,78.25,false,20.920307755563645,0.8027613000000001,ALTO
2017-05-24,0,34.8,74.25,false,20.993237250273364,0.8428788,ALTO
2017-05-25,0,32.8,79,false,21.72449335731454,0.7850304000000001,ALTO
2017-05-29,0,33.8,78.5,false,22.016239720464565,0.8028036,ALTO
2017-05-30,0,33.8,79.5,false,22.081062708342923,0.7969932,ALTO
2017-05-31,0,35,79,true,23.833218674437624,0.8177400000000001,ALTO
2017-06-01,0,33.8,81.75,false,24.655508649766578,0.7839198000000002,ALTO
2017-06-04,0,34.3,71.75,false,25.289273921262275,0.8498493,ALTO
2017-06-05,0,34.7,70.75,true,25.627867923386145,0.8620173000000002,ALTO
2017-06-06,0,35.4,73.25,false,26.19426124062138,0.8580906000000001,ALTO
2017-06-07,0,33.8,74.5,false,27.431729384569884,0.8260452,ALTO
2017-06-08,0,35.1,73,false,28.835300551370736,0.8549316000000002,ALTO
2017-06-11,0,33.9,84.25,true,30.283419458754693,0.7708238999999999,ALTO
2017-06-12,17.8,34.4,77.5,false,31.092304665457355,0.817632,ALTO
2017-06-13,3.6,33.9,78.25,false,2.5837461712565752,0.8057510999999998,ALTO
2017-06-14,0,34.6,72.5,false,5.673580217665127,0.850122,ALTO
2017-06-15,0,33.4,71.75,false,12.525296885930658,0.8357634,ALTO
2017-06-18,0,34.6,74.5,false,18.641874176591575,0.8383284000000001,ALTO
2017-06-19,0,33.8,76.75,false,23.27035772881377,0.8129718,ALTO
2017-06-20,0,34.4,79.5,false,29.226339786521752,0.8058816,ALTO
2017-06-21,0,34.7,74.5,false,30.86307082222243,0.8398638,ALTO
2017-06-22,0,34.6,73.75,false,31.27253856060379,0.8427510000000001,ALTO
2017-06-25,0,34.1,66.5,true,31.479619931924297,0.8773938000000001,ALTO
2017-06-26,0,34.1,74,false,32.26104128767943,0.8335728000000002,ALTO
2017-06-27,0,35.1,70.5,true,34.02720494656157,0.8698086000000002,ALTO
2017-06-28,0,35.5,69,false,34.51867045129271,0.885114,ALTO
2017-06-29,0,34.2,71.75,true,34.95076476601284,0.8482842000000002,ALTO
2017-07-03,13.2,33.9,73,false,35.51660558803296,0.8363124,ALTO
2017-07-04,0,33.9,67.75,false,5.745174873893808,0.8668736999999999,ALTO
2017-07-05,0,35,71.25,false,16.318025409608406,0.8637750000000002,ALTO
2017-07-06,0,35,69.5,false,24.68190416310311,0.8741700000000001,ALTO
2017-07-09,0,35.5,67,true,28.23522607947405,0.897102,ALTO
2017-07-10,0,36,68,true,32.64985289363686,0.8991360000000003,ALTO
2017-08-01,0,37.3,64.5,true,37.29056517028458,0.9416682,ALTO
2017-08-02,0,36.2,66.25,false,37.54725789675054,0.9129690000000001,ALTO
2017-08-03,0,36.6,66.5,true,40.1945072274982,0.9179388000000002,ALTO
2017-08-06,7.8,34.5,68.25,true,41.63871361081453,0.8735805000000002,ALTO
2017-08-07,0,36.6,67.5,true,14.824042414110934,0.9118260000000001,ALTO
2017-08-08,0,38,63.75,true,26.422881286194343,0.9578700000000002,CRITICO
2017-08-09,0,38.1,66,true,34.001354095369926,0.9454032000000001,ALTO
2017-08-10,0,36.7,69,true,38.57330088228435,0.9042516000000002,ALTO
2017-08-14,0,37.5,68,true,43.66908218240962,0.9232199999999999,ALTO
2017-08-15,0,37,69,false,48.702986378920826,0.9090360000000002,ALTO
2017-08-16,0,36.8,71.5,true,51.71461086303896,0.8905104000000001,ALTO
2017-08-17,0,37.4,63,false,53.71435854139598,0.9526104000000002,CRITICO
2017-08-20,0,35.2,73,true,55.15736877809919,0.8564832000000002,ALTO
2017-08-21,0,36.3,64.25,false,55.88021322556524,0.9267542999999999,ALTO
2017-08-22,0,37.1,66.75,false,57.294254612890356,0.9245061,ALTO
2017-08-23,0.1,37.4,61,false,57.434797631589056,0.9650088000000001,CRITICO
2017-08-24,0,37.2,61.5,true,56.673138470143066,0.9585576000000001,CRITICO
2017-08-27,0,38.8,62.5,true,59.478229221439484,0.97902,CRITICO
2017-08-28,0,38,59.5,true,60.576701179170016,0.9844920000000003,CRITICO
2017-08-29,0,37.7,70.75,true,62.68300449174308,0.9092943000000002,ALTO
2017-08-30,0,38.6,66.75,false,63.96463484970925,0.9487926000000001,ALTO
2017-08-31,0,36.9,65.25,false,64.99435046255432,0.9304857000000001,ALTO
2017-09-03,0,37.4,55.5,true,64.99435046255432,0.9991044000000002,CRITICO
2017-09-04,0,36.9,58.75,true,65.23462264530754,0.9704295000000001,CRITICO
2017-09-05,0,38.1,51.25,true,66.77243529906299,1.0379565000000002,CRITICO
2017-09-06,0,37.2,62,true,69.53987646771049,0.9554688000000001,CRITICO
2017-09-07,0,38.7,60.75,true,72.48432634599959,0.9884493,CRITICO
2017-09-10,0,38.3,56,true,72.55829807804251,1.0116215999999998,CRITICO
2017-09-11,0,38.7,61,true,72.64977915459612,0.9868644000000001,CRITICO
2017-09-12,0,37.8,61.25,true,73.80307151298643,0.9701730000000003,CRITICO
2017-09-13,0,38.6,57.5,true,73.95822081291125,1.0073340000000002,CRITICO
2017-09-14,0,38.2,59.5,true,73.98781001868306,0.9878868000000002,CRITICO
2017-09-17,0,38.4,58.25,true,75.26237561880839,0.9991656000000001,CRITICO
2017-09-18,0,37.7,69.75,true,76.35552171659025,0.9155259000000002,ALTO
2017-09-19,0,39.6,57.5,true,77.55600729714858,1.0245240000000002,CRITICO
2017-09-20,0,38.3,56.5,true,78.18832581529374,1.0084734,CRITICO
2017-09-21,0,38.2,58.75,true,78.86443376853207,0.9926010000000001,CRITICO
2017-09-24,0,37.9,69.5,false,79.43589547465342,0.9202626,ALTO
2017-09-25,0,38.9,58.5,true,81.38332098894456,1.0061298,CRITICO
2017-09-26,0,39.1,58.75,true,81.93943281646216,1.0079505000000002,CRITICO
2017-09-27,0,39.7,60.75,true,82.32380809864198,1.0052883,CRITICO
2017-09-28,0,39.2,55.75,true,84.01373943391424,1.0288368,CRITICO
2017-10-01,0,37.1,70,true,85.4439281896538,0.9044640000000002,ALTO
2017-10-02,0,38.9,63.75,true,85.4439281896538,0.9727335,CRITICO
2017-10-03,0,39.4,63.25,true,87.33666385914066,0.9841986000000003,CRITICO
2017-10-04,0,39.1,57.25,true,87.33666385914066,1.0175247,CRITICO
2017-10-05,0,39,55.75,true,87.41530223857654,1.0253610000000002,CRITICO
2017-10-08,0,36.9,69.75,true,87.44590294917202,0.9028323,ALTO
2017-10-09,0,35.6,68.5,true,87.91235481468212,0.8897112000000001,ALTO
2017-10-10,0,37,69,true,88.31944955868543,0.9090360000000002,ALTO
2017-10-11,0,37.1,66.5,true,88.32474888463715,0.9260478000000001,ALTO
2017-10-12,0,37.4,78,true,88.98878496453098,0.8596224000000001,ALTO
2017-10-15,1.8,35.5,66,false,88.98878496453098,0.9030959999999999,ALTO
2017-10-16,0,37.5,60,false,69.76415576582173,0.9729,CRITICO
2017-10-17,0,37.6,62.5,true,79.37634088880874,0.9590400000000002,CRITICO
2017-10-18,0,37.4,70.25,true,86.27762980331947,0.9076662000000002,ALTO
2017-10-19,0,38.7,57.25,true,90.06128203881093,1.0106379,CRITICO
2017-10-22,0,36.6,65.75,true,91.9155618985809,0.9225234000000001,ALTO
2017-10-23,0,39.5,65,true,93.58502207919946,0.97461,CRITICO
2017-10-24,0,33.1,73,true,94.04471401285844,0.8238996000000002,ALTO
2017-10-25,0,38.4,65,false,94.04471401285844,0.9565920000000001,CRITICO
2017-10-26,0,35.5,68.25,true,94.04471401285844,0.8896094999999999,ALTO
2017-10-29,10.4,32.7,78,true,94.09080721463692,0.7892352000000001,ALTO
2017-10-30,0,26.3,95.75,true,22.018001090096057,0.6046317,MEDIO
2017-10-31,17.9,34.6,79.5,false,45.954893997904335,0.8088444,ALTO
2017-11-01,4,36,72.5,false,5.122590920195657,0.8719200000000001,ALTO
2017-11-02,0,34.8,73,true,11.38868535890934,0.8502768000000002,ALTO
2017-11-05,0,36.2,70.25,true,28.883784571470482,0.8886906000000001,ALTO
2017-11-06,0,34.4,83.5,true,43.53130568422875,0.7823808000000001,ALTO
2017-11-07,0,32.9,83.75,true,55.057073663162456,0.7593795,ALTO
2017-11-08,74.1,34.8,76.25,false,68.81559220558475,0.8310420000000001,ALTO
2017-11-09,0,35.3,81.5,false,0.0022490898632047027,0.0,MINIMO
2017-11-12,0,34.9,71,false,0.4067487321787044,0.0,MINIMO
2017-11-13,0,32.3,74.25,true,3.8352719699657016,0.8044262999999999,ALTO
2017-11-14,0,33,83,true,8.046525232906923,0.7651080000000001,ALTO
2017-11-15,0,30.4,85.5,false,17.49719093696752,0.7139664,ALTO
2017-11-16,5.6,33.3,82.75,false,37.008231103411205,0.7708779,ALTO
2017-11-19,7.8,35.4,77.25,false,16.897071960742178,0.8341578000000001,ALTO
2017-11-20,0,35.8,69,false,8.747258615174193,0.8898984000000002,ALTO
2017-11-21,0,35,73.5,false,17.863157475378458,0.8504100000000001,ALTO
2017-11-22,0,32.3,77.25,true,25.648378420829946,0.7874810999999999,ALTO
2017-11-23,0,31.7,90.25,false,34.559426523778946,0.7058601000000001,ALTO
2017-11-26,0,34.8,79,false,39.51500013832561,0.8147664000000001,ALTO
2017-11-27,5.8,34.5,76.25,false,42.874633191856184,0.8264925000000001,ALTO
2017-11-28,0,33.1,80.25,false,19.035018279758276,0.7823223000000001,ALTO
2017-11-29,8.9,32.3,75.5,true,28.681156814670228,0.7973657999999999,ALTO
2017-11-30,0,33.2,80,false,13.205591655467572,0.7852320000000002,ALTO
2017-12-05,0,36.6,72,true,26.386178995208155,0.8843184000000003,ALTO
2017-12-06,0,33.1,79.75,false,37.093447996810006,0.7851897000000001,ALTO
2017-12-07,0,33,87,false,42.96734248954674,0.7422120000000001,ALTO
2017-12-10,8,33.5,83.5,false,46.96677092907195,0.7694370000000001,ALTO
2017-12-11,0,35.6,79.5,true,16.750705053936425,0.8236584,ALTO
2017-12-12,0,31.3,89,true,29.989290966705937,0.7073244,ALTO
2017-12-13,8.4,30.6,93.5,false,40.15875003037873,0.6730812,MEDIO
2017-12-14,75,31.3,91,false,13.609667014928865,0.6962436,MEDIO
2017-12-18,0.5,28.3,94.75,false,7.575510350533556E-4,0.0,MINIMO
2017-12-19,0.5,32.6,87.25,false,0.19250759916676455,0.0,MINIMO
2017-12-20,12.4,33.6,78.25,false,1.9181867718426435,0.8012664,ALTO
2017-12-21,0,33.9,74.5,false,0.818223583845701,0.0,MINIMO
2017-12-25,2.6,33.6,80,false,4.686004733199403,0.7911360000000002,ALTO
2017-12-26,0,32.9,83,false,10.100453765927062,0.7636644000000001,ALTO
2017-12-27,0,32.6,88.75,true,17.13015481858181,0.7266690000000001,ALTO
2017-12-28,4.8,32.6,83,false,21.122954711331467,0.7593336000000002,ALTO
2018-01-02,0,31.8,83,false,12.532939647836468,0.7477848,ALTO
2018-01-03,0.1,31.3,90,false,18.304745627896786,0.701784,ALTO
2018-01-04,5.1,30.3,91.25,false,24.85752068854373,0.6813135,MEDIO
2018-01-07,12.8,33.6,83.75,false,13.2923721767599,0.7694280000000001,ALTO
2018-01-08,0,32,88.75,false,3.3716099159452493,0.7183800000000001,ALTO
2018-01-09,0,33.3,79.75,false,10.525389122643045,0.7881471,ALTO
2018-01-10,2.2,34,85.75,false,16.833826600056312,0.7635060000000001,ALTO
2018-01-11,0,32.3,84.75,false,20.097397923801523,0.7451180999999999,ALTO
2018-01-15,6.6,33.3,82,false,28.09496419556831,0.7751952,ALTO
2018-01-16,4.3,33.5,80,false,13.566321350243893,0.7896600000000001,ALTO
2018-01-17,0,32.9,86.25,false,12.81466669056083,0.7450965000000002,ALTO
2018-01-18,0,32.3,86.5,true,21.827930168706153,0.7352333999999999,ALTO
2018-01-21,0,33.2,80,false,27.6611900672529,0.7852320000000002,ALTO
2018-01-22,3.9,33.8,74.25,false,31.72263139069847,0.8274978000000001,ALTO
2018-01-23,1.1,33,80,false,21.02327905431177,0.7822800000000001,ALTO
2018-01-24,0,32.3,79.75,false,25.199656164477382,0.7733600999999999,ALTO
2018-01-25,0,33.8,81.5,false,30.594808881067113,0.7853724000000001,ALTO
2018-01-28,101.2,32.3,84.25,false,33.037072835389914,0.7479423,ALTO
2018-01-29,9.2,33.3,78.75,false,2.5318640627108304E-5,0.0,MINIMO
2018-01-30,0,34.2,79,false,0.009338873448181259,0.0,MINIMO
2018-01-31,0,32.6,91.25,false,0.3815285290320439,0.0,MINIMO
2018-02-01,4,30.9,94.25,false,1.4143786954157376,0.6729489000000001,MEDIO
2018-02-04,25.8,30.3,93,false,2.907781298958318,0.6718067999999999,MEDIO
2018-02-05,43.2,30.3,91.75,false,0.31486552066295154,0.0,MINIMO
2018-02-06,0,29.3,91.75,false,0.005797029488150623,0.0,MINIMO
2018-02-07,0.6,30.3,90.25,false,0.28133485906772715,0.0,MINIMO
2018-02-08,0,26.8,93.25,false,1.273527170055941,0.6237972,MEDIO
2018-02-13,3.1,31.3,92,false,2.7703962213195092,0.6907032,MEDIO
2018-02-14,0,30.9,89,false,4.804199110420862,0.7018092,ALTO
2018-02-15,20.5,31.7,86.5,false,9.568632972354663,0.7267986000000001,ALTO
2018-02-19,4.2,27.8,97.25,false,0.6074352767074788,0.0,MINIMO
2018-02-20,5.9,29.3,89.75,false,1.470335123763485,0.6757551000000002,MEDIO
2018-02-21,42,29.3,93.75,false,1.6614493937154402,0.6544575000000001,MEDIO
2018-02-22,19.4,30.5,89.25,false,0.01607259470115196,0.0,MINIMO
2018-02-25,0,32.6,84.5,false,0.03585616895677759,0.0,MINIMO
2018-02-26,12,31.9,89,false,0.6727108736834005,0.0,MINIMO
2018-02-27,0,32.7,86,false,0.3782349748736568,0.0,MINIMO
2018-02-28,27.1,30.3,90.75,false,1.75270507242723,0.6840297000000001,MEDIO
2018-03-01,0.1,32.5,90.25,false,0.1165494479806348,0.0,MINIMO
2018-03-04,0,30.3,87,true,1.263089053214112,0.7044012000000001,ALTO
2018-03-05,0,33.4,84.25,false,3.399744732603432,0.7636734000000001,ALTO
2018-03-06,0,33.3,81,false,5.125870427715048,0.7809516,ALTO
2018-03-07,3.4,32.1,87.5,false,6.808013336112018,0.7267950000000001,ALTO
2018-03-08,1.8,31.3,86.5,false,6.168158605352752,0.7211754,ALTO
2018-03-11,6.4,32.3,80.5,false,6.378929862628046,0.7691238,ALTO
2018-03-12,0,33,88.5,false,3.558006265337099,0.7336260000000001,ALTO
2018-03-13,0,34.5,89,false,6.334433273346393,0.7514460000000001,ALTO
2018-03-14,0,33,85.75,false,8.277991364651381,0.7493670000000001,ALTO
2018-03-15,16.1,33.6,85,false,14.327780574078698,0.7621920000000001,ALTO
2018-03-18,0,32.3,88,false,1.797506362342424,0.7267608,ALTO
2018-03-19,19.6,32.4,89,false,5.932942823248584,0.7224912,ALTO
2018-03-20,7.5,33.4,86.5,false,0.6543717592255605,0.0,MINIMO
2018-03-21,3.2,32.4,82.25,false,1.1586903401166952,0.7606908,ALTO
2018-03-22,0,25.2,92.75,false,3.132371389612498,0.6049116,MEDIO
2018-03-25,0,32.2,87,false,7.680543786274821,0.7310088000000001,ALTO
2018-03-26,28.1,33.3,84.25,false,11.368999966012986,0.7622433,ALTO
2018-03-27,0,33.9,83.25,false,0.3015227981730926,0.0,MINIMO
2018-03-28,0,32.8,87.75,false,2.4053377977932353,0.7351344000000001,ALTO
2018-04-01,0,32.8,86.25,false,6.017791612001166,0.7436880000000001,ALTO
2018-04-02,26.8,31.5,87.25,false,8.290583479108234,0.7198155000000002,ALTO
2018-04-03,1.8,32.1,89.25,false,0.27679457626679116,0.0,MINIMO
2018-04-04,0,32.4,86.75,false,1.9505674888439035,0.7352244000000001,ALTO
2018-04-05,50.2,32.2,91.25,false,5.078522384859024,0.7070490000000001,ALTO
2018-04-08,0,28,96.75,false,0.00683649811567395,0.0,MINIMO
2018-04-09,22.1,32.1,87.75,false,0.34376408721826096,0.0,MINIMO
2018-04-10,0.3,31.3,87.5,false,0.09371850194463895,0.0,MINIMO
2018-04-11,22.6,27.3,91.75,false,0.8320525743419764,0.0,MINIMO
2018-04-12,53.2,31.3,90.75,false,0.11887774702782376,0.0,MINIMO
2018-04-15,0,30.6,90.75,false,7.490838362204076E-4,0.0,MINIMO
2018-04-16,25.2,30.6,90.5,false,0.07700694627431767,0.0,MINIMO
2018-04-17,0,33.8,87.75,false,0.018560870517480853,0.0,MINIMO
2018-04-18,9.4,34.3,80.75,false,0.2608109014297652,0.0,MINIMO
2018-04-19,1,33.8,80.75,false,0.31791868074160695,0.0,MINIMO
2018-04-22,0,34.4,81.5,false,1.3046180946374253,0.7941312000000001,ALTO
2018-04-23,0,35.3,78,false,2.404664397490296,0.8281728,ALTO
2018-04-24,0,35,75.75,false,4.131788442471377,0.8370450000000002,ALTO
2018-04-25,0,34.7,76,false,4.62053431108973,0.8310024000000003,ALTO
2018-04-26,0,34.8,78.5,false,5.364002063735518,0.8177256,ALTO
2018-04-29,0,32.3,85,false,8.17033858231904,0.743706,ALTO
2018-05-01,7.9,34.5,80,false,8.515690049864128,0.8044200000000001,ALTO
2018-05-02,4.6,34.7,78.75,false,3.260857997467351,0.8147565000000001,ALTO
2018-05-03,0,34.8,79.25,false,3.107785299478889,0.8132868000000001,ALTO
2018-05-06,0,34.2,77.5,false,6.398991182185355,0.8146260000000001,ALTO
2018-05-07,0,34.4,76.25,false,10.207169343048765,0.824976,ALTO
2018-05-08,0,33.8,77,false,12.078661098627178,0.8115192000000001,ALTO
2018-05-09,0,33,79.25,false,15.194907672250814,0.7865730000000001,ALTO
2018-05-10,31.2,34,74.25,false,16.840056268315898,0.8305740000000001,ALTO
2018-05-13,0,33.1,84.25,false,0.22182651871192902,0.0,MINIMO
2018-05-14,5.4,33.3,76.75,false,2.0898877369530573,0.8054163,ALTO
2018-05-15,0,34.2,77,false,2.5020498856555453,0.8175528000000002,ALTO
2018-05-16,0,33.8,74.5,false,5.465471259228802,0.8260452,ALTO
2018-05-17,0,32.3,82.25,false,8.930303225701227,0.7592391,ALTO
2018-05-20,0,33.4,79,false,12.953685602421444,0.7939512000000001,ALTO
2018-05-21,0,30.1,86.5,false,15.788950345532578,0.7043058000000002,ALTO
2018-05-22,0,29.7,90.5,false,17.123817833713435,0.6772122,MEDIO
2018-05-23,9.9,34.3,76.5,false,18.57339815278298,0.8219933999999999,ALTO
2018-05-24,1.9,33.9,72.75,true,4.790957802286908,0.8377676999999999,ALTO
2018-05-27,0,33.9,70.25,false,8.182439635991747,0.8523206999999999,ALTO
2018-05-28,0,33.8,72.5,false,14.374996599940717,0.837666,ALTO
2018-05-29,0,34.2,70.75,false,17.019680486748378,0.8541378000000002,ALTO
2018-05-31,0,34.3,74.5,true,20.167257030049253,0.8337222,ALTO
2018-06-03,0,35.9,76.5,true,22.78540843484929,0.8462141999999999,ALTO
2018-06-04,0,34.6,76.75,false,26.80853615792264,0.8250606000000001,ALTO
2018-06-05,0,35.2,73.5,false,27.12213950214254,0.8535024000000001,ALTO
2018-06-06,0,34.1,73.25,false,27.79678454498419,0.8379549000000002,ALTO
2018-06-07,0,33.9,71,false,27.98448781801743,0.8479548,ALTO
2018-06-10,13.8,34.6,71.25,false,28.544102580467598,0.8574930000000002,ALTO
2018-06-11,0,34,72.25,false,4.1505894078985595,0.8422380000000002,ALTO
2018-06-12,0,34,76.5,false,11.304607095081758,0.8174520000000001,ALTO
2018-06-13,0,34.6,72.25,false,17.427864792398235,0.8515962000000001,ALTO
2018-06-14,0,34,71.75,true,20.32537997380991,0.8451540000000001,ALTO
2018-06-17,0,33.8,73.25,false,25.13221150217194,0.8333082,ALTO
2018-06-18,0,34.3,74.25,false,30.906000319754103,0.8351883,ALTO
2018-06-19,0,34.2,74.25,true,31.256906199739376,0.8336502000000001,ALTO
2018-06-20,0,34.1,70.75,false,31.67571662173278,0.8525619000000002,ALTO
2018-06-21,0,35.3,71,true,31.95185856427584,0.8699796000000001,ALTO
2018-06-24,0,35,71,false,32.868355307911955,0.8652600000000003,ALTO
2018-06-25,0,35.3,85.5,true,36.02922267545796,0.7833798,ALTO
2018-06-26,0,35.2,70,true,36.06274543821466,0.8743680000000003,ALTO
2018-06-27,0,34.7,63.75,true,36.45433386019401,0.9033705000000001,ALTO
2018-06-28,0,35,69,false,37.80231522760916,0.8771400000000001,ALTO
2018-07-01,0,36.6,67.5,false,37.9181674757458,0.9118260000000001,ALTO
2018-07-02,0,35.8,69.25,true,40.14389404139493,0.8883918000000002,ALTO
2018-07-03,0,30.9,79.75,false,42.89864971044119,0.7526583,ALTO
2018-07-04,0,34.6,74,false,43.53740049365122,0.8412768000000002,ALTO
2018-07-05,4.1,37.4,73,false,44.510287852876424,0.8906184000000003,ALTO
2018-07-08,0,36.5,69.75,false,25.67249923155047,0.8964854999999999,ALTO
2018-07-09,0,35.2,77.5,false,35.17587049202101,0.8296560000000001,ALTO
2018-07-10,0,34.9,74.25,true,42.2959082695656,0.8444168999999999,ALTO
2018-08-01,0,35.8,73.75,true,44.27146551237109,0.8612730000000002,ALTO
2018-08-02,0,37.2,68.25,true,47.44401337875889,0.9168588000000001,ALTO
2018-08-05,0,38.1,65.5,false,49.429645234187845,0.9485406000000001,ALTO
2018-08-06,0,37.9,70.5,false,49.89647455980474,0.9140094,ALTO
2018-08-07,0,37,69.25,true,49.99736730578208,0.9074970000000003,ALTO
2018-08-08,0,36.3,77,true,50.161126296900946,0.8492291999999999,ALTO
2018-08-09,0,35.3,72,true,50.296241374944074,0.8640072000000001,ALTO
2018-08-12,0,35.2,69.75,true,50.710366145300554,0.8758584000000001,ALTO
2018-08-13,0,35.8,69.5,false,52.12946574204723,0.8868852000000002,ALTO
2018-08-14,0,34.9,75,false,55.956262017008534,0.83997,ALTO
2018-08-15,0,35.5,79,false,56.5904560608226,0.825174,ALTO
2018-08-16,9.4,29.3,79,false,57.03929122830018,0.7329924000000001,ALTO
2018-08-19,0,36.8,62.5,true,15.715073544926188,0.9457200000000002,ALTO
2018-08-20,0,37.6,61.5,true,30.498281877991122,0.9652608000000003,CRITICO
2018-08-21,0,37.2,65.25,true,41.210387573910644,0.9353916000000001,ALTO
2018-08-22,0,37.9,64,true,46.66201032241304,0.9546552,CRITICO
2018-08-23,0,37.1,61.25,true,51.2610062037746,0.9584235000000002,CRITICO
2018-08-27,0,36.8,69.75,true,56.81386227894632,0.9012456000000002,ALTO
2018-08-28,0,37.1,68.25,true,58.6143970677422,0.9152559000000001,ALTO
2018-08-29,0,37.2,66,true,58.74172841392393,0.9307584000000001,ALTO
2018-08-30,0,39,62.75,true,59.05979174546074,0.9807570000000002,CRITICO
2018-09-02,0,37.1,73.25,true,60.397055282877055,0.8844219000000001,ALTO
2018-09-03,0,35.7,71.75,true,61.75780412771428,0.8717607000000002,ALTO
2018-09-04,0,35.9,60.25,true,62.01339128294369,0.9443187000000001,ALTO
2018-09-05,0,36.3,60.75,false,64.8327158485096,0.9480356999999998,ALTO
2018-09-09,0,37.7,73,true,65.71914939078607,0.8952732000000002,ALTO
2018-09-10,0,36.7,63,true,66.15631495371903,0.9409932000000002,ALTO
2018-09-11,0,38.2,60,false,70.54214623681186,0.9847440000000002,CRITICO
2018-09-12,0,35.3,71.25,true,71.15711717892545,0.8684865,ALTO
2018-09-13,0,38.5,52.25,true,73.6865547324919,1.0387845,CRITICO
2018-09-16,0,38.7,68.5,true,73.69171297185945,0.9393174,ALTO
2018-09-17,0,38.5,77.25,false,74.25093351211582,0.8808345,ALTO
2018-09-18,0,36.2,66,false,74.25093351211582,0.9144864,ALTO
2018-09-19,3.9,35.5,73.5,false,74.46061665889994,0.8581409999999999,ALTO
2018-09-20,0,38.3,68,false,43.247972348251004,0.9360647999999999,ALTO
2018-09-23,0,36.7,69.25,true,56.89516421903782,0.9027207000000003,ALTO
2018-09-24,0,36.5,69,true,64.24412951326387,0.9010619999999999,ALTO
2018-09-25,0,39.2,72.25,true,66.79914961568974,0.9233424000000001,ALTO
2018-09-26,0,34.9,78.5,true,70.42091803142796,0.8192177999999999,ALTO
2018-09-27,13.9,37.7,68.25,false,73.22159200062595,0.9248733000000002,ALTO
2018-09-30,0,36.4,73.5,true,10.577830515498071,0.8720568000000001,ALTO
2018-10-01,0,37,65.25,false,28.053975476888382,0.9321210000000003,ALTO
2018-10-02,0,36.5,75,true,44.03700706856956,0.86445,ALTO
2018-10-03,0,36.3,68.25,true,50.8703556498366,0.9024327,ALTO
2018-10-04,0,37.9,66.25,true,59.04620955537101,0.9405855000000001,ALTO
2018-10-07,0,35.1,73.5,false,67.85142241393997,0.8519562,ALTO
2018-10-08,0,33.9,68.5,true,67.85142241393997,0.8625077999999998,ALTO
2018-10-09,0,37.8,67.75,true,69.19927254116955,0.9295974000000001,ALTO
2018-10-10,0,36.2,70,true,69.85001847215294,0.8902080000000001,ALTO
2018-10-14,0,39.2,68,true,70.9482224800935,0.9505152000000001,CRITICO
2018-10-15,0,31.7,81,true,73.06652665293034,0.7575084000000001,ALTO
2018-10-16,0,32.3,69.75,true,74.4501929022477,0.8298441,ALTO
2018-10-17,11.8,35.6,75.5,true,74.54405926869686,0.8476776000000001,ALTO
2018-10-18,12,34.8,74,false,14.287576024512596,0.8443584000000002,ALTO
2018-10-21,0,34.9,72.5,false,6.2998785167595255,0.8547929999999999,ALTO
2018-10-22,0.1,38.5,60.75,true,21.979942878055642,0.9850814999999999,CRITICO
2018-10-23,0,39.8,68.25,true,35.50240178674737,0.9585342000000001,CRITICO
2018-10-24,0,39.7,63.75,true,45.690040873485536,0.9859455,CRITICO
2018-10-25,0,36.3,72.75,true,59.10233010749014,0.8750708999999999,ALTO
2018-10-28,0.1,38.1,78.25,true,69.23526552025447,0.8685369000000001,ALTO
2018-10-29,0,34.9,72.25,true,68.34103217896033,0.8562753,ALTO
2018-10-30,0,33.8,75.5,true,70.11595349888952,0.8202348,ALTO
2018-10-31,0,35.3,66.5,true,70.32661719693552,0.8968554,ALTO
2018-11-04,0,34.3,83.5,true,72.55394471076016,0.7809426,ALTO
2018-11-05,12.3,35.3,85,false,75.02567213931351,0.786366,ALTO
2018-11-06,0,35.4,83.5,false,13.421130261393568,0.7967628000000001,ALTO
2018-11-07,7.4,35.3,81.5,true,31.75436988869329,0.8072694,ALTO
2018-11-08,0.5,36.2,77.5,false,16.297803598214642,0.844686,ALTO
2018-11-11,0,33.9,86.25,true,30.36742081882799,0.7591815,ALTO
2018-11-12,0,35.3,74,true,46.58927433513101,0.8520624,ALTO
2018-11-13,3.2,35,77,true,59.22657541262611,0.8296200000000001,ALTO
2018-11-15,0,34.5,73.25,false,41.19431865639939,0.8441505000000001,ALTO
2018-11-18,0,36.6,73.5,true,56.48190662598966,0.8751492000000001,ALTO
2018-11-19,0,35.8,72.5,false,62.48461398259508,0.8688060000000002,ALTO
2018-11-20,0,34.9,77.25,true,64.51645774926239,0.8266292999999999,ALTO
2018-11-21,70.6,32.8,79.5,true,68.3007228623924,0.7821792,ALTO
2018-11-22,47.2,34.3,81.5,false,0.0035954732696395503,0.0,MINIMO
2018-11-25,83.8,28.1,91.5,false,6.896821974757974E-4,0.0,MINIMO
2018-11-27,4.1,32.3,82,false,1.2828329931229906E-6,0.0,MINIMO
2018-11-28,3.9,28.6,92.75,false,0.0021282831655392923,0.0,MINIMO
2018-11-29,0,31.3,87.25,false,0.06949783695520043,0.0,MINIMO
2018-12-02,0,28.8,86.75,true,0.7803133963186158,0.0,MINIMO
2018-12-03,29.1,31.5,89.75,false,3.4887389905310693,0.7059105000000001,ALTO
2018-12-04,23.6,29.1,93.25,false,0.1524589880622337,0.0,MINIMO
2018-12-05,0,27.5,95.25,false,0.04765061940825558,0.0,MINIMO
2018-12-06,4.9,30.7,87.25,false,0.6188702442473879,0.0,MINIMO
