"precipitacao","temperatura","umidade","dias_de_secura","classe_risco"
0.0,0.6158940397350995,0.6443298969072165,0.1993366827898539,3
0.0,0.6158940397350995,0.5773195876288659,0.207326587826429,3
0.011666666666666665,0.589403973509934,0.5670103092783505,0.2806463321707431,3
0.0,0.5695364238410595,0.7474226804123711,0.25262224526311544,3
0.06666666666666667,0.4768211920529801,0.7371134020618557,0.2789674957078585,3
0.10833333333333334,0.29139072847682135,0.8247422680412371,0.09991254519783757,2
0.3775,0.576158940397351,0.5360824742268041,0.030743395669062045,3
0.0,0.4569536423841062,0.8298969072164949,1.7336781128964395E-4,0
0.0,0.0,0.979381443298969,0.007285855903389796,0
0.12416666666666668,0.5496688741721856,0.6855670103092784,0.03532091238138073,3
0.10833333333333334,0.6357615894039734,0.5773195876288659,0.008625086373286166,0
0.0,0.37748344370860926,0.7628865979381443,0.007106962320800547,0
0.0016666666666666668,0.5099337748344371,0.7164948453608248,0.044619689167159034,3
0.28833333333333333,0.576158940397351,0.6030927835051546,0.07587864190697377,3
0.0,0.589403973509934,0.6855670103092784,8.010210949028086E-4,0
0.009166666666666667,0.5165562913907286,0.7525773195876289,0.012223557919243459,3
0.0016666666666666668,0.15894039735099355,0.9536082474226805,0.03476340336786787,2
0.06583333333333334,0.43708609271523197,0.8865979381443299,0.05663149250980023,2
0.03833333333333333,0.556291390728477,0.8298969072164949,0.02842716463477521,3
0.13833333333333334,0.6622516556291393,0.6597938144329897,0.037994644382691116,3
0.155,0.4105960264900662,0.8298969072164949,0.007247415476342857,0
0.18583333333333335,0.4105960264900662,0.7680412371134021,0.002365156448575856,0
0.009166666666666667,0.5298013245033115,0.711340206185567,8.650415366623525E-4,0
0.0,0.43046357615894043,0.7525773195876289,0.00859022540395302,0
0.13416666666666668,0.4503311258278147,0.8247422680412371,0.02949218144844129,3
8.333333333333334E-4,0.48344370860927166,0.9329896907216495,0.006075260381030709,0
0.0525,0.5827814569536425,0.7680412371134021,0.0300368569978302,3
0.06166666666666667,0.6556291390728479,0.6443298969072165,0.025711932390024596,3
0.0125,0.33112582781456956,0.788659793814433,0.017896857430378173,2
0.0,0.4701986754966889,0.8195876288659794,0.04116651642595182,3
0.0,0.403973509933775,0.7783505154639175,0.07390830816642162,3
0.18083333333333332,0.5496688741721856,0.7577319587628866,0.09276739706216117,3
0.0,0.4105960264900662,0.7680412371134021,0.006224510842511057,0
0.14166666666666666,0.576158940397351,0.7010309278350515,0.03223636619300491,3
0.06166666666666667,0.39072847682119227,0.8711340206185567,0.005915019757573872,0
0.0,0.6026490066225165,0.7422680412371134,0.009987107574752296,3
0.3983333333333333,0.4768211920529801,0.7731958762886598,0.03968428301345178,3
0.08833333333333333,0.49006622516556314,0.6855670103092784,1.0973700418324575E-4,0
0.11083333333333334,0.609271523178808,0.6134020618556701,9.191485052836312E-4,0
0.0,0.4966887417218546,0.634020618556701,0.0016377996731906487,0
0.0,0.5629139072847685,0.5670103092783505,0.010926106761786647,3
0.12333333333333334,0.6622516556291393,0.5412371134020618,0.029986737303851315,3
0.0,0.46357615894039744,0.7731958762886598,0.008351865835062972,0
0.0,0.44370860927152317,0.8092783505154639,0.03079909160959662,3
0.034166666666666665,0.576158940397351,0.5824742268041238,0.06117173513779021,3
0.07833333333333334,0.6556291390728479,0.6082474226804123,0.040595418561349565,3
0.0,0.6622516556291393,0.6237113402061856,0.016885497646436206,3
0.0,0.5960264900662254,0.5515463917525774,0.05133923273032711,3
0.0,0.5231788079470201,0.7164948453608248,0.07409553293218758,3
0.0,0.642384105960265,0.6185567010309279,0.09459316802569151,3
0.0,0.5960264900662254,0.7628865979381443,0.11645736717790243,3
0.0,0.5231788079470201,0.7216494845360825,0.13335106830960303,3
0.07916666666666666,0.6357615894039734,0.6288659793814433,0.17388345335821867,3
0.008333333333333333,0.5496688741721856,0.6494845360824743,0.049037495906543285,3
0.0,0.5033112582781456,0.7061855670103093,0.0879805046407642,3
0.0,0.642384105960265,0.5824742268041238,0.13100890022792838,3
0.0,0.6357615894039734,0.6134020618556701,0.1518002124212096,3
0.0,0.642384105960265,0.6597938144329897,0.18205981140554642,3
0.0,0.589403973509934,0.5515463917525774,0.20605750263957334,3
0.0,0.5960264900662254,0.6494845360824743,0.21041363189251408,3
0.0,0.6688741721854304,0.5412371134020618,0.2138928672476154,3
0.0,0.589403973509934,0.6082474226804123,0.22347627803124567,3
0.0,0.642384105960265,0.6649484536082474,0.243326769588442,3
0.0,0.6158940397350995,0.7525773195876289,0.2483416132332196,3
0.12833333333333333,0.5960264900662254,0.6958762886597938,0.25744478538145865,3
0.4166666666666667,0.6556291390728479,0.6288659793814433,0.031230812809842124,3
0.0,0.609271523178808,0.6443298969072165,8.715694272447055E-5,0
0.0,0.543046357615894,0.788659793814433,0.005274504723974239,0
0.0,0.5960264900662254,0.7731958762886598,0.029256014949987853,3
0.0,0.556291390728477,0.8247422680412371,0.058014050797993454,3
0.028333333333333332,0.39072847682119227,0.7731958762886598,0.11333695206744718,3
0.4716666666666667,0.5298013245033115,0.654639175257732,0.11761602101214964,3
0.25666666666666665,0.5629139072847685,0.7938144329896907,5.669603317334332E-5,0
0.0,0.6291390728476824,0.5979381443298969,4.425158644038376E-5,0
0.0,0.5629139072847685,0.7061855670103093,0.0022362360268963696,0
8.333333333333334E-4,0.3576158940397353,0.7835051546391752,0.010677353846790593,2
0.0,0.21192052980132448,0.8247422680412371,0.029444442788995485,2
0.20500000000000002,0.576158940397351,0.7268041237113402,0.0710771029361511,3
0.04416666666666667,0.6622516556291393,0.7216494845360825,0.003129065640011955,0
0.0,0.6158940397350995,0.6391752577319587,0.008490984659628538,0
8.333333333333334E-4,0.6026490066225165,0.7783505154639175,0.028510008170387416,3
0.07,0.43708609271523197,0.5463917525773195,0.05338849281685186,3
0.305,0.5298013245033115,0.7938144329896907,0.025612875623414896,3
0.2783333333333333,0.5827814569536425,0.6082474226804123,4.0521754880782366E-4,0
0.013333333333333334,0.5827814569536425,0.6237113402061856,6.748744983330164E-5,0
0.0,0.6357615894039734,0.6494845360824743,0.001858321885836376,0
8.333333333333334E-4,0.6158940397350995,0.634020618556701,0.009081823445788841,3
0.02,0.543046357615894,0.7010309278350515,0.025970861045070976,3
0.007500000000000001,0.5496688741721856,0.7628865979381443,0.04598315917213723,3
0.0016666666666666668,0.5496688741721856,0.7164948453608248,0.07037620749307658,3
0.10333333333333333,0.556291390728477,0.7989690721649485,0.07966698416955151,3
0.0,0.6688741721854304,0.6288659793814433,0.015006074812550533,3
0.0175,0.576158940397351,0.7422680412371134,0.042617084607096546,3
0.0,0.5695364238410595,0.7422680412371134,0.05667171514869365,3
0.185,0.6556291390728479,0.5876288659793815,0.0834523032546673,3
0.02666666666666667,0.5629139072847685,0.6855670103092784,0.004707112787358211,0
0.0,0.6357615894039734,0.6494845360824743,0.018451674760557313,3
0.018333333333333333,0.5695364238410595,0.6958762886597938,0.050468290570964275,3
0.0,0.6158940397350995,0.6701030927835051,0.06119988061012381,3
0.0575,0.49006622516556314,0.7268041237113402,0.10678796757443045,3
0.05083333333333333,0.5298013245033115,0.7938144329896907,0.056709130828240945,3
0.19333333333333333,0.48344370860927166,0.7731958762886598,0.04280158866576912,3
0.09000000000000001,0.4503311258278147,0.8195876288659794,0.003643608588116647,0
0.2033333333333333,0.5231788079470201,0.8092783505154639,0.005780180018785456,0
0.04416666666666667,0.41721854304635775,0.8762886597938144,9.365170770760657E-4,0
0.0575,0.44370860927152317,0.7680412371134021,0.005137079721521907,0
0.08416666666666667,0.5960264900662254,0.6288659793814433,0.009407761146456443,3
0.0,0.6026490066225165,0.5412371134020618,0.007796968036252297,0
0.0,0.4966887417218546,0.7731958762886598,0.0312473695291661,3
0.0,0.5099337748344371,0.7319587628865979,0.06173896401161794,3
0.008333333333333333,0.556291390728477,0.6288659793814433,0.08594480183467659,3
0.0,0.5231788079470201,0.6134020618556701,0.09133054178514469,3
0.035833333333333335,0.6225165562913909,0.6752577319587629,0.11620725280212442,3
0.0,0.5298013245033115,0.7783505154639175,0.07447959880583503,3
0.02666666666666667,0.5364238410596026,0.6855670103092784,0.11426785054087978,3
0.09416666666666668,0.5629139072847685,0.6701030927835051,0.08798578362956823,3
0.0,0.556291390728477,0.634020618556701,0.024789128141915414,3
0.0,0.5629139072847685,0.6649484536082474,0.07049171917135784,3
0.0,0.6026490066225165,0.5876288659793815,0.11232486557786059,3
0.0,0.576158940397351,0.6494845360824743,0.1434871183116972,3
0.0,0.4701986754966889,0.6804123711340206,0.16949870151555735,3
0.06333333333333332,0.5496688741721856,0.6443298969072165,0.20038595231073905,3
0.0,0.3509933774834438,0.8969072164948454,0.07246873629743328,2
0.10333333333333333,0.5629139072847685,0.6649484536082474,0.12507771456217087,3
0.08166666666666668,0.642384105960265,0.5773195876288659,0.027827790711543388,3
0.0,0.6688741721854304,0.520618556701031,0.01953201955093403,3
0.0,0.642384105960265,0.4690721649484536,0.06656342431026532,3
0.0,0.6026490066225165,0.4896907216494845,0.11422900607473652,3
0.0,0.6158940397350995,0.5103092783505154,0.14620142053458718,3
0.0,0.7086092715231789,0.4381443298969072,0.18327271094082087,3
0.0,0.6754966887417219,0.5309278350515464,0.2097686525843526,3
0.0,0.43708609271523197,0.7319587628865979,0.22495609952275653,3
0.0,0.5099337748344371,0.634020618556701,0.2543077814077108,3
0.11666666666666667,0.5231788079470201,0.5824742268041238,0.2680263433630581,3
0.05333333333333334,0.6291390728476824,0.5103092783505154,0.04163350361706629,3
0.0,0.556291390728477,0.6185567010309279,0.04672761069544628,3
0.0,0.49006622516556314,0.6494845360824743,0.11327576663346677,3
0.0,0.4966887417218546,0.6752577319587629,0.16609588893956617,3
0.0,0.576158940397351,0.8195876288659794,0.2099134429033632,3
0.0,0.576158940397351,0.6391752577319587,0.2728208279876178,3
0.16,0.6291390728476824,0.5824742268041238,0.30601535273400526,3
0.0,0.6490066225165564,0.6649484536082474,0.021131295852094417,3
0.0,0.6688741721854304,0.5721649484536082,0.0829937455359349,3
0.0,0.6622516556291393,0.6082474226804123,0.15502482488907252,3
0.0,0.5629139072847685,0.7989690721649485,0.19979368686941254,3
0.0,0.6225165562913909,0.6597938144329897,0.24997358970539124,3
8.333333333333334E-4,0.6688741721854304,0.6494845360824743,0.30983046882568677,3
0.0,0.5364238410596026,0.7061855670103093,0.3069040853039219,3
0.0,0.6225165562913909,0.7783505154639175,0.3114115263031406,3
0.0,0.3509933774834438,0.9536082474226805,0.3309824238030939,2
0.04416666666666667,0.5364238410596026,0.7731958762886598,0.339972684230505,3
0.06916666666666667,0.5629139072847685,0.6597938144329897,0.1704880602148142,3
0.0,0.6688741721854304,0.6134020618556701,0.07976264193688748,3
0.0,0.576158940397351,0.5463917525773195,0.16752879818235106,3
0.0,0.589403973509934,0.42783505154639173,0.235063401279898,3
0.0,0.6291390728476824,0.41237113402061853,0.28356894117371384,3
0.0,0.6821192052980134,0.41237113402061853,0.3572569512408979,3
0.0,0.5364238410596026,0.5412371134020618,0.4014629599933408,3
0.0,0.6291390728476824,0.4690721649484536,0.4053436699806581,3
0.0,0.609271523178808,0.5412371134020618,0.40913504101974685,3
0.0,0.609271523178808,0.5515463917525774,0.4119678347200678,3
0.0,0.5827814569536425,0.7938144329896907,0.4193329671522119,3
0.0,0.5629139072847685,0.5927835051546392,0.44863304225266887,3
0.06166666666666667,0.5960264900662254,0.5309278350515464,0.45771433914700355,3
0.0,0.5960264900662254,0.5309278350515464,0.17116795479765665,3
0.0,0.6556291390728479,0.5979381443298969,0.2934230055010165,3
0.0,0.6291390728476824,0.5412371134020618,0.37929917539897406,3
0.0,0.6158940397350995,0.4948453608247423,0.4265055055191231,3
8.333333333333334E-4,0.5629139072847685,0.5567010309278351,0.4626659372888962,3
0.0,0.6887417218543048,0.4329896907216495,0.4920573507536858,3
0.0,0.7019867549668873,0.5567010309278351,0.4955138358110745,3
0.0,0.6225165562913909,0.4896907216494845,0.516990901924615,3
0.0,0.5099337748344371,0.4639175257731959,0.5188139165320189,3
0.0,0.5827814569536425,0.6237113402061856,0.5308477604557301,3
0.0,0.6754966887417219,0.5927835051546392,0.5451141797184592,3
0.0,0.5496688741721856,0.5773195876288659,0.5471238955185276,3
0.004166666666666667,0.5364238410596026,0.4845360824742268,0.5533414586392796,3
0.0,0.6490066225165564,0.4381443298969072,0.5160508341994531,3
0.0,0.6754966887417219,0.36082474226804123,0.5348173446316062,3
0.0025,0.6887417218543048,0.5979381443298969,0.5594730043077338,3
0.0,0.6821192052980134,0.7010309278350515,0.5391831325456193,3
0.0,0.7218543046357618,0.4639175257731959,0.56136722249655,3
0.0,0.6291390728476824,0.5670103092783505,0.5832263008200637,3
0.0,0.6556291390728479,0.5,0.5853472595126284,3
0.0,0.7284768211920534,0.35051546391752575,0.5946691956231526,3
0.0,0.6953642384105964,0.36597938144329895,0.612926653658971,3
0.0,0.6688741721854304,0.5,0.6353685838301839,3
0.0,0.589403973509934,0.520618556701031,0.6360042702068545,3
0.0,0.7086092715231789,0.6185567010309279,0.6364241715791344,3
0.0,0.7284768211920534,0.5463917525773195,0.6364241715791344,3
0.0,0.7218543046357618,0.4484536082474227,0.638125694646725,3
0.0,0.7019867549668873,0.5721649484536082,0.6408178668784306,3
0.0,0.7880794701986757,0.42783505154639173,0.6727173644092806,3
0.0,0.6953642384105964,0.5515463917525774,0.6896093499710261,3
0.0,0.642384105960265,0.6649484536082474,0.7149733561939795,3
0.0,0.6821192052980134,0.5051546391752577,0.7215742459931089,3
0.0,0.6158940397350995,0.6855670103092784,0.7231200683251117,3
0.0,0.5165562913907286,0.788659793814433,0.7253144449418052,3
0.07833333333333334,0.609271523178808,0.7164948453608248,0.7379125178308339,3
0.0275,0.6490066225165564,0.6855670103092784,0.19868790328057936,3
0.0,0.6887417218543048,0.6134020618556701,0.2417091806738608,3
0.0,0.6622516556291393,0.6494845360824743,0.41170425965718316,3
8.333333333333334E-4,0.6688741721854304,0.5515463917525774,0.5022938346188949,3
0.0,0.6953642384105964,0.5,0.5777234402345333,3
0.0,0.7417218543046358,0.4639175257731959,0.676190795256942,3
0.0,0.7284768211920534,0.5051546391752577,0.702436691207808,3
0.0,0.7483443708609273,0.4175257731958763,0.705527166924608,3
0.0,0.7682119205298013,0.4742268041237113,0.7070598232131787,3
0.0,0.8145695364238412,0.38144329896907214,0.7089572850095404,3
0.0,0.8079470198675497,0.42783505154639173,0.7228670205862165,3
0.0,0.7086092715231789,0.5103092783505154,0.7281923847140316,3
0.0,0.7086092715231789,0.4536082474226804,0.7384440061584006,3
0.0,0.7284768211920534,0.4896907216494845,0.7462982192946034,3
0.0,0.7086092715231789,0.37628865979381443,0.7475455785803174,3
0.0,0.7947019867549673,0.36597938144329895,0.7790812012455519,3
0.0,0.7284768211920534,0.44329896907216493,0.8041576068132767,3
0.0,0.7218543046357618,0.5567010309278351,0.8059609388362529,3
0.0,0.7086092715231789,0.4742268041237113,0.8059609388362529,3
0.0,0.7549668874172188,0.4793814432989691,0.8075260207012367,3
0.0,0.7748344370860928,0.5154639175257731,0.8075260207012367,3
0.0,0.7417218543046358,0.5463917525773195,0.8114358059243078,3
0.0,0.7483443708609273,0.3865979381443299,0.814908044781029,3
0.06333333333333332,0.7947019867549673,0.3865979381443299,0.8282501965086447,3
0.0,0.7417218543046358,0.31958762886597936,0.2879754612433128,3
0.0,0.7682119205298013,0.3711340206185567,0.5044936618092432,3
0.0,0.7748344370860928,0.4793814432989691,0.6372648061858656,3
0.0,0.7947019867549673,0.36597938144329895,0.6909139441005417,3
0.0,0.8476821192052982,0.21649484536082475,0.750759437922968,4
0.0,0.8807947019867551,0.2422680412371134,0.8100413359215871,4
0.0,0.8675496688741722,0.26288659793814434,0.8254967104442513,4
0.0,0.8278145695364242,0.29896907216494845,0.8309630076887765,3
0.0,0.8344370860927152,0.36597938144329895,0.8363484048397835,3
0.0,0.7615894039735103,0.41237113402061853,0.8363484048397835,3
0.0,0.8211920529801328,0.36082474226804123,0.8518881837832339,3
0.0,0.8079470198675497,0.28350515463917525,0.8518881837832339,3
0.0,0.9006622516556291,0.30412371134020616,0.8537985521345551,4
0.0,0.8211920529801328,0.24742268041237114,0.8605788795449716,4
0.0,0.8675496688741722,0.39690721649484534,0.8610351072421824,3
0.0,0.8145695364238412,0.31958762886597936,0.8876125042340396,3
0.0,0.8278145695364242,0.24742268041237114,0.8876125042340396,4
0.0,0.8410596026490067,0.422680412371134,0.8878788279326549,3
0.0,0.6556291390728479,0.5412371134020618,0.8892916781915466,3
0.016666666666666666,0.7284768211920534,0.5463917525773195,0.8962642386256792,3
0.016666666666666666,0.6357615894039734,0.634020618556701,0.6773819389602007,3
0.31833333333333336,0.7350993377483444,0.422680412371134,0.5940213593319811,3
0.0,0.8278145695364242,0.33505154639175255,0.0034756257199268182,0
0.0,0.7086092715231789,0.3865979381443299,0.05458587957723927,3
0.0,0.7417218543046358,0.3556701030927835,0.17871194555593922,3
0.0,0.8079470198675497,0.33505154639175255,0.2725372418141505,3
0.0,0.8476821192052982,0.36597938144329895,0.40739175893937807,3
0.0,0.8543046357615897,0.27835051546391754,0.596915329803141,4
0.0,0.8476821192052982,0.33505154639175255,0.596915329803141,3
0.0,0.8278145695364242,0.25257731958762886,0.596915329803141,4
0.0,0.8741721854304636,0.23195876288659795,0.6084868351627702,4
0.0,0.8410596026490067,0.24742268041237114,0.6183132940854853,4
0.0,0.7880794701986757,0.3402061855670103,0.6704004884021725,3
0.0,0.8543046357615897,0.29381443298969073,0.6704004884021725,3
0.0,0.8675496688741722,0.27319587628865977,0.6704004884021725,4
0.0,0.8675496688741722,0.33505154639175255,0.6757852024682167,3
0.0,0.8940397350993381,0.27835051546391754,0.6876673910457236,4
0.0,0.6953642384105964,0.36597938144329895,0.8038440464938323,3
0.0,0.8013245033112583,0.42783505154639173,0.8147206374827911,3
0.0,0.8410596026490067,0.30412371134020616,0.8147206374827911,3
0.0,0.8410596026490067,0.34536082474226804,0.8148021136205408,3
0.0,0.8940397350993381,0.25257731958762886,0.8148021136205408,4
0.0,0.9006622516556291,0.26804123711340205,0.8148021136205408,4
0.0,0.8079470198675497,0.29896907216494845,0.8148021136205408,3
0.0,0.8874172185430467,0.29381443298969073,0.8149813898057724,4
0.0,0.8874172185430467,0.1958762886597938,0.8149813898057724,4
0.0,0.9271523178807951,0.26288659793814434,0.8149813898057724,4
0.0,0.8807947019867551,0.36597938144329895,0.8150547414318647,3
0.0,0.8013245033112583,0.37628865979381443,0.8180842107230284,3
0.0,0.6490066225165564,0.788659793814433,0.822851114448576,3
0.0,0.7019867549668873,0.4690721649484536,0.8261491105116731,3
0.0,0.6953642384105964,0.3917525773195876,0.8294603249782051,3
0.0,0.7814569536423842,0.44329896907216493,0.8953147018733397,3
0.0,0.8278145695364242,0.36082474226804123,0.8953147018733397,3
0.0,0.8807947019867551,0.28865979381443296,0.8953147018733397,4
0.0,0.8410596026490067,0.24742268041237114,0.8953147018733397,4
0.0,0.8741721854304636,0.25257731958762886,0.8953147018733397,4
0.0,0.9271523178807951,0.24742268041237114,0.8953147018733397,4
0.0,0.9006622516556291,0.23711340206185566,0.8953147018733397,4
0.0,0.6490066225165564,0.5257731958762887,0.8953147018733397,3
0.21,0.5165562913907286,0.6494845360824743,0.9021450159444575,3
0.018333333333333333,0.6490066225165564,0.4020618556701031,0.02662778402796593,3
0.0,0.609271523178808,0.42783505154639173,0.11420045239192048,3
0.0,0.6887417218543048,0.520618556701031,0.28371076109763993,3
0.0,0.576158940397351,0.5876288659793815,0.38992533609046715,3
0.0,0.6887417218543048,0.5721649484536082,0.512835574621808,3
0.0,0.7417218543046358,0.4793814432989691,0.6764410321431278,3
0.0,0.6754966887417219,0.5,0.6921725524697819,3
0.0,0.6556291390728479,0.4329896907216495,0.6921725524697819,3
0.0,0.7152317880794703,0.4793814432989691,0.6921725524697819,3
0.0,0.7019867549668873,0.6082474226804123,0.6921933179579155,3
0.03916666666666667,0.7152317880794703,0.4793814432989691,0.7279739597632102,3
0.0575,0.38410596026490074,0.8505154639175257,0.3786700610728091,2
0.056666666666666664,0.5695364238410595,0.5618556701030928,0.200269762155278,3
0.01,0.6357615894039734,0.5412371134020618,0.14431743215130588,3
0.0,0.6887417218543048,0.4690721649484536,0.25315837252273776,3
0.0,0.5695364238410595,0.520618556701031,0.4193958718154105,3
0.0,0.43708609271523197,0.6907216494845361,0.527329334563452,3
0.0,0.4966887417218546,0.7010309278350515,0.6120569154673077,3
0.07333333333333333,0.5496688741721856,0.8092783505154639,0.6630333414254616,3
0.10333333333333333,0.6026490066225165,0.654639175257732,0.196139328860283,3
0.018333333333333333,0.7152317880794703,0.5257731958762887,0.06412441884848821,3
0.0,0.7019867549668873,0.4948453608247423,0.15330436583180845,3
0.0,0.6754966887417219,0.5824742268041238,0.28721333652531245,3
0.0,0.5364238410596026,0.7628865979381443,0.384454434002632,3
0.0,0.642384105960265,0.5824742268041238,0.4869810819433573,3
0.0,0.7218543046357618,0.4639175257731959,0.5635326520904838,3
0.0,0.5165562913907286,0.7164948453608248,0.5870002684389962,3
0.0,0.4966887417218546,0.8092783505154639,0.6034271237602837,3
0.09666666666666666,0.43046357615894043,0.7319587628865979,0.6200655990572107,3
0.01583333333333333,0.6490066225165564,0.5257731958762887,0.12527424081089325,3
0.0,0.6821192052980134,0.5103092783505154,0.23315542012234453,3
0.0,0.7019867549668873,0.4896907216494845,0.3805072666320954,3
0.0,0.5827814569536425,0.7010309278350515,0.4523721925330102,3
0.0,0.5629139072847685,0.7319587628865979,0.5177566149512214,3
0.07,0.642384105960265,0.7525773195876289,0.6138221801524117,3
0.0,0.37086092715231805,0.8711340206185567,0.20415617583104445,2
0.13416666666666668,0.37748344370860926,0.865979381443299,0.37166587848022625,2
0.08499999999999999,0.6754966887417219,0.6855670103092784,0.05019900618040495,3
0.0016666666666666668,0.6688741721854304,0.7010309278350515,0.040406683991704564,3
0.0,0.32450331125827836,0.711340206185567,0.14478722681714667,3
0.0,0.576158940397351,0.6701030927835051,0.2557154419443275,3
0.0,0.46357615894039744,0.7783505154639175,0.3378038068453528,3
0.17083333333333334,0.6357615894039734,0.6701030927835051,0.4464222601387087,3
0.0,0.6821192052980134,0.4690721649484536,0.028470406784719796,3
0.0,0.6225165562913909,0.6494845360824743,0.1257964671412376,3
0.0,0.6490066225165564,0.5154639175257731,0.23842749754588355,3
0.0025,0.6688741721854304,0.5927835051546392,0.292675730011472,3
0.0,0.6490066225165564,0.5360824742268041,0.3557631762482104,3
0.0,0.589403973509934,0.6907216494845361,0.4551674056728286,3
0.10833333333333334,0.6225165562913909,0.5773195876288659,0.4679049963208265,3
0.0,0.6291390728476824,0.5979381443298969,0.08066181161237458,3
0.0,0.7019867549668873,0.4793814432989691,0.2042051791940425,3
0.0,0.5033112582781456,0.7319587628865979,0.3226361679965284,3
1.0,0.5496688741721856,0.5721649484536082,0.3987462601108329,3
0.0,0.6026490066225165,0.4072164948453608,2.0354386440658024E-8,0
0.0,0.576158940397351,0.4587628865979381,1.1637968560884696E-4,0
0.0,0.6026490066225165,0.5412371134020618,0.004259384495063697,0
0.0,0.5695364238410595,0.5876288659793815,0.014150148178814822,3
0.0,0.5298013245033115,0.6237113402061856,0.05099487972397411,3
0.0,0.576158940397351,0.5721649484536082,0.17420717755652385,3
0.0,0.26490066225165565,0.8247422680412371,0.1840569586049215,2
0.0,0.44370860927152317,0.8298969072164949,0.18446232966429493,3
0.0525,0.3576158940397353,0.6804123711340206,0.18468381732906347,3
0.055,0.13907284768211933,0.9175257731958762,0.07645063567564393,2
0.5091666666666667,0.5033112582781456,0.8195876288659794,0.05995805520365804,3
0.02666666666666667,0.5231788079470201,0.7216494845360825,2.3738304068080446E-5,0
0.058333333333333334,0.642384105960265,0.654639175257732,0.001418277958137254,0
0.030000000000000002,0.5496688741721856,0.6958762886597938,0.004892212938896774,0
0.0,0.556291390728477,0.654639175257732,0.011359393814213367,3
0.0,0.6158940397350995,0.5670103092783505,0.059231010886224685,3
0.0,0.5827814569536425,0.6443298969072165,0.1346185552012116,3
0.0,0.576158940397351,0.7268041237113402,0.15526685235233403,3
0.0,0.6291390728476824,0.5309278350515464,0.17382434303250888,3
0.0,0.7152317880794703,0.5,0.19141527219916357,3
0.0,0.6887417218543048,0.5,0.19419159369675715,3
8.333333333333334E-4,0.543046357615894,0.6494845360824743,0.21943263198945004,3
0.0,0.576158940397351,0.654639175257732,0.21777126515704137,3
0.0,0.556291390728477,0.520618556701031,0.2225262939783395,3
0.042499999999999996,0.6357615894039734,0.4690721649484536,0.2305448153497041,3
0.0,0.5695364238410595,0.6288659793814433,0.11721914994219583,3
0.03833333333333333,0.5099337748344371,0.6649484536082474,0.22279348581730485,3
0.0,0.5099337748344371,0.6752577319587629,0.14230679613421734,3
8.333333333333334E-4,0.46357615894039744,0.7474226804123711,0.2125091973875217,3
0.0,0.5364238410596026,0.7371134020618557,0.25682252223657137,3
0.0,0.09933774834437087,0.9072164948453608,0.36226836406223323,2
0.1575,0.556291390728477,0.7474226804123711,0.3804616084993274,3
0.0,0.556291390728477,0.6804123711340206,0.028292172853935278,3
0.01583333333333333,0.14569536423841056,0.9484536082474226,0.10633401841958413,2
0.5108333333333334,0.5364238410596026,0.7731958762886598,0.14382327132032469,3
0.0,0.5695364238410595,0.6804123711340206,3.801844719437452E-5,0
0.0,0.5827814569536425,0.6391752577319587,0.0035853085927183047,0
0.0,0.6291390728476824,0.6288659793814433,0.028053269587350847,3
0.0,0.42384105960264923,0.8917525773195877,0.05277856972255255,2
0.013333333333333334,0.2516556291390729,0.9381443298969072,0.10057515465062909,2
0.115,0.6357615894039734,0.5824742268041238,0.1534700239890458,3
0.0,0.5960264900662254,0.6237113402061856,0.028335209660351447,3
0.0125,0.43708609271523197,0.7938144329896907,0.08315490968604797,3
0.005,0.4503311258278147,0.6752577319587629,0.10678369614105172,3
0.030833333333333334,0.4503311258278147,0.5257731958762887,0.12998320650838882,3
0.0,0.5298013245033115,0.8247422680412371,0.11140868180100201,3
0.0,0.38410596026490074,0.7577319587628866,0.17126383569796025,3
0.23249999999999998,0.6225165562913909,0.6391752577319587,0.21107536908859442,3
0.0,0.38410596026490074,0.7731958762886598,0.004509943832139817,0
0.07666666666666666,0.589403973509934,0.5515463917525774,0.03420682565953843,3
0.0,0.2781456953642384,0.7577319587628866,0.028996791648342523,2
0.0,0.8145695364238412,0.7989690721649485,0.075022288291409,3
0.0,0.41721854304635775,0.7835051546391752,0.13071054018911551,3
0.0016666666666666668,0.37748344370860926,0.9432989690721649,0.19004963365160152,2
0.04,0.5629139072847685,0.5463917525773195,0.20285374850198873,3
0.04833333333333333,0.33112582781456956,0.865979381443299,0.11828834665464688,2
0.0,0.576158940397351,0.6494845360824743,0.07944343417150136,3
0.09000000000000001,0.556291390728477,0.7731958762886598,0.13933836599179286,3
0.035833333333333335,0.5960264900662254,0.6185567010309279,0.040882627502655054,3
0.05333333333333334,0.5298013245033115,0.6443298969072165,0.05326637304279666,3
0.0,0.556291390728477,0.7525773195876289,0.05264152367151555,3
0.0,0.39072847682119227,0.6855670103092784,0.11066473860800383,3
0.06166666666666667,0.3509933774834438,0.711340206185567,0.1619528535479966,3
0.315,0.41721854304635775,0.6134020618556701,0.07967096761847667,3
0.0,0.5960264900662254,0.7371134020618557,7.52090805877846E-4,0
0.2833333333333333,0.3642384105960265,0.8041237113402062,0.01676989182026433,2
0.5533333333333333,0.42384105960264923,0.7731958762886598,4.952908961322882E-4,0
0.36666666666666664,0.3973509933774835,0.8402061855670103,7.705030608100086E-7,0
0.005,0.33112582781456956,0.8865979381443299,7.564075645548602E-7,0
0.13166666666666668,0.4105960264900662,0.7835051546391752,2.3182417863116205E-4,0
0.04,0.5496688741721856,0.6494845360824743,2.8196452011645376E-4,0
0.005,0.5033112582781456,0.7628865979381443,0.002105291704163022,0
0.0,0.6688741721854304,0.4948453608247423,0.013245463061725455,3
0.0,0.589403973509934,0.6958762886597938,0.031389869012955963,3
0.0,0.5033112582781456,0.7835051546391752,0.043691135017317584,3
0.0,0.5165562913907286,0.6907216494845361,0.05582407536943581,3
0.08,0.5231788079470201,0.7783505154639175,0.06306747846743235,3
0.0,0.5629139072847685,0.6907216494845361,0.01895931074600431,3
0.215,0.5695364238410595,0.7577319587628866,0.044368298755192666,3
0.18166666666666667,0.41721854304635775,0.6855670103092784,0.0018810570616224415,0
0.16999999999999998,0.556291390728477,0.7525773195876289,6.266739380842561E-4,0
0.025,0.43708609271523197,0.8711340206185567,4.576134455548841E-4,0
0.2533333333333333,0.5033112582781456,0.7783505154639175,0.004486956787657968,0
0.3733333333333333,0.19867549668874174,0.9123711340206185,2.77830470480957E-4,0
0.16166666666666665,0.3046357615894041,0.7835051546391752,9.540494927707142E-6,0
0.05416666666666667,0.5629139072847685,0.7577319587628866,6.179596485731256E-5,0
0.0,0.43708609271523197,0.6701030927835051,6.633193854719348E-4,0
0.0,0.5099337748344371,0.7474226804123711,0.004204875381200208,0
0.0,0.46357615894039744,0.845360824742268,0.013448197555837408,3
0.030000000000000002,0.5298013245033115,0.7061855670103093,0.028966650658328826,3
0.0,0.5827814569536425,0.6701030927835051,0.024867088345992,3
0.0,0.5231788079470201,0.7061855670103093,0.035564402498368314,3
0.07,0.4966887417218546,0.7680412371134021,0.042209495998850766,3
0.0,0.5827814569536425,0.7061855670103093,0.014559520379436895,3
8.333333333333334E-4,0.6225165562913909,0.5670103092783505,0.035607105401134716,3
0.011666666666666665,0.5695364238410595,0.6701030927835051,0.05693812975897751,3
0.0,0.5231788079470201,0.711340206185567,0.060394330710659125,3
0.013333333333333334,0.576158940397351,0.7628865979381443,0.08398979054652096,3
0.0,0.6887417218543048,0.5876288659793815,0.09400004431190552,3
0.06333333333333332,0.6158940397350995,0.7525773195876289,0.12807105935674018,3
0.0,0.609271523178808,0.6185567010309279,0.05306752886818167,3
0.006666666666666667,0.576158940397351,0.6443298969072165,0.10020070809095775,3
0.013333333333333334,0.642384105960265,0.6649484536082474,0.11458710300130631,3
0.018333333333333333,0.6158940397350995,0.7061855670103093,0.10961840153668559,3
0.006666666666666667,0.556291390728477,0.6494845360824743,0.10046659211509183,3
0.0033333333333333335,0.5298013245033115,0.6494845360824743,0.12178598220778876,3
0.0,0.41721854304635775,0.7783505154639175,0.13362872720229194,3
0.0,0.6225165562913909,0.6288659793814433,0.15024469487364164,3
0.008333333333333333,0.5960264900662254,0.7835051546391752,0.16985841993513548,3
0.0,0.6622516556291393,0.5515463917525774,0.16319001621688334,3
0.042499999999999996,0.46357615894039744,0.7731958762886598,0.18967560440790404,3
8.333333333333334E-4,0.5629139072847685,0.711340206185567,0.10065665353061345,3
8.333333333333334E-4,0.4966887417218546,0.6494845360824743,0.14436506476373115,3
0.0,0.6490066225165564,0.711340206185567,0.18108295969336088,3
0.0,0.576158940397351,0.7525773195876289,0.21361071492088646,3
0.19166666666666668,0.5960264900662254,0.7474226804123711,0.2437846541968745,3
0.0,0.5629139072847685,0.8144329896907216,0.010569632522260132,3
0.0,0.556291390728477,0.7268041237113402,0.053226970505538686,3
0.14666666666666667,0.5033112582781456,0.7783505154639175,0.10806849697231444,3
0.014166666666666666,0.43708609271523197,0.8298969072164949,0.011750491366464237,3
0.030000000000000002,0.4701986754966889,0.7474226804123711,0.04419869316293955,3
8.333333333333334E-4,0.5960264900662254,0.7422680412371134,0.06494204398613941,3
0.009166666666666667,0.5231788079470201,0.7422680412371134,0.10399733318477662,3
0.03166666666666666,0.4768211920529801,0.9020618556701031,0.12430836094373576,2
0.0016666666666666668,0.5695364238410595,0.8041237113402062,0.10376567751798738,3
0.03333333333333333,0.576158940397351,0.8092783505154639,0.1463096496275515,3
0.0,0.5165562913907286,0.8762886597938144,0.11049002637586366,3
0.0175,0.6556291390728479,0.8041237113402062,0.16529392713748614,3
0.11916666666666667,0.556291390728477,0.7577319587628866,0.15328903616145897,3
0.015000000000000001,0.6026490066225165,0.788659793814433,0.027045893559786382,3
0.0,0.6754966887417219,0.36597938144329895,0.06609117590981302,3
0.022500000000000003,0.4768211920529801,0.5257731958762887,0.1423011039761107,3
0.004166666666666667,0.5298013245033115,0.5,0.12182495995904305,3
0.0016666666666666668,0.5298013245033115,0.5412371134020618,0.16639013900212107,3
0.0,0.49006622516556314,0.5876288659793815,0.23239424708613413,3
0.09000000000000001,0.4569536423841062,0.634020618556701,0.25273595085650513,3
0.022500000000000003,0.4701986754966889,0.5463917525773195,0.05923693428374081,3
0.0,0.48344370860927166,0.6185567010309279,0.09033683113741701,3
8.333333333333334E-4,0.46357615894039744,0.654639175257732,0.15454962846833056,3
0.03166666666666666,0.42384105960264923,0.6752577319587629,0.198168022308567,3
0.02,0.5033112582781456,0.5360824742268041,0.13811342427352113,3
0.022500000000000003,0.5695364238410595,0.5309278350515464,0.15488381646459776,3
0.0,0.543046357615894,0.5154639175257731,0.14596184670484091,3
0.0,0.5033112582781456,0.5463917525773195,0.20506874590552238,3
0.0,0.5165562913907286,0.5412371134020618,0.2623830008433985,3
0.0,0.543046357615894,0.5154639175257731,0.29601652271144974,3
0.0,0.543046357615894,0.5463917525773195,0.3360484257364814,3
0.019166666666666665,0.5496688741721856,0.4587628865979381,0.3520155230319972,3
0.0,0.556291390728477,0.5670103092783505,0.25644527047300336,3
0.0,0.5099337748344371,0.6185567010309279,0.3127722447799919,3
0.06749999999999999,0.4701986754966889,0.6391752577319587,0.34069759781240205,3
0.0,0.576158940397351,0.4896907216494845,0.11853345713948654,3
0.013333333333333334,0.5496688741721856,0.4845360824742268,0.22026365699605724,3
0.0,0.5827814569536425,0.422680412371134,0.23267561432113376,3
0.0,0.5298013245033115,0.4484536082474227,0.28810219832752915,3
0.0,0.5033112582781456,0.5567010309278351,0.3475558161263112,3
0.0,0.5099337748344371,0.6134020618556701,0.39430521822632913,3
0.04,0.19867549668874174,0.7628865979381443,0.4131642754489223,2
0.16833333333333333,0.3576158940397353,0.6752577319587629,0.21952042260024773,3
0.07583333333333334,0.4768211920529801,0.6185567010309279,0.01869442107558366,3
0.014166666666666666,0.4503311258278147,0.6237113402061856,0.025261592964472637,3
0.0,0.48344370860927166,0.6597938144329897,0.07440962087526928,3
0.02,0.4701986754966889,0.634020618556701,0.14230395002670324,3
0.0,0.4768211920529801,0.6804123711340206,0.15293534714994525,3
0.04583333333333333,0.5165562913907286,0.5721649484536082,0.24740712795299588,3
0.075,0.5033112582781456,0.5721649484536082,0.13761022915508084,3
0.0,0.556291390728477,0.5309278350515464,0.06310659242978563,3
0.0,0.609271523178808,0.7010309278350515,0.14433042130493906,3
0.0,0.6225165562913909,0.4072164948453608,0.21201038709913572,3
0.0,0.6225165562913909,0.3917525773195876,0.2574885547157079,3
0.0,0.6357615894039734,0.35051546391752575,0.3094372338839855,3
0.0,0.6622516556291393,0.35051546391752575,0.3452177143208012,3
0.0,0.6556291390728479,0.38144329896907214,0.3474341928750586,3
0.0,0.6887417218543048,0.38144329896907214,0.35916980615164323,3
0.0,0.6490066225165564,0.4175257731958763,0.3947194561450733,3
0.0,0.5033112582781456,0.6237113402061856,0.4176965764689403,3
0.0,0.5695364238410595,0.4639175257731959,0.4407885472003501,3
0.03333333333333333,0.6622516556291393,0.36082474226804123,0.4407885472003501,3
0.0,0.6556291390728479,0.38144329896907214,0.25732124153611,3
0.0,0.7019867549668873,0.3711340206185567,0.3475592917018766,3
0.0,0.6357615894039734,0.5,0.4035075807832295,3
0.0,0.4701986754966889,0.4742268041237113,0.4440758031587385,3
0.0016666666666666668,0.556291390728477,0.5463917525773195,0.4622451027923108,3
8.333333333333334E-4,0.556291390728477,0.5051546391752577,0.4734731833463025,3
0.0,0.6357615894039734,0.422680412371134,0.48801945713048045,3
0.0,0.6556291390728479,0.36597938144329895,0.4945188532882373,3
0.0,0.609271523178808,0.37628865979381443,0.5112226841895671,3
0.0,0.5629139072847685,0.520618556701031,0.5371542389934065,3
0.0,0.556291390728477,0.4020618556701031,0.566946689338337,3
0.0,0.5827814569536425,0.4948453608247423,0.5996734620959003,3
0.0,0.556291390728477,0.3865979381443299,0.620003595597267,3
0.0,0.6357615894039734,0.4175257731958763,0.6242090182349732,3
0.0,0.6026490066225165,0.38144329896907214,0.6263098880298231,3
0.01583333333333333,0.48344370860927166,0.4845360824742268,0.6403566440725227,3
0.0,0.403973509933775,0.6185567010309279,0.4913149048378202,3
0.0,0.5960264900662254,0.6134020618556701,0.5675479714550409,3
0.0,0.7086092715231789,0.5,0.618467891733564,3
0.0,0.7019867549668873,0.5463917525773195,0.6362968994719287,3
0.0,0.6490066225165564,0.4896907216494845,0.6490211323408963,3
0.0,0.5960264900662254,0.5154639175257731,0.6740641454754902,3
0.0,0.6225165562913909,0.5876288659793815,0.6870350279751608,3
0.0,0.7615894039735103,0.4896907216494845,0.6996605423029286,3
0.0,0.6490066225165564,0.5670103092783505,0.7030480770457197,3
0.0,0.6490066225165564,0.5103092783505154,0.7181908043408327,3
0.0,0.7086092715231789,0.520618556701031,0.7438915648770497,3
0.0,0.5960264900662254,0.5257731958762887,0.7540625168203866,3
0.0,0.6357615894039734,0.4690721649484536,0.7627461516068871,3
0.0,0.609271523178808,0.4484536082474227,0.7627461516068871,3
0.0,0.6291390728476824,0.4845360824742268,0.7706430361358926,3
0.0,0.6821192052980134,0.41237113402061853,0.7806331164847738,3
0.0,0.6026490066225165,0.5463917525773195,0.7830020219150159,3
0.0,0.6754966887417219,0.27319587628865977,0.7902230744200857,3
0.0,0.7019867549668873,0.3402061855670103,0.7902467814680009,3
0.0,0.7019867549668873,0.4845360824742268,0.796761413537355,3
0.0,0.609271523178808,0.5567010309278351,0.7978297894870353,3
0.0,0.6821192052980134,0.5876288659793815,0.7979335141019638,3
0.0,0.6754966887417219,0.5309278350515464,0.7996749065966002,3
0.0,0.7019867549668873,0.39690721649484534,0.7996749065966002,3
0.0,0.6754966887417219,0.6701030927835051,0.8049299687927712,3
0.0,0.6490066225165564,0.4536082474226804,0.8248860688418381,3
8.333333333333334E-4,0.5695364238410595,0.6134020618556701,0.8373191319052906,3
0.0,0.49006622516556314,0.8298969072164949,0.8270831866631507,3
0.01583333333333333,0.609271523178808,0.5360824742268041,0.8340349253993863,3
0.0325,0.5629139072847685,0.5618556701030928,0.6435149618650924,3
0.0,0.6490066225165564,0.4175257731958763,0.4285233699313491,3
0.0,0.6556291390728479,0.4845360824742268,0.6002854410861428,3
0.0,0.6357615894039734,0.4587628865979381,0.697097494173144,3
0.0,0.7019867549668873,0.37628865979381443,0.739323277591595,3
0.0,0.6754966887417219,0.3917525773195876,0.7834719640982974,3
0.0,0.7019867549668873,0.5360824742268041,0.8152259209013323,3
0.0,0.7615894039735103,0.4175257731958763,0.8161558083893147,3
0.0,0.7218543046357618,0.35051546391752575,0.8198285871989034,3
0.0,0.7748344370860928,0.28865979381443296,0.8205503538887146,3
0.0,0.7682119205298013,0.31443298969072164,0.8237320363530174,3
0.0,0.7880794701986757,0.28350515463917525,0.8301822694635351,3
0.0,0.7417218543046358,0.4639175257731959,0.8301822694635351,3
0.0,0.7549668874172188,0.42783505154639173,0.8439939096342544,3
0.0,0.7549668874172188,0.4896907216494845,0.8439939096342544,3
0.0,0.7417218543046358,0.422680412371134,0.8544305968927962,3
0.0,0.7417218543046358,0.4484536082474227,0.8786224459491847,3
0.0,0.7947019867549673,0.5051546391752577,0.879668629018457,3
0.0,0.7152317880794703,0.5154639175257731,0.8840337835895635,3
0.0,0.7284768211920534,0.4793814432989691,0.8840956681205319,3
0.0,0.7682119205298013,0.4793814432989691,0.8853785366980637,3
0.0,0.7549668874172188,0.32989690721649484,0.8878255568009716,3
0.0,0.8410596026490067,0.27319587628865977,0.887949861080388,4
0.0,0.7880794701986757,0.23711340206185566,0.8904396047132191,3
0.0,0.8675496688741722,0.10824742268041238,0.8904396047132191,4
0.0,0.7417218543046358,0.27319587628865977,0.8930345577961182,3
0.0,0.8145695364238412,0.31443298969072164,0.9075015541635832,3
0.0,0.7880794701986757,0.4742268041237113,0.9111297187501293,3
0.0,0.7748344370860928,0.3865979381443299,0.9117768505569128,3
0.0,0.7549668874172188,0.3556701030927835,0.9135017383149036,3
0.0,0.7682119205298013,0.3917525773195876,0.9179613421145428,3
0.0,0.7947019867549673,0.35051546391752575,0.9270386689518111,3
0.0,0.7947019867549673,0.41237113402061853,0.9285695453856547,3
0.0,0.8609271523178812,0.24742268041237114,0.938145710671321,4
0.0,0.8013245033112583,0.3865979381443299,0.9399204827007154,3
0.0,0.7947019867549673,0.31958762886597936,0.9399204827007154,3
0.0,0.7615894039735103,0.25257731958762886,0.9399862794375471,3
0.0,0.8543046357615897,0.1958762886597938,0.9424899713818616,4
0.0,0.8344370860927152,0.20618556701030927,0.9440746853251825,4
0.0,0.9536423841059606,0.10309278350515463,0.945860673712792,4
0.0,0.8543046357615897,0.32989690721649484,0.945860673712792,3
0.0,0.9403973509933776,0.211340206185567,0.945860673712792,4
0.0,0.9205298013245036,0.20618556701030927,0.945860673712792,4
0.0,0.8079470198675497,0.28865979381443296,0.945860673712792,3
0.0,0.8344370860927152,0.25773195876288657,0.945860673712792,4
0.0,0.6026490066225165,0.4329896907216495,0.9485222800188049,3
0.0,0.8543046357615897,0.4175257731958763,0.9485222800188049,3
0.0,0.7748344370860928,0.3711340206185567,0.9485222800188049,3
0.0,0.8211920529801328,0.4587628865979381,0.9539156771930816,3
0.0,0.8476821192052982,0.37628865979381443,0.9539156771930816,3
0.0,0.9139072847682121,0.4072164948453608,0.9550419620726602,3
0.0,0.7152317880794703,0.39690721649484534,0.9550706137613744,3
0.0,0.7682119205298013,0.29896907216494845,0.9550706137613744,3
8.333333333333334E-4,0.7947019867549673,0.31443298969072164,0.9550706137613744,3
0.0,0.8344370860927152,0.31443298969072164,0.9417927867912094,3
0.0,0.7549668874172188,0.5927835051546392,0.9516004761995811,3
0.0,0.8543046357615897,0.2422680412371134,0.9680514908565225,4
0.0,0.7615894039735103,0.4587628865979381,0.9752123858484276,3
0.0,0.7880794701986757,0.4536082474226804,0.9774481812266808,3
0.0,0.7880794701986757,0.3917525773195876,0.9784261182975741,3
0.0,0.7417218543046358,0.422680412371134,0.9819351612495902,3
0.0,0.7947019867549673,0.3556701030927835,0.986334236039482,3
0.0,0.7947019867549673,0.35051546391752575,0.9901389422181338,3
0.0,0.8079470198675497,0.4175257731958763,0.9963965082066291,3
0.0,0.8940397350993381,0.36082474226804123,0.9965958074380543,3
0.0,0.7947019867549673,0.27319587628865977,0.9965958074380543,3
0.0,0.9867549668874175,0.23711340206185566,0.9965958074380543,4
0.0,0.609271523178808,0.4742268041237113,0.9965958074380543,3
0.0,0.8675496688741722,0.4948453608247423,0.9965958074380543,3
0.0,0.9139072847682121,0.422680412371134,0.9969945255003759,3
0.0,0.9205298013245036,0.2268041237113402,0.9969945255003759,4
0.0,0.9205298013245036,0.1958762886597938,0.9969945255003759,4
0.0,0.9337748344370861,0.16494845360824742,0.9969945255003759,4
0.0,0.9337748344370861,0.24742268041237114,0.9969945255003759,4
0.0,0.9006622516556291,0.24742268041237114,0.9969945255003759,4
0.0,0.8079470198675497,0.26804123711340205,0.9997900220479052,3
0.0,0.8344370860927152,0.26804123711340205,0.9997900220479052,4
0.0,0.8543046357615897,0.30927835051546393,0.9997900220479052,3
0.0,0.8079470198675497,0.39690721649484534,0.9997900220479052,3
0.0,0.9072847682119206,0.06701030927835051,0.9997900220479052,4
0.0,0.9072847682119206,0.1134020618556701,0.999930002449759,4
0.0,0.8807947019867551,0.20618556701030927,1.0,4
0.0016666666666666668,0.8079470198675497,0.20103092783505155,1.0,4
0.008333333333333333,0.8807947019867551,0.16494845360824742,0.9723883667287422,4
0.0,0.7814569536423842,0.36597938144329895,0.8574434921879072,3
0.0,0.7947019867549673,0.30927835051546393,0.9251494377328213,3
0.0,0.9271523178807951,0.12371134020618557,0.9552329895677127,4
0.0,0.9337748344370861,0.33505154639175255,0.9667648381838816,4
0.0,0.960264900662252,0.13917525773195877,0.9784652561251624,4
0.0,0.9536423841059606,0.10824742268041238,0.988298995461664,4
0.0,0.7947019867549673,0.22164948453608246,0.9888624864702547,4
0.0,0.8874172185430467,0.23711340206185566,0.9913377354650466,4
0.0,0.7748344370860928,0.41237113402061853,0.9913377354650466,3
0.0,0.8543046357615897,0.34536082474226804,0.9917343498778773,3
0.0,0.8940397350993381,0.23195876288659795,0.9937198033745638,4
0.0,0.9735099337748345,0.24742268041237114,0.9937198033745638,4
0.0,0.9072847682119206,0.26804123711340205,0.9937198033745638,4
0.0,0.966887417218543,0.10309278350515463,0.9937198033745638,4
0.0,0.947019867549669,0.26288659793814434,0.9945150972945165,4
0.0,0.960264900662252,0.18556701030927836,0.9985011244337751,4
0.0,0.9801324503311261,0.0,0.9985011244337751,4
0.0,1.0,0.06701030927835051,0.9985011244337751,4
0.0,0.947019867549669,0.3402061855670103,0.9985011244337751,4
0.0,0.7350993377483444,0.38144329896907214,0.9985011244337751,3
0.018333333333333333,0.8344370860927152,0.3556701030927835,0.9985011244337751,3
0.0,0.9735099337748345,0.31443298969072164,0.7338137706995801,4
0.0,0.642384105960265,0.4690721649484536,0.8559870765507687,3
0.0,0.8476821192052982,0.28350515463917525,0.9143882648994985,3
0.0,0.7947019867549673,0.38144329896907214,0.9347277204446305,3
0.14166666666666666,0.8543046357615897,0.31958762886597936,0.9555196024551544,3
0.0,0.6953642384105964,0.3917525773195876,0.0904009930641776,3
8.333333333333334E-4,0.8476821192052982,0.38144329896907214,0.2971554114356293,3
0.0,0.7880794701986757,0.4536082474226804,0.48797065762452063,3
0.0,0.6556291390728479,0.4381443298969072,0.5826899793665906,3
8.333333333333334E-4,0.8940397350993381,0.5824742268041238,0.6941966500749762,3
0.0,0.6556291390728479,0.5360824742268041,0.8157886208977396,3
0.3408333333333333,0.7019867549668873,0.4484536082474227,0.8223411048752949,3
0.0,0.7947019867549673,0.39690721649484534,0.0026916497781340146,0
0.0,0.7682119205298013,0.36082474226804123,0.04719203960660209,3
0.0,0.7218543046357618,0.5618556701030928,0.16113221921464083,3
0.25833333333333336,0.6953642384105964,0.5618556701030928,0.2537514567585172,3
0.0,0.5960264900662254,0.5103092783505154,0.004993238791953957,0
0.0,0.6291390728476824,0.6082474226804123,0.0658437981135679,3
0.0,0.5960264900662254,0.4536082474226804,0.1668817146374911,3
0.0,0.7350993377483444,0.4175257731958763,0.22753072178050537,3
0.0,0.642384105960265,0.4793814432989691,0.33211632156143783,3
0.0,0.7682119205298013,0.41237113402061853,0.452815734584373,3
0.0,0.7086092715231789,0.422680412371134,0.4916097822366716,3
0.0,0.8278145695364242,0.4381443298969072,0.4916097822366716,3
0.0,0.7019867549668873,0.3917525773195876,0.4916097822366716,3
0.0,0.7682119205298013,0.29896907216494845,0.49180646548464374,3
8.333333333333334E-4,0.8013245033112583,0.35051546391752575,0.5232635603374057,3
0.0,0.5629139072847685,0.4948453608247423,0.6077023932158612,3
0.0,0.7748344370860928,0.30412371134020616,0.6119712334966525,3
0.0,0.7748344370860928,0.3402061855670103,0.6138099038315199,3
0.008333333333333333,0.5099337748344371,0.422680412371134,0.6171334428054237,3
0.0,0.7748344370860928,0.4072164948453608,0.6079455227968724,3
0.0,0.8410596026490067,0.30927835051546393,0.652678899818661,3
0.0,0.7880794701986757,0.27319587628865977,0.6725559316139025,3
0.0,0.5165562913907286,0.7938144329896907,0.679315231126461,3
0.235,0.6026490066225165,0.5309278350515464,0.709872430052235,3
0.0,0.576158940397351,0.5154639175257731,0.01383338801961873,3
0.028333333333333332,0.6291390728476824,0.4845360824742268,0.09963218502896946,3
0.0,0.642384105960265,0.4381443298969072,0.14426981525504948,3
0.0,0.7086092715231789,0.3711340206185567,0.24291589463053082,3
0.006666666666666667,0.7615894039735103,0.4020618556701031,0.3567071989498566,3
0.0,0.8940397350993381,0.3865979381443299,0.4383051141985077,3
0.0,0.7814569536423842,0.44329896907216493,0.5206693922769634,3
0.0,0.6026490066225165,0.4484536082474227,0.5517611629600647,3
0.0,0.6622516556291393,0.41237113402061853,0.5561929558199886,3
0.0,0.6357615894039734,0.5515463917525774,0.5606603452191006,3
0.0,0.642384105960265,0.4639175257731959,0.6387513643581363,3
0.0,0.6357615894039734,0.41237113402061853,0.6387513643581363,3
0.0,0.7947019867549673,0.29896907216494845,0.643109675116194,3
0.0,0.7152317880794703,0.3711340206185567,0.643109675116194,3
0.0,0.5298013245033115,0.5721649484536082,0.643109675116194,3
0.0,0.6556291390728479,0.5670103092783505,0.7210548995212692,3
0.0033333333333333335,0.7880794701986757,0.44329896907216493,0.7210548995212692,3
0.0,0.7218543046357618,0.4793814432989691,0.6911212493787965,3
0.0,0.8013245033112583,0.4587628865979381,0.7107461103476613,3
0.0,0.6490066225165564,0.6443298969072165,0.7193264427339199,3
0.0,0.6490066225165564,0.5927835051546392,0.7245242829104958,3
0.021666666666666667,0.7086092715231789,0.6597938144329897,0.7275736841697749,3
0.005,0.5960264900662254,0.7371134020618557,0.5076109341236676,3
0.04,0.576158940397351,0.7577319587628866,0.5598759699229396,3
0.08083333333333333,0.6026490066225165,0.6597938144329897,0.32308494410082944,3
0.0375,0.5364238410596026,0.845360824742268,0.12174336457161836,3
0.04833333333333333,0.6225165562913909,0.7577319587628866,0.15246198166123448,3
8.333333333333334E-4,0.6357615894039734,0.6288659793814433,0.134520319514386,3
0.004166666666666667,0.6357615894039734,0.5670103092783505,0.2649961431419248,3
0.0,0.556291390728477,0.6804123711340206,0.3642044094341893,3
0.23666666666666666,0.5827814569536425,0.6082474226804123,0.488879127667815,3
0.0,0.5960264900662254,0.6134020618556701,0.010331681285616326,3
0.0,0.589403973509934,0.6288659793814433,0.08152218969597719,3
0.0,0.8675496688741722,0.28865979381443296,0.19256721622435946,4
0.0,0.7615894039735103,0.4639175257731959,0.25960085321912135,3
0.0,0.3973509933774835,0.8298969072164949,0.3521810092152632,2
0.01583333333333333,0.13245033112582782,0.9536082474226805,0.4917867936193593,2
0.029166666666666667,0.576158940397351,0.6855670103092784,0.38530887092601507,3
0.19416666666666668,0.6026490066225165,0.7164948453608248,0.2703304965910896,3
0.0,0.589403973509934,0.7216494845360825,0.014294074745039437,3
0.165,0.5298013245033115,0.711340206185567,0.088645498419918,3
0.0,0.5033112582781456,0.6804123711340206,0.012685315626455498,3
0.009166666666666667,0.37748344370860926,0.8041237113402062,0.06917539554207201,2
8.333333333333334E-4,0.3178807947019868,0.9072164948453608,0.1404772091155873,2
0.08499999999999999,0.39072847682119227,0.8041237113402062,0.23068318374685745,2
0.1725,0.20529801324503325,0.8814432989690721,0.07017872793136969,2
0.030000000000000002,0.5695364238410595,0.711340206185567,0.010942398799328068,3
0.0,0.576158940397351,0.5670103092783505,0.038870873387226626,3
0.0,0.543046357615894,0.9329896907216495,0.10502991943908863,2
0.2733333333333333,0.4768211920529801,0.8917525773195877,0.16714225328372875,2
0.14,0.48344370860927166,0.7783505154639175,0.002391316816636018,0
0.0,0.556291390728477,0.7422680412371134,0.0029997963596751142,0
0.0,0.21854304635761598,0.9690721649484536,0.02731251946317423,2
0.07333333333333333,0.42384105960264923,0.9072164948453608,0.0638633242041377,2
0.007500000000000001,0.4701986754966889,0.7371134020618557,0.03393358406008568,3
0.021666666666666667,0.42384105960264923,0.8144329896907216,0.09474653315436034,3
0.0,0.3443708609271523,0.7989690721649485,0.12295338013734321,2
0.01,0.5298013245033115,0.8247422680412371,0.1686128512604671,3
0.0125,0.543046357615894,0.8350515463917526,0.1705801486303826,3
0.20166666666666666,0.543046357615894,0.8298969072164949,0.17117822518321052,3
0.07166666666666667,0.589403973509934,0.7989690721649485,0.007887702875677305,0
0.03333333333333333,0.23178807947019872,0.9226804123711341,0.016635436080413995,2
0.009166666666666667,0.28476821192052987,0.9175257731958762,0.03750503578625186,2
0.1408333333333333,0.15894039735099355,1.0,0.07210873911458632,2
0.3641666666666667,0.556291390728477,0.6082474226804123,0.0118201424020377,3
8.333333333333334E-4,0.642384105960265,0.5618556701030928,1.4508829124649115E-4,0
0.043333333333333335,0.6225165562913909,0.6082474226804123,0.006317192380971418,0
0.0,0.589403973509934,0.5824742268041238,0.01425453493863594,3
0.051666666666666666,0.48344370860927166,0.6185567010309279,0.03849295407056028,3
0.0,0.6688741721854304,0.7010309278350515,0.037723197065172645,3
0.0,0.5695364238410595,0.5773195876288659,0.10104593906110161,3
0.005833333333333333,0.37086092715231805,0.7474226804123711,0.13724604479825778,3
0.0,0.6953642384105964,0.5,0.14057979491942132,3
0.0016666666666666668,0.7350993377483444,0.6134020618556701,0.15853498032821584,3
0.0,0.7218543046357618,0.39690721649484534,0.17433439522685715,3
0.0,0.7880794701986757,0.4639175257731959,0.2184539570807071,3
0.0,0.7748344370860928,0.4175257731958763,0.2387877950272819,3
0.0,0.6688741721854304,0.634020618556701,0.24927962817217583,3
0.0,0.642384105960265,0.7268041237113402,0.2508801339647637,3
0.06916666666666667,0.556291390728477,0.7371134020618557,0.2723192992072649,3
0.4625,0.4768211920529801,0.7577319587628866,0.10835092416342326,3
0.145,0.5629139072847685,0.5515463917525774,8.461652075746528E-5,0
0.0,0.7019867549668873,0.5618556701030928,4.738804237868823E-4,0
0.0,0.7350993377483444,0.4329896907216495,0.009205535577880019,3
0.0,0.7152317880794703,0.4381443298969072,0.030844091128836057,3
0.0,0.6821192052980134,0.5463917525773195,0.07029813323907179,3
0.0,0.7152317880794703,0.634020618556701,0.14714893891746123,3
0.0,0.6622516556291393,0.711340206185567,0.1766279012195533,3
0.019166666666666665,0.6887417218543048,0.5154639175257731,0.17707002340162248,3
0.0,0.7549668874172188,0.33505154639175255,0.13041807625510488,3
0.0,0.8410596026490067,0.3917525773195876,0.1648779108351792,3
0.0,0.7814569536423842,0.5103092783505154,0.20661874199339378,3
0.0,0.576158940397351,0.6443298969072165,0.22089672171249936,3
0.021666666666666667,0.3046357615894041,0.9020618556701031,0.22653405119296166,2
0.0,0.6026490066225165,0.634020618556701,0.1666282471113716,3
0.2866666666666667,0.7218543046357618,0.44329896907216493,0.22556430170201702,3
0.0,0.7152317880794703,0.5876288659793815,0.0025381468979825336,0
0.0,0.5033112582781456,0.7731958762886598,0.03141656174665368,3
0.0,0.3509933774834438,0.8298969072164949,0.09081597921731942,2
0.185,0.556291390728477,0.6185567010309279,0.13688419308747968,3
0.0,0.4701986754966889,0.8298969072164949,0.008818351817864034,3
0.02,0.29139072847682135,0.865979381443299,0.06001744307305414,2
0.15083333333333335,0.2582781456953644,0.8711340206185567,0.08359930863980902,2
0.08666666666666667,0.5099337748344371,0.7268041237113402,0.009807378532522625,3
0.015000000000000001,0.3576158940397353,0.7577319587628866,0.011056683028607052,3
0.005833333333333333,0.6026490066225165,0.7731958762886598,0.039576488423613915,3
0.0025,0.42384105960264923,0.7680412371134021,0.07464438074197094,3
0.8616666666666667,0.5827814569536425,0.6701030927835051,0.1084680063773709,3
0.004166666666666667,0.5496688741721856,0.7577319587628866,7.64941326726156E-8,0
0.0,0.5496688741721856,0.6701030927835051,1.1905534926834044E-4,0
0.0175,0.6026490066225165,0.6237113402061856,0.0030976830657879423,0
0.0,0.6225165562913909,0.5721649484536082,0.008680897996323295,3
0.0,0.6026490066225165,0.6030927835051546,0.02968094309219367,3
0.0,0.6887417218543048,0.5927835051546392,0.09265521639153135,3
0.0,0.6291390728476824,0.7268041237113402,0.09809390702828218,3
0.0,0.5364238410596026,0.6855670103092784,0.11036965785701201,3
0.13166666666666668,0.5099337748344371,0.8041237113402062,0.1133165532515509,3
0.011666666666666665,0.6291390728476824,0.6443298969072165,0.012555076332744677,3
0.021666666666666667,0.556291390728477,0.6649484536082474,0.04128731120470698,3
0.0033333333333333335,0.543046357615894,0.6288659793814433,0.053378349966319044,3
0.005833333333333333,0.5496688741721856,0.6701030927835051,0.0778314232823382,3
0.0,0.589403973509934,0.7216494845360825,0.09545598527752454,3
0.011666666666666665,0.5827814569536425,0.7783505154639175,0.12461702827467659,3
0.030000000000000002,0.5298013245033115,0.7628865979381443,0.16549570879357997,3
0.0,0.5695364238410595,0.6752577319587629,0.11721914994219577,3
0.025,0.6026490066225165,0.6907216494845361,0.16621884538759943,3
0.0,0.6688741721854304,0.5721649484536082,0.13423678087313173,3
0.0,0.5099337748344371,0.6597938144329897,0.18072477015263472,3
8.333333333333334E-4,0.5827814569536425,0.6443298969072165,0.20868486039552708,3
0.03166666666666666,0.5231788079470201,0.7061855670103093,0.22390352561886,3
0.18000000000000002,0.6026490066225165,0.6030927835051546,0.14279574652451282,3
0.0,0.642384105960265,0.6082474226804123,0.009428669581807167,3
0.0,0.5231788079470201,0.8556701030927835,0.05139059764385965,3
0.0,0.5629139072847685,0.7010309278350515,0.1068456486508276,3
0.08333333333333333,0.5496688741721856,0.6701030927835051,0.14331073764928856,3
0.005,0.6357615894039734,0.5721649484536082,0.04593719899425818,3
0.0,0.6291390728476824,0.5670103092783505,0.1073060741567164,3
0.0,0.5364238410596026,0.7268041237113402,0.1513576023185113,3
0.030000000000000002,0.46357615894039744,0.8350515463917526,0.21061783213910554,3
0.0,0.5099337748344371,0.7164948453608248,0.14368814096403276,3
0.02666666666666667,0.589403973509934,0.7010309278350515,0.21090024921487235,3
0.0,0.24503311258278143,0.8041237113402062,0.17025975920644465,2
0.016666666666666666,0.5496688741721856,0.7474226804123711,0.22510011750897135,3
0.0016666666666666668,0.6026490066225165,0.634020618556701,0.19421489808655126,3
0.030833333333333334,0.6821192052980134,0.6237113402061856,0.23401033250492467,3
0.0,0.642384105960265,0.7577319587628866,0.161681001169562,3
0.0,0.7284768211920534,0.4845360824742268,0.24326594549871638,3
0.016666666666666666,0.7814569536423842,0.5567010309278351,0.2879581832338262,3
0.0,0.609271523178808,0.5773195876288659,0.2316077644209226,3
0.0,0.6158940397350995,0.6494845360824743,0.28133475866909874,3
0.13083333333333333,0.7152317880794703,0.5567010309278351,0.3252536285554496,3
0.0,0.642384105960265,0.5567010309278351,0.03806385760517403,3
0.0,0.6688741721854304,0.5670103092783505,0.11668351376658571,3
0.0,0.6622516556291393,0.5515463917525774,0.19201918097182233,3
0.0,0.6754966887417219,0.6494845360824743,0.23142718079939406,3
0.0,0.41721854304635775,0.788659793814433,0.2763795969640982,3
0.0125,0.5496688741721856,0.7061855670103093,0.34104187622017407,3
0.0016666666666666668,0.43708609271523197,0.8969072164948454,0.27724324790970045,2
0.0,0.6357615894039734,0.6237113402061856,0.30379261252527784,3
0.07666666666666666,0.5629139072847685,0.8608247422680413,0.32849291620042376,3
0.0,0.46357615894039744,0.7371134020618557,0.09674854126837167,3
0.15333333333333332,0.576158940397351,0.7216494845360825,0.20470609526112107,3
0.0,0.5960264900662254,0.6030927835051546,0.02093003390014426,3
0.0,0.7019867549668873,0.5463917525773195,0.08563167510231798,3
0.0,0.6622516556291393,0.6185567010309279,0.16477571821182024,3
0.0016666666666666668,0.556291390728477,0.7525773195876289,0.22352544822151285,3
0.0,0.6490066225165564,0.5670103092783505,0.2827930257572619,3
0.0,0.7086092715231789,0.5824742268041238,0.3467261495659612,3
0.015000000000000001,0.6688741721854304,0.5618556701030928,0.38696539670076835,3
0.006666666666666667,0.6887417218543048,0.5567010309278351,0.30369845141030777,3
0.0,0.7417218543046358,0.4742268041237113,0.32242974690912396,3
0.0,0.7615894039735103,0.4896907216494845,0.3742018188973498,3
0.0,0.576158940397351,0.8041237113402062,0.40945019632257423,3
0.0,0.576158940397351,0.9226804123711341,0.42225748221022336,3
0.0,0.49006622516556314,0.9278350515463918,0.4362324640063369,2
0.10250000000000001,0.642384105960265,0.7319587628865979,0.4598982530053062,3
0.006666666666666667,0.556291390728477,0.7268041237113402,0.08237032592027657,3
0.060000000000000005,0.5496688741721856,0.7731958762886598,0.1904948705244704,3
0.1275,0.6026490066225165,0.7371134020618557,0.10700389728982436,3
0.0,0.4966887417218546,0.7680412371134021,0.024283695874100685,3
0.0,0.6026490066225165,0.634020618556701,0.10218094946169035,3
0.0,0.6026490066225165,0.6597938144329897,0.20595655919515687,3
0.0,0.6357615894039734,0.5824742268041238,0.2607247547958863,3
0.0,0.7086092715231789,0.5618556701030928,0.32722083311243855,3
0.0,0.6953642384105964,0.520618556701031,0.390350586428999,3
0.0,0.6887417218543048,0.4742268041237113,0.40376590829259673,3
0.0,0.7284768211920534,0.5103092783505154,0.4194000657951247,3
0.0,0.7284768211920534,0.6597938144329897,0.4228701996760452,3
0.0,0.7748344370860928,0.5927835051546392,0.4291752207387467,3
0.0,0.7549668874172188,0.30927835051546393,0.4444800960673764,3
0.0,0.7615894039735103,0.22164948453608246,0.4574946889832091,3
0.0,0.8079470198675497,0.23195876288659795,0.49105948750020206,4
0.0,0.8807947019867551,0.3402061855670103,0.5117188107782731,3
0.0,0.8874172185430467,0.23195876288659795,0.5295381844730563,4
0.0,0.8476821192052982,0.29896907216494845,0.5647963800839944,3
0.0,0.8476821192052982,0.13917525773195877,0.570780816536244,4
0.0,0.8410596026490067,0.3711340206185567,0.5714718793361088,3
0.0,0.8874172185430467,0.31958762886597936,0.5715233141200159,3
0.0,0.7682119205298013,0.36082474226804123,0.5895298042088887,3
0.0,0.7417218543046358,0.39690721649484534,0.5938788113115576,3
0.0,0.8476821192052982,0.27319587628865977,0.5982957980480155,4
0.0,0.8940397350993381,0.23195876288659795,0.6243838212320917,4
0.0,0.9006622516556291,0.2268041237113402,0.6320353192365887,4
0.0,0.8741721854304636,0.20618556701030927,0.6333006547940926,4
0.0,0.6688741721854304,0.7268041237113402,0.6334273275924343,3
0.0,0.7748344370860928,0.4175257731958763,0.6357753498767664,3
0.0033333333333333335,0.8807947019867551,0.24742268041237114,0.6516093836616149,4
0.0,0.8940397350993381,0.21649484536082475,0.6200407969291892,4
0.0,0.8675496688741722,0.26804123711340205,0.6484632141040529,4
0.0,0.9006622516556291,0.3917525773195876,0.6783038051276613,3
0.0,0.9271523178807951,0.3917525773195876,0.6811041816299759,3
0.0,0.9139072847682121,0.30927835051546393,0.6948008639577542,4
0.0,0.8807947019867551,0.26804123711340205,0.6975856332496478,4
0.0,0.8211920529801328,0.25257731958762886,0.6978786807523832,4
0.0,0.8874172185430467,0.44329896907216493,0.6999054663528623,3
0.0,0.9072847682119206,0.5051546391752577,0.6999054663528623,3
0.04833333333333333,0.9271523178807951,0.31958762886597936,0.7176093053260841,4
0.0033333333333333335,0.8013245033112583,0.44329896907216493,0.31933007106690553,3
0.02333333333333333,0.7947019867549673,0.4536082474226804,0.4532415814940417,3
0.0,0.8940397350993381,0.31958762886597936,0.3748235097817514,4
0.0,0.8211920529801328,0.42783505154639173,0.5018670662594845,3
0.0,0.6158940397350995,0.5927835051546392,0.584534192031066,3
0.09000000000000001,0.7350993377483444,0.4896907216494845,0.6535998261716124,3
8.333333333333334E-4,0.6821192052980134,0.6701030927835051,0.15068103688650594,3
0.13499999999999998,0.6556291390728479,0.4742268041237113,0.3278136391527504,3
0.15333333333333332,0.3178807947019868,0.8505154639175257,0.0474513618921361,2
0.0,0.8145695364238412,0.36082474226804123,0.012548172937925034,3
0.0,0.5099337748344371,0.5824742268041238,0.08346148351321918,3
0.0,0.7417218543046358,0.4536082474226804,0.20449944647745796,3
0.0,0.543046357615894,0.6185567010309279,0.291895328105492,3
0.14,0.7284768211920534,0.26804123711340205,0.4128958059302197,3
0.0,0.8211920529801328,0.36597938144329895,0.0473527656295989,3
0.0,0.8344370860927152,0.36597938144329895,0.1570910015117169,3
0.0,0.8344370860927152,0.3711340206185567,0.2663004737288257,3
0.0,0.7615894039735103,0.28865979381443296,0.31864743538989376,3
0.0,0.589403973509934,0.4536082474226804,0.38978498823265945,3
0.0,0.5629139072847685,0.520618556701031,0.4842955089988141,3
0.0175,0.7682119205298013,0.4484536082474227,0.49046566485230286,3
0.0,0.7880794701986757,0.35051546391752575,0.3850353987199145,3
0.0,0.6556291390728479,0.4381443298969072,0.4538901805971651,3
0.0,0.7284768211920534,0.39690721649484534,0.5159115192818706,3
0.0,0.7350993377483444,0.37628865979381443,0.5895356995364336,3
0.0,0.8609271523178812,0.4690721649484536,0.602046856649889,3
0.0,0.7086092715231789,0.5360824742268041,0.6154263485786132,3
0.0,0.589403973509934,0.5773195876288659,0.616979178727879,3
0.01,0.589403973509934,0.6391752577319587,0.616979178727879,3
0.006666666666666667,0.5364238410596026,0.5979381443298969,0.5589920643555923,3
0.11833333333333333,0.7019867549668873,0.5721649484536082,0.550146868840662,3
0.0,0.5165562913907286,0.5618556701030928,0.08303359209746225,3
0.2983333333333333,0.576158940397351,0.6443298969072165,0.23390505154410857,3
0.01,0.5695364238410595,0.5360824742268041,0.002445706915030861,0
0.0,0.7086092715231789,0.5051546391752577,0.030248760087642858,3
0.0,0.6291390728476824,0.4536082474226804,0.11250247914739286,3
0.0,0.7350993377483444,0.4175257731958763,0.19814028072703227,3
0.0,0.6357615894039734,0.4896907216494845,0.2869119207901574,3
0.0,0.6357615894039734,0.4948453608247423,0.4320646697477199,3
0.0,0.37086092715231805,0.7061855670103093,0.4549808252870189,3
0.125,0.6953642384105964,0.4845360824742268,0.4557093772978638,3
0.0016666666666666668,0.576158940397351,0.6443298969072165,0.057412108805115415,3
0.04,0.5496688741721856,0.5360824742268041,0.16002263359508526,3
0.004166666666666667,0.2582781456953644,0.8608247422680413,0.1396522302861022,2
0.9566666666666667,0.21192052980132448,0.9072164948453608,0.22233722699107886,2
0.08,0.5827814569536425,0.6391752577319587,2.989576471264291E-8,0
0.15166666666666667,0.5496688741721856,0.5154639175257731,3.444191640283446E-5,0
0.004166666666666667,0.5827814569536425,0.4793814432989691,1.7459613746544574E-4,0
0.0,0.6291390728476824,0.4175257731958763,0.002984775103665342,0
0.0,0.576158940397351,0.5824742268041238,0.018765407375479357,3
0.19,0.576158940397351,0.6958762886597938,0.07933308450513836,3
0.02333333333333333,0.5033112582781456,0.7577319587628866,0.004492524068331414,0
0.08499999999999999,0.4569536423841062,0.7989690721649485,0.018145183196982544,3
0.0016666666666666668,0.43708609271523197,0.7525773195876289,0.010644092409419846,3
0.02666666666666667,0.403973509933775,0.7577319587628866,0.029224143264054567,3
0.0016666666666666668,0.6026490066225165,0.6082474226804123,0.04178741504705165,3
0.0,0.5364238410596026,0.7989690721649485,0.07918566210840548,3
0.0,0.589403973509934,0.6494845360824743,0.10468912628122791,3
0.02333333333333333,0.556291390728477,0.5515463917525774,0.12312440417355301,3
0.005,0.5033112582781456,0.8041237113402062,0.08662558851362244,3
0.0,0.556291390728477,0.5360824742268041,0.16001143240259616,3
0.08166666666666668,0.6291390728476824,0.6958762886597938,0.20360569762919878,3
0.7166666666666667,0.37086092715231805,0.7628865979381443,0.058638134060821995,3
0.3466666666666667,0.15231788079470204,0.8814432989690721,7.836721081525311E-7,0
0.705,0.37748344370860926,0.8608247422680413,1.3289732336094526E-6,0
0.025,0.5033112582781456,0.8195876288659794,0.0,0
0.14333333333333334,0.13907284768211933,0.9072164948453608,6.473099056909086E-6,0
0.39333333333333337,0.44370860927152317,0.8762886597938144,3.635342168643452E-5,0
0.425,0.3973509933774835,0.8711340206185567,1.5788532399450653E-6,0
0.1,0.556291390728477,0.5773195876288659,2.1075011462669873E-7,0
0.0016666666666666668,0.5298013245033115,0.6855670103092784,1.682968928653121E-5,0
0.015000000000000001,0.543046357615894,0.788659793814433,3.5428197966612786E-4,0
0.02,0.4503311258278147,0.8350515463917526,0.001296415639647327,0
0.155,0.43046357615894043,0.7938144329896907,0.0038181445849289892,0
0.0,0.6291390728476824,0.654639175257732,7.422729428068842E-4,0
0.029166666666666667,0.609271523178808,0.7010309278350515,0.005038783885835452,0
0.004166666666666667,0.29139072847682135,0.9072164948453608,0.005779775420161451,0
0.49,0.43046357615894043,0.788659793814433,0.009653929259306155,3
0.155,0.29139072847682135,0.8865979381443299,5.65226357223633E-6,0
0.0,0.05960264900662267,0.9432989690721649,4.2839872408523394E-5,0
0.22666666666666666,0.403973509933775,0.8350515463917526,0.001375549616912923,0
0.14,0.4701986754966889,0.7628865979381443,1.066685052502643E-4,0
0.0,0.4701986754966889,0.6649484536082474,1.622996603058249E-4,0
0.0,0.642384105960265,0.7319587628865979,0.0031953750255605765,0
0.26166666666666666,0.5496688741721856,0.7680412371134021,0.010647286116962607,3
0.08666666666666667,0.3046357615894041,0.8402061855670103,2.1517429135016914E-4,0
0.3641666666666667,0.4768211920529801,0.7989690721649485,7.074428499556908E-4,0
0.0,0.4701986754966889,0.7371134020618557,9.87093494231308E-6,0
0.015000000000000001,0.6357615894039734,0.7525773195876289,4.467748083394253E-4,0
0.1625,0.5960264900662254,0.5773195876288659,0.002202744514607842,0
0.025,0.642384105960265,0.6494845360824743,3.845961154943687E-4,0
0.0,0.556291390728477,0.7422680412371134,0.001948702826629954,0
0.20083333333333334,0.5496688741721856,0.7474226804123711,0.0071936947744758945,0
0.1716666666666667,0.5827814569536425,0.6804123711340206,5.195460795550863E-4,0
0.0,0.5165562913907286,0.711340206185567,2.3456890112600923E-4,0
0.09666666666666666,0.556291390728477,0.8865979381443299,0.0032284574976254375,0
0.0925,0.5298013245033115,0.8814432989690721,0.0017786307118437975,0
0.03666666666666667,0.46357615894039744,0.7938144329896907,0.0015997920310782034,0
0.28833333333333333,0.44370860927152317,0.8195876288659794,0.004595762623888452,0
0.0,0.5364238410596026,0.7731958762886598,1.0595195929888482E-4,0
0.035,0.5033112582781456,0.7783505154639175,0.0020644296911426613,0
0.030000000000000002,0.43708609271523197,0.845360824742268,0.0045215493011768896,0
0.10916666666666666,0.43708609271523197,0.7938144329896907,0.007231560997689751,0
0.0,0.33774834437086104,0.8247422680412371,0.002638615338141239,0
0.26083333333333336,0.556291390728477,0.7268041237113402,0.01187452157243979,3
0.0,0.44370860927152317,0.7371134020618557,2.8828265849537466E-4,0
0.008333333333333333,0.5033112582781456,0.6649484536082474,0.0033467659684614155,0
0.004166666666666667,0.5364238410596026,0.6443298969072165,0.009165028538072937,3
0.06333333333333332,0.4569536423841062,0.6701030927835051,0.017862349801043363,3
0.055,0.5033112582781456,0.8092783505154639,0.010864439665164339,3
0.0,0.5629139072847685,0.7319587628865979,0.010296201353432071,3
0.08916666666666666,0.5231788079470201,0.7938144329896907,0.02379332719113531,3
0.0,0.403973509933775,0.8092783505154639,0.007755520737796151,0
0.10250000000000001,0.5165562913907286,0.7268041237113402,0.020053529048626156,3
0.03666666666666667,0.37086092715231805,0.9432989690721649,0.006540442868841606,0
0.1925,0.42384105960264923,0.865979381443299,0.011297766475920573,2
0.2966666666666667,0.5165562913907286,0.7680412371134021,0.00101247992040064,0
0.028333333333333332,0.576158940397351,0.7474226804123711,5.5640612103122274E-5,0
0.0,0.42384105960264923,0.7164948453608248,0.0010414383226292794,0
0.058333333333333334,0.5629139072847685,0.7268041237113402,0.00585072059795317,0
0.0,0.5960264900662254,0.7422680412371134,0.005484164747849918,0
0.0,0.5033112582781456,0.7268041237113402,0.016834075329501975,3
0.005833333333333333,0.5695364238410595,0.7319587628865979,0.031834964524843516,3
0.0,0.4966887417218546,0.7680412371134021,0.03709585398050926,3
0.0,0.5298013245033115,0.6701030927835051,0.04797428925463792,3
0.0,0.556291390728477,0.654639175257732,0.05923219551834119,3
0.02333333333333333,0.5827814569536425,0.6597938144329897,0.06461362106542672,3
0.115,0.6026490066225165,0.6597938144329897,0.051259205960281454,3
0.0,0.642384105960265,0.6855670103092784,0.009796596344538973,3
0.18916666666666665,0.6291390728476824,0.5824742268041238,0.033592915732365655,3
0.04833333333333333,0.6357615894039734,0.6701030927835051,0.0022748500253342344,0
0.0,0.589403973509934,0.520618556701031,0.006490988803128721,0
0.11416666666666667,0.5099337748344371,0.6082474226804123,0.026439925103771977,3
0.0,0.6225165562913909,0.7216494845360825,0.00696512047723907,0
0.0,0.5695364238410595,0.6649484536082474,0.02491388244969418,3
0.0,0.6490066225165564,0.5876288659793815,0.0566258296434347,3
0.0,0.5695364238410595,0.6391752577319587,0.06925845584608871,3
0.0,0.6887417218543048,0.5618556701030928,0.08051192008023005,3
0.0,0.6556291390728479,0.6030927835051546,0.1010641289676477,3
0.0,0.543046357615894,0.6907216494845361,0.1045384824252093,3
0.0016666666666666668,0.6357615894039734,0.711340206185567,0.11084748615630621,3
0.0,0.4768211920529801,0.8247422680412371,0.11298615152966414,3
0.0,0.6026490066225165,0.6752577319587629,0.12048258983721129,3
0.0,0.6622516556291393,0.5309278350515464,0.13204796947999875,3
0.0,0.7086092715231789,0.5463917525773195,0.1356157151523896,3
0.0,0.6688741721854304,0.7061855670103093,0.15505583295527867,3
0.0,0.5231788079470201,0.7061855670103093,0.16828269372692717,3
0.0,0.609271523178808,0.5309278350515464,0.18877300617054224,3
0.0,0.5960264900662254,0.5824742268041238,0.20076704755095065,3
0.0,0.6688741721854304,0.5,0.2014669339816301,3
0.0,0.5364238410596026,0.5979381443298969,0.2084846190582469,3
0.0,0.6026490066225165,0.5876288659793815,0.21128443717822037,3
0.0,0.6026490066225165,0.6082474226804123,0.21190652745586103,3
0.0,0.6821192052980134,0.5979381443298969,0.22872153748691634,3
0.0,0.6026490066225165,0.654639175257732,0.23661285221639816,3
0.0,0.6357615894039734,0.4484536082474227,0.24269494171285264,3
0.0,0.6622516556291393,0.42783505154639173,0.24594434510635185,3
0.0,0.7086092715231789,0.4793814432989691,0.2513798825214717,3
0.0,0.6026490066225165,0.5051546391752577,0.26325556006174433,3
0.0,0.6887417218543048,0.4742268041237113,0.27672528747514324,3
0.0,0.609271523178808,0.7061855670103093,0.2906225286026526,3
0.14833333333333334,0.642384105960265,0.5670103092783505,0.29838520106325156,3
0.030000000000000002,0.609271523178808,0.5824742268041238,0.024795574153860283,3
0.0,0.6556291390728479,0.4639175257731959,0.054447951847415396,3
0.0,0.576158940397351,0.4484536082474227,0.12020219218688914,3
0.0,0.6556291390728479,0.5051546391752577,0.17890148065686862,3
0.0,0.6026490066225165,0.5515463917525774,0.22331989937370123,3
0.0,0.642384105960265,0.6082474226804123,0.2804779948761037,3
0.0,0.6622516556291393,0.5051546391752577,0.29618530022791445,3
0.0,0.6556291390728479,0.4896907216494845,0.3001148614436447,3
0.0,0.6225165562913909,0.3402061855670103,0.30210217045230564,3
0.0,0.6225165562913909,0.4948453608247423,0.30960127908747453,3
0.0,0.6887417218543048,0.422680412371134,0.32655071750235554,3
0.0,0.7152317880794703,0.3917525773195876,0.3312671911222188,3
0.0,0.6291390728476824,0.4484536082474227,0.335413894028225,3
0.11,0.609271523178808,0.4742268041237113,0.3408441292825989,3
0.0,0.609271523178808,0.36597938144329895,0.05513502816136847,3
0.0,0.6821192052980134,0.4381443298969072,0.15660007536897572,3
0.0,0.6821192052980134,0.4020618556701031,0.2368661634684312,3
0.0,0.7152317880794703,0.35051546391752575,0.2709665202994034,3
0.0,0.7483443708609273,0.3711340206185567,0.3133326084787369,3
0.0,0.8344370860927152,0.29896907216494845,0.3578683832573934,3
0.0,0.7615894039735103,0.33505154639175255,0.36033180024420675,3
0.0,0.7880794701986757,0.3402061855670103,0.38573680123304027,3
0.065,0.6490066225165564,0.37628865979381443,0.39959649482898446,3
0.0,0.7880794701986757,0.36082474226804123,0.14226268786373675,3
0.0,0.8807947019867551,0.28350515463917525,0.2535738928915519,4
0.0,0.8874172185430467,0.32989690721649484,0.3263026332390193,3
0.0,0.7947019867549673,0.3917525773195876,0.3701784825190155,3
0.0,0.8476821192052982,0.3711340206185567,0.4190814428351859,3
0.0,0.8145695364238412,0.3917525773195876,0.46739058380074106,3
0.0,0.8013245033112583,0.44329896907216493,0.49629240355317356,3
0.0,0.8410596026490067,0.26804123711340205,0.5154834903752558,4
0.0,0.6953642384105964,0.4742268041237113,0.529331704846232,3
0.0,0.7682119205298013,0.29381443298969073,0.5362686652939513,3
0.0,0.8211920529801328,0.34536082474226804,0.54983887283957,3
8.333333333333334E-4,0.8410596026490067,0.2268041237113402,0.5511876296368777,4
0.0,0.8278145695364242,0.23711340206185566,0.5438781739218679,4
0.0,0.9337748344370861,0.25773195876288657,0.5707979402176728,4
0.0,0.8807947019867551,0.1958762886597938,0.5813397055316595,4
0.0,0.8609271523178812,0.42783505154639173,0.6015533805781232,3
0.0,0.9205298013245036,0.34536082474226804,0.6138528720288412,3
0.0,0.8079470198675497,0.31443298969072164,0.6237347996050239,3
0.0,0.8410596026490067,0.1134020618556701,0.6237347996050239,4
0.0,0.8079470198675497,0.18041237113402062,0.6260406326708918,4
0.0,0.8874172185430467,0.02577319587628866,0.6407986426307107,4
0.0,0.8278145695364242,0.24742268041237114,0.667357095138156,4
0.0,0.9271523178807951,0.22164948453608246,0.6956142567136313,4
0.0,0.9006622516556291,0.12371134020618557,0.6963241452397586,4
0.0,0.9271523178807951,0.2268041237113402,0.6972020666404026,4
0.0,0.8675496688741722,0.23195876288659795,0.7082699298616751,4
0.0,0.9205298013245036,0.15463917525773196,0.7097588595488887,4
0.0,0.8940397350993381,0.1958762886597938,0.7100428198820393,4
0.0,0.9072847682119206,0.17010309278350516,0.7222745125886617,4
0.0,0.8609271523178812,0.4072164948453608,0.7327651669341079,3
0.0,0.9867549668874175,0.15463917525773196,0.7442859319058573,4
0.0,0.9006622516556291,0.13402061855670103,0.7503541372660977,4
0.0,0.8940397350993381,0.18041237113402062,0.7568425790690942,4
0.0,0.8741721854304636,0.4020618556701031,0.7623267565662676,3
0.0,0.9403973509933776,0.17525773195876287,0.7810157204434529,4
0.0,0.9536423841059606,0.18041237113402062,0.7863525889295038,4
0.0,0.993377483443709,0.22164948453608246,0.790041344012163,4
0.0,0.960264900662252,0.11855670103092783,0.8062591995594253,4
0.0,0.8211920529801328,0.41237113402061853,0.8199843694298131,3
0.0,0.9403973509933776,0.28350515463917525,0.8199843694298131,4
0.0,0.9735099337748345,0.27319587628865977,0.8381484883121602,4
0.0,0.9536423841059606,0.14948453608247422,0.8381484883121602,4
0.0,0.947019867549669,0.11855670103092783,0.8389031615060012,4
0.0,0.8079470198675497,0.4072164948453608,0.8391968290022613,3
0.0,0.7218543046357618,0.38144329896907214,0.8436732528762378,3
0.0,0.8145695364238412,0.3917525773195876,0.8475800410483336,3
0.0,0.8211920529801328,0.3402061855670103,0.8476308973766287,3
0.0,0.8410596026490067,0.5773195876288659,0.8540034883790634,3
0.015000000000000001,0.7152317880794703,0.32989690721649484,0.8540034883790634,3
0.0,0.8476821192052982,0.20618556701030927,0.6695094484220387,4
0.0,0.8543046357615897,0.25773195876288657,0.7617552258476834,4
0.0,0.8410596026490067,0.4175257731958763,0.827985198846809,3
0.0,0.9271523178807951,0.14948453608247422,0.8642959791226187,4
0.0,0.7880794701986757,0.3247422680412371,0.8820910470536494,3
0.0,0.9801324503311261,0.30927835051546393,0.8981124459626271,4
0.0,0.556291390728477,0.4742268041237113,0.9025239964325885,3
0.0,0.9072847682119206,0.30927835051546393,0.9025239964325885,4
0.0,0.7152317880794703,0.37628865979381443,0.9025239964325885,3
0.08666666666666667,0.5298013245033115,0.5773195876288659,0.9029663415578323,3
0.0,0.10596026490066236,0.9432989690721649,0.211301340609533,2
0.14916666666666664,0.6556291390728479,0.6082474226804123,0.4410178168512026,3
0.03333333333333333,0.7483443708609273,0.4639175257731959,0.049160243022838924,3
0.0,0.6688741721854304,0.4742268041237113,0.10929441080320633,3
0.0,0.7615894039735103,0.4175257731958763,0.2771905766960225,3
0.0,0.642384105960265,0.6907216494845361,0.4177592356551261,3
0.0,0.543046357615894,0.6958762886597938,0.5283691972861968,3
0.6174999999999999,0.6688741721854304,0.5412371134020618,0.6604063171431328,3
0.0,0.7019867549668873,0.6494845360824743,2.1581336588775273E-5,0
0.0,0.6754966887417219,0.4329896907216495,0.003903464955804095,0
0.0,0.5033112582781456,0.5,0.03680615955073189,3
0.0,0.5496688741721856,0.6804123711340206,0.07722052175930925,3
0.0,0.37748344370860926,0.7319587628865979,0.1679162370318048,3
0.04666666666666666,0.5695364238410595,0.6752577319587629,0.35515889263073086,3
0.065,0.7086092715231789,0.5618556701030928,0.1621570427589644,3
0.0,0.7350993377483444,0.3917525773195876,0.08394528775042229,3
0.0,0.6821192052980134,0.4845360824742268,0.17142832792638782,3
0.0,0.5033112582781456,0.5618556701030928,0.24614117930772045,3
0.0,0.46357615894039744,0.8298969072164949,0.3316583171298025,3
0.0,0.6688741721854304,0.5979381443298969,0.37921573875817566,3
0.04833333333333333,0.6490066225165564,0.5412371134020618,0.4114573111917613,3
0.0,0.556291390728477,0.6237113402061856,0.18267438795868415,3
0.07416666666666667,0.5033112582781456,0.5257731958762887,0.2752460079309709,3
0.0,0.5629139072847685,0.6185567010309279,0.12673081383655535,3
0.0,0.7880794701986757,0.4536082474226804,0.2532216700283835,3
0.0,0.556291390728477,0.6134020618556701,0.3559766982057163,3
0.0,0.5496688741721856,0.7628865979381443,0.41234701952869285,3
0.06666666666666667,0.5827814569536425,0.6907216494845361,0.4507285509850481,3
0.0,0.7218543046357618,0.6082474226804123,0.16075239553932283,3
0.0,0.43708609271523197,0.8041237113402062,0.2877998497772953,3
0.07,0.39072847682119227,0.8969072164948454,0.3853936482033551,2
0.625,0.43708609271523197,0.845360824742268,0.13060862571753074,2
0.004166666666666667,0.2384105960264902,0.9226804123711341,7.26740515664736E-6,0
0.004166666666666667,0.5231788079470201,0.7680412371134021,0.0018474454744506204,0
0.10333333333333333,0.589403973509934,0.5824742268041238,0.018408364228506217,3
0.0,0.609271523178808,0.5051546391752577,0.00785228794427862,0
0.021666666666666667,0.589403973509934,0.6185567010309279,0.044970432722946124,3
0.0,0.543046357615894,0.6804123711340206,0.09693156892298264,3
0.0,0.5231788079470201,0.7989690721649485,0.16439388164116503,3
0.04,0.5231788079470201,0.6804123711340206,0.20271180056377383,3
0.0,0.4701986754966889,0.6804123711340206,0.12027553789389124,3
8.333333333333334E-4,0.43708609271523197,0.8247422680412371,0.17566614085963986,3
0.042499999999999996,0.37086092715231805,0.8505154639175257,0.2385515120869591,2
0.10666666666666667,0.589403973509934,0.6958762886597938,0.12756362516400988,3
0.0,0.48344370860927166,0.7989690721649485,0.032356508811733554,3
0.0,0.5695364238410595,0.6134020618556701,0.10100956906908558,3
0.018333333333333333,0.6158940397350995,0.7371134020618557,0.16155009258162323,3
0.0,0.5033112582781456,0.7164948453608248,0.19286978421167425,3
0.055,0.5695364238410595,0.6597938144329897,0.2696204614835854,3
0.035833333333333335,0.5827814569536425,0.6185567010309279,0.1301926480302789,3
0.0,0.543046357615894,0.7474226804123711,0.12297920305903538,3
0.0,0.5033112582781456,0.7525773195876289,0.2094772767067592,3
0.0,0.5629139072847685,0.6185567010309279,0.2654576378194952,3
0.0325,0.6026490066225165,0.5,0.3044342916766831,3
0.009166666666666667,0.5496688741721856,0.6185567010309279,0.20175523778907184,3
0.0,0.5033112582781456,0.6134020618556701,0.24183490213392328,3
0.0,0.6026490066225165,0.6494845360824743,0.2936108563320717,3
0.8433333333333334,0.5033112582781456,0.7061855670103093,0.3170486630599478,3
0.07666666666666666,0.5695364238410595,0.5927835051546392,2.4035089002077253E-7,0
0.0,0.6291390728476824,0.5979381443298969,8.962024659808477E-5,0
0.0,0.5231788079470201,0.8505154639175257,0.0036614328667078505,0
0.03333333333333333,0.4105960264900662,0.9123711340206185,0.013573441982556321,2
0.215,0.37086092715231805,0.8865979381443299,0.0279052596088962,2
0.36000000000000004,0.37086092715231805,0.8608247422680413,0.0030216843647950776,0
0.0,0.3046357615894041,0.8608247422680413,5.563004089220246E-5,0
0.005,0.37086092715231805,0.8298969072164949,0.0026998988491321726,0
0.0,0.13907284768211933,0.8917525773195877,0.012221724522669869,2
0.025833333333333333,0.43708609271523197,0.865979381443299,0.026586808795546046,2
0.0,0.4105960264900662,0.8041237113402062,0.04610471510251242,3
0.17083333333333334,0.46357615894039744,0.7525773195876289,0.09182781551764205,3
0.035,0.20529801324503325,0.9742268041237113,0.005829404383942185,0
0.04916666666666667,0.3046357615894041,0.8195876288659794,0.014110442068265897,2
0.35,0.3046357615894041,0.9020618556701031,0.015944518730677724,2
0.16166666666666665,0.38410596026490074,0.8092783505154639,1.5424211394668636E-4,0
0.0,0.5231788079470201,0.711340206185567,3.441002121957397E-4,0
0.1,0.4768211920529801,0.8041237113402062,0.006455838239816134,0
0.0,0.5298013245033115,0.7422680412371134,0.0036298254371851585,0
0.22583333333333336,0.37086092715231805,0.8402061855670103,0.016820277043648916,2
8.333333333333334E-4,0.5165562913907286,0.8298969072164949,0.0011184937721761005,0
0.0,0.37086092715231805,0.7628865979381443,0.012121552481597587,3
0.0,0.576158940397351,0.7061855670103093,0.03262651173012882,3
0.0,0.5695364238410595,0.6391752577319587,0.049191715650220603,3
0.028333333333333332,0.49006622516556314,0.7731958762886598,0.06533482757958115,3
0.015000000000000001,0.43708609271523197,0.7525773195876289,0.059194299039695586,3
0.05333333333333334,0.5033112582781456,0.6288659793814433,0.06121701897668929,3
0.0,0.5496688741721856,0.7938144329896907,0.034145308750452394,3
0.0,0.6490066225165564,0.8041237113402062,0.06078999614904319,3
0.0,0.5496688741721856,0.7371134020618557,0.07944184531865402,3
0.13416666666666668,0.589403973509934,0.7216494845360825,0.13750018499318978,3
0.0,0.5033112582781456,0.7835051546391752,0.017250224008363065,3
0.16333333333333336,0.5099337748344371,0.8041237113402062,0.05693699100771738,3
0.0625,0.576158940397351,0.7525773195876289,0.006279842267119383,0
0.02666666666666667,0.5099337748344371,0.6649484536082474,0.011119663698902629,3
0.0,0.033112582781456956,0.8814432989690721,0.030060595492403697,2
0.0,0.4966887417218546,0.7628865979381443,0.07370828779419299,3
0.2341666666666667,0.5695364238410595,0.7061855670103093,0.10910549492732387,3
0.0,0.609271523178808,0.6855670103092784,0.0028936375374292314,0
0.0,0.5364238410596026,0.7783505154639175,0.02308343285624695,3
0.0,0.5364238410596026,0.7474226804123711,0.05775126397291325,3
0.22333333333333333,0.4503311258278147,0.7680412371134021,0.0795626887452675,3
0.015000000000000001,0.49006622516556314,0.8092783505154639,0.002656326871340876,0
0.0,0.5099337748344371,0.7577319587628866,0.018719114008619985,3
0.41833333333333333,0.4966887417218546,0.8505154639175257,0.048737328123664166,3
0.0,0.21854304635761598,0.9639175257731959,6.560556575242907E-5,0
0.18416666666666667,0.49006622516556314,0.7783505154639175,0.0032990168031816636,0
0.0025,0.43708609271523197,0.7731958762886598,8.993907961611198E-4,0
0.18833333333333335,0.1721854304635763,0.8608247422680413,0.007985001366150832,0
0.44333333333333336,0.43708609271523197,0.8402061855670103,0.0011408378857090068,0
0.0,0.39072847682119227,0.8402061855670103,7.1861475311471045E-6,0
0.21,0.39072847682119227,0.8350515463917526,7.390141050054173E-4,0
0.0,0.6026490066225165,0.7783505154639175,1.7812148520200834E-4,0
0.07833333333333334,0.6357615894039734,0.634020618556701,0.0025029354735894775,0
0.008333333333333333,0.6026490066225165,0.634020618556701,0.0030509847914365687,0
0.0,0.642384105960265,0.6494845360824743,0.01252009648203241,3
0.0,0.7019867549668873,0.5773195876288659,0.023076970399098187,3
0.0,0.6821192052980134,0.5309278350515464,0.039651755237438344,3
0.0,0.6622516556291393,0.5360824742268041,0.044342129178162215,3
0.0,0.6688741721854304,0.5876288659793815,0.051477006415357546,3
0.0,0.5033112582781456,0.7216494845360825,0.07840872803353928,3
0.06583333333333334,0.6490066225165564,0.6185567010309279,0.08172298116133217,3
0.03833333333333333,0.6622516556291393,0.5927835051546392,0.03129364987896671,3
0.0,0.6688741721854304,0.6030927835051546,0.029824648829994124,3
0.0,0.6291390728476824,0.5670103092783505,0.06140954252831365,3
0.0,0.642384105960265,0.5412371134020618,0.09795569208010706,3
0.0,0.6026490066225165,0.5567010309278351,0.11591593834358808,3
0.0,0.5496688741721856,0.6030927835051546,0.14582179056718578,3
0.26,0.6158940397350995,0.5,0.16160987717631806,3
0.0,0.556291390728477,0.7061855670103093,0.0021288119371351407,0
0.045000000000000005,0.5695364238410595,0.5515463917525774,0.020056136177203532,3
0.0,0.6291390728476824,0.5567010309278351,0.02401155498635255,3
0.0,0.6026490066225165,0.5051546391752577,0.05245078133784094,3
0.0,0.5033112582781456,0.6649484536082474,0.08570192187529582,3
0.0,0.576158940397351,0.5979381443298969,0.12431333337772658,3
0.0,0.3576158940397353,0.7525773195876289,0.15152267205456355,3
0.0,0.33112582781456956,0.8350515463917526,0.16433306715535992,2
0.0825,0.6357615894039734,0.5463917525773195,0.17824433309152107,3
0.01583333333333333,0.609271523178808,0.4690721649484536,0.045977641523787,3
0.0,0.609271523178808,0.4175257731958763,0.07852485887053688,3
0.0,0.6026490066225165,0.4639175257731959,0.13795330558511174,3
0.0,0.6291390728476824,0.42783505154639173,0.16333368663917916,3
0.0,0.6357615894039734,0.5051546391752577,0.19354020487915305,3
0.0,0.7417218543046358,0.5463917525773195,0.21866596022652532,3
0.0,0.6556291390728479,0.5515463917525774,0.25727492788051487,3
0.0,0.6953642384105964,0.4845360824742268,0.2602845020741772,3
0.0,0.6225165562913909,0.4793814432989691,0.26675890468576013,3
0.0,0.609271523178808,0.4329896907216495,0.2685602468493522,3
0.115,0.6556291390728479,0.4381443298969072,0.27393073214073843,3
0.0,0.6158940397350995,0.4587628865979381,0.0398321834803397,3
0.0,0.6158940397350995,0.5463917525773195,0.10848753237627862,3
0.0,0.6556291390728479,0.4587628865979381,0.167250931066523,3
0.0,0.6158940397350995,0.4484536082474227,0.19505767189517537,3
0.0,0.6026490066225165,0.4793814432989691,0.24118765229135658,3
0.0,0.6357615894039734,0.5,0.29659728406131264,3
0.0,0.6291390728476824,0.5,0.2999648415197163,3
0.0,0.6225165562913909,0.42783505154639173,0.30398406217312984,3
0.0,0.7019867549668873,0.4329896907216495,0.30663412850495647,3
0.0,0.6821192052980134,0.4329896907216495,0.31542952242871736,3
0.0,0.7019867549668873,0.7319587628865979,0.3457635894413618,3
0.0,0.6953642384105964,0.41237113402061853,0.3460852991538134,3
0.0,0.6622516556291393,0.28350515463917525,0.34984327696574524,3
0.0,0.6821192052980134,0.3917525773195876,0.3627795227414459,3
0.0,0.7880794701986757,0.36082474226804123,0.3638913282840084,3
0.0,0.7350993377483444,0.39690721649484534,0.3852510789294904,3
0.0,0.4105960264900662,0.6134020618556701,0.41168779181605075,3
0.0,0.6556291390728479,0.4948453608247423,0.41781772604271683,3
0.034166666666666665,0.8410596026490067,0.4742268041237113,0.4271542868403956,3
0.0,0.7814569536423842,0.4072164948453608,0.24637266079799375,3
0.0,0.6953642384105964,0.5670103092783505,0.3375741783374535,3
0.0,0.6754966887417219,0.5,0.40590343039470683,3
0.0,0.7350993377483444,0.4896907216494845,0.4248623675541302,3
0.0,0.8278145695364242,0.37628865979381443,0.45530852944245537,3
0.0,0.8874172185430467,0.31958762886597936,0.47436415018233663,3
0.0,0.8741721854304636,0.422680412371134,0.4788441964481578,3
0.0,0.8145695364238412,0.39690721649484534,0.4798124393263594,3
0.0,0.7682119205298013,0.5567010309278351,0.48138399410323046,3
0.0,0.7019867549668873,0.4536082474226804,0.48268066028855067,3
0.0,0.6953642384105964,0.4072164948453608,0.48665491389519355,3
0.0,0.7350993377483444,0.4020618556701031,0.500273663833047,3
0.0,0.6754966887417219,0.5154639175257731,0.5369984868484895,3
0.0,0.7152317880794703,0.5979381443298969,0.5430846911674677,3
0.07833333333333334,0.3046357615894041,0.5979381443298969,0.5473920519215719,3
0.0,0.8013245033112583,0.25773195876288657,0.15081369456209323,3
0.0,0.8543046357615897,0.23711340206185566,0.2926845104151564,4
0.0,0.8278145695364242,0.31443298969072164,0.39548595515873247,3
0.0,0.8741721854304636,0.28865979381443296,0.44780383836973114,4
0.0,0.8211920529801328,0.23195876288659795,0.4919392711589929,4
0.0,0.8013245033112583,0.4072164948453608,0.5452286657173608,3
0.0,0.8211920529801328,0.37628865979381443,0.5625079554157246,3
0.0,0.8278145695364242,0.32989690721649484,0.5637299230400371,3
0.0,0.947019867549669,0.26288659793814434,0.5667822986354716,4
0.0,0.8211920529801328,0.4793814432989691,0.5796156880317009,3
0.0,0.7284768211920534,0.4484536082474227,0.5926744601492786,3
0.0,0.7417218543046358,0.211340206185567,0.5951272672407445,3
0.0,0.7682119205298013,0.22164948453608246,0.6221836319526455,3
0.0,0.8609271523178812,0.4742268041237113,0.6306905167241336,3
0.0,0.7947019867549673,0.26804123711340205,0.6348858871524486,3
0.0,0.8940397350993381,0.20618556701030927,0.6769756316996166,4
0.0,0.7019867549668873,0.4381443298969072,0.6828773566376627,3
0.0,0.9139072847682121,0.04639175257731959,0.7071517469654522,4
0.0,0.9271523178807951,0.38144329896907214,0.7072012493204859,3
0.0,0.9139072847682121,0.5618556701030928,0.7125679513583996,3
0.0,0.7615894039735103,0.32989690721649484,0.7125679513583996,3
0.0325,0.7152317880794703,0.4845360824742268,0.7145802289665264,3
0.0,0.9006622516556291,0.3711340206185567,0.4150401552885438,3
0.0,0.7947019867549673,0.39690721649484534,0.5460089004479652,3
0.0,0.7814569536423842,0.3917525773195876,0.616535113599934,3
0.0,0.960264900662252,0.4587628865979381,0.6410550133595407,3
0.0,0.6754966887417219,0.5876288659793815,0.6758122344170558,3
0.11583333333333333,0.8609271523178812,0.37628865979381443,0.7026896139409483,3
0.0,0.7748344370860928,0.4845360824742268,0.10151283622335906,3
0.0,0.8145695364238412,0.31443298969072164,0.2692271028276781,3
0.0,0.7814569536423842,0.5154639175257731,0.42261232751164735,3
0.0,0.7682119205298013,0.37628865979381443,0.48819029383607476,3
0.0,0.8741721854304636,0.33505154639175255,0.5666519536964238,3
0.0,0.6887417218543048,0.4845360824742268,0.6511534166982695,3
0.0,0.609271523178808,0.38144329896907214,0.6511534166982695,3
0.0,0.8675496688741722,0.36597938144329895,0.6640884029941753,3
0.0,0.7615894039735103,0.41237113402061853,0.6703334517049604,3
0.0,0.960264900662252,0.3711340206185567,0.6808726455706894,4
0.0,0.46357615894039744,0.6391752577319587,0.7012014899226382,3
0.0,0.5033112582781456,0.4072164948453608,0.714480194736663,3
0.09833333333333334,0.7218543046357618,0.5257731958762887,0.7153810071780002,3
0.1,0.6688741721854304,0.4948453608247423,0.13711435181547624,3
0.0,0.6754966887417219,0.4639175257731959,0.060458382645523924,3
8.333333333333334E-4,0.9139072847682121,0.22164948453608246,0.2109361053053666,4
0.0,1.0,0.37628865979381443,0.3407078188937306,4
0.0,0.993377483443709,0.28350515463917525,0.438476086531507,4
0.0,0.7682119205298013,0.4690721649484536,0.5671905288376169,3
8.333333333333334E-4,0.8874172185430467,0.5824742268041238,0.6644338187654149,3
0.0,0.6754966887417219,0.4587628865979381,0.6558520812403705,3
0.0,0.6026490066225165,0.5257731958762887,0.6728855647752092,3
0.0,0.7019867549668873,0.3402061855670103,0.6749072524927232,3
0.0,0.6357615894039734,0.6907216494845361,0.6962823670442452,3
0.10250000000000001,0.7019867549668873,0.7216494845360825,0.720002927490582,3
0.0,0.7086092715231789,0.6907216494845361,0.12879928484647538,3
0.06166666666666667,0.7019867549668873,0.6494845360824743,0.30473887823888457,3
0.004166666666666667,0.7615894039735103,0.5670103092783505,0.15640601161665454,3
0.0,0.609271523178808,0.7474226804123711,0.29142866900315756,3
0.0,0.7019867549668873,0.4948453608247423,0.44710580898226054,3
0.02666666666666667,0.6821192052980134,0.5567010309278351,0.5683828804847304,3
0.0,0.6490066225165564,0.4793814432989691,0.3953317457079938,3
0.0,0.7880794701986757,0.4845360824742268,0.5420429689287508,3
0.0,0.7350993377483444,0.4639175257731959,0.5996494756370436,3
0.0,0.6754966887417219,0.5618556701030928,0.6191485807276698,3
0.5883333333333333,0.5364238410596026,0.6082474226804123,0.655465242639498,3
0.39333333333333337,0.6357615894039734,0.6494845360824743,3.450224712581405E-5,0
0.6983333333333334,0.22516556291390746,0.8556701030927835,6.616084608279564E-6,0
0.034166666666666665,0.5033112582781456,0.6597938144329897,9.685153470619628E-9,0
0.0325,0.2582781456953644,0.8814432989690721,2.0421984412159305E-5,0
0.0,0.43708609271523197,0.7680412371134021,6.669510290187086E-4,0
0.0,0.27152317880794713,0.7577319587628866,0.007488473194974122,0
0.24250000000000002,0.4503311258278147,0.8195876288659794,0.033480567743815144,3
0.19666666666666668,0.29139072847682135,0.8917525773195877,0.0014631087998145896,0
0.0,0.18543046357615903,0.9329896907216495,4.5728865345900346E-4,0
0.04083333333333334,0.3973509933774835,0.7680412371134021,0.00593914295608364,0
