"precipitacao","temperatura","umidade","dias_de_secura","houve_incendio"
0.0,0.6158940397350995,0.6443298969072165,0.16779827796021632,0
0.0,0.6158940397350995,0.5773195876288659,0.15523112626201682,0
0.011666666666666665,0.589403973509934,0.5670103092783505,0.14491897320822078,1
0.0,0.5695364238410595,0.7474226804123711,0.15121467405875505,0
0.06666666666666667,0.4768211920529801,0.7371134020618557,0.16016776388300896,0
0.10833333333333334,0.29139072847682135,0.8247422680412371,0.20519674805400978,0
0.3775,0.576158940397351,0.5360824742268041,0.3504129449823457,0
0.0,0.4569536423841062,0.8298969072164949,0.24272482748503516,0
0.0,0.0,0.979381443298969,0.2739569478144488,0
0.12416666666666668,0.5496688741721856,0.6855670103092784,0.7930181781354745,0
0.10833333333333334,0.6357615894039734,0.5773195876288659,0.4068938050632808,0
0.0,0.37748344370860926,0.7628865979381443,0.2503168959009295,0
0.0016666666666666668,0.5099337748344371,0.7164948453608248,0.3651453322814512,0
0.28833333333333333,0.576158940397351,0.6030927835051546,0.3136300883518186,0
0.0,0.589403973509934,0.6855670103092784,0.24477183571246666,0
0.009166666666666667,0.5165562913907286,0.7525773195876289,0.22635798019512063,0
0.0016666666666666668,0.15894039735099355,0.9536082474226805,0.2518676253902811,0
0.06583333333333334,0.43708609271523197,0.8865979381443299,0.5654638120792803,0
0.03833333333333333,0.556291390728477,0.8298969072164949,0.4693872361016964,0
0.13833333333333334,0.6622516556291393,0.6597938144329897,0.33974284440173763,0
0.155,0.4105960264900662,0.8298969072164949,0.23841050234900346,0
0.18583333333333335,0.4105960264900662,0.7680412371134021,0.3341261490986271,0
0.009166666666666667,0.5298013245033115,0.711340206185567,0.37545111601740755,0
0.0,0.43046357615894043,0.7525773195876289,0.3142699561135956,0
0.13416666666666668,0.4503311258278147,0.8247422680412371,0.3630792618982103,0
8.333333333333334E-4,0.48344370860927166,0.9329896907216495,0.38545239917084373,0
0.0525,0.5827814569536425,0.7680412371134021,0.3627690243530227,0
0.06166666666666667,0.6556291390728479,0.6443298969072165,0.28046409501785186,0
0.0125,0.33112582781456956,0.788659793814433,0.2144078973211765,0
0.0,0.4701986754966889,0.8195876288659794,0.3807407817151612,0
0.0,0.403973509933775,0.7783505154639175,0.3716570189265236,0
0.18083333333333332,0.5496688741721856,0.7577319587628866,0.42671663138623744,0
0.0,0.4105960264900662,0.7680412371134021,0.3384689842462534,0
0.14166666666666666,0.576158940397351,0.7010309278350515,0.41211884213328626,0
0.06166666666666667,0.39072847682119227,0.8711340206185567,0.3105363537648236,0
0.0,0.6026490066225165,0.7422680412371134,0.41019867804524035,0
0.3983333333333333,0.4768211920529801,0.7731958762886598,0.29323367856695437,0
0.08833333333333333,0.49006622516556314,0.6855670103092784,0.3307550032880175,0
0.11083333333333334,0.609271523178808,0.6134020618556701,0.34231511252931185,0
0.0,0.4966887417218546,0.634020618556701,0.2604188821304781,0
0.0,0.5629139072847685,0.5670103092783505,0.2927262725167847,0
0.12333333333333334,0.6622516556291393,0.5412371134020618,0.2715773630521811,0
0.0,0.46357615894039744,0.7731958762886598,0.20751874144236954,0
0.0,0.44370860927152317,0.8092783505154639,0.2844619722798054,0
0.034166666666666665,0.576158940397351,0.5824742268041238,0.342424612562334,0
0.07833333333333334,0.6556291390728479,0.6082474226804123,0.278324957927839,0
0.0,0.6622516556291393,0.6237113402061856,0.21542386932132848,0
0.0,0.5960264900662254,0.5515463917525774,0.18594293198707298,0
0.0,0.5231788079470201,0.7164948453608248,0.19261684711803825,0
0.0,0.642384105960265,0.6185567010309279,0.22893857186170485,0
0.0,0.5960264900662254,0.7628865979381443,0.19095519143406434,0
0.0,0.5231788079470201,0.7216494845360825,0.19707838479148848,0
0.07916666666666666,0.6357615894039734,0.6288659793814433,0.2328816909226316,0
0.008333333333333333,0.5496688741721856,0.6494845360824743,0.19338538774126307,1
0.0,0.5033112582781456,0.7061855670103093,0.2139218523055183,0
0.0,0.642384105960265,0.5824742268041238,0.2510334910686789,0
0.0,0.6357615894039734,0.6134020618556701,0.19805588775862532,0
0.0,0.642384105960265,0.6597938144329897,0.18113193872752326,0
0.0,0.589403973509934,0.5515463917525774,0.17093770139873468,0
0.0,0.5960264900662254,0.6494845360824743,0.17999300187245537,0
0.0,0.6688741721854304,0.5412371134020618,0.18197083383499027,0
0.0,0.589403973509934,0.6082474226804123,0.15709839953711183,0
0.0,0.642384105960265,0.6649484536082474,0.17523997628163582,0
0.0,0.6158940397350995,0.7525773195876289,0.16190040178424037,0
0.12833333333333333,0.5960264900662254,0.6958762886597938,0.16231378350617426,0
0.4166666666666667,0.6556291390728479,0.6288659793814433,0.16998940202630164,0
0.0,0.609271523178808,0.6443298969072165,0.1523025621527084,0
0.0,0.543046357615894,0.788659793814433,0.15834418043412382,0
0.0,0.5960264900662254,0.7731958762886598,0.18791284375587727,0
0.0,0.556291390728477,0.8247422680412371,0.1782244425869698,0
0.028333333333333332,0.39072847682119227,0.7731958762886598,0.19041707411703762,0
0.4716666666666667,0.5298013245033115,0.654639175257732,0.28887417421191897,0
0.25666666666666665,0.5629139072847685,0.7938144329896907,0.26055998177960893,0
0.0,0.6291390728476824,0.5979381443298969,0.2324920223499306,0
0.0,0.5629139072847685,0.7061855670103093,0.1930588627253362,0
8.333333333333334E-4,0.3576158940397353,0.7835051546391752,0.2021888226067661,1
0.0,0.21192052980132448,0.8247422680412371,0.3212627773278927,0
0.20500000000000002,0.576158940397351,0.7268041237113402,0.5533800734892057,0
0.04416666666666667,0.6622516556291393,0.7216494845360825,0.338563314740423,0
0.0,0.6158940397350995,0.6391752577319587,0.22996227590618018,0
8.333333333333334E-4,0.6026490066225165,0.7783505154639175,0.2112339741049067,0
0.07,0.43708609271523197,0.5463917525773195,0.1972177475462901,0
0.305,0.5298013245033115,0.7938144329896907,0.2677344095867842,0
0.2783333333333333,0.5827814569536425,0.6082474226804123,0.2616532702780086,0
0.013333333333333334,0.5827814569536425,0.6237113402061856,0.2349573754571107,0
0.0,0.6357615894039734,0.6494845360824743,0.2241738674801484,1
8.333333333333334E-4,0.6158940397350995,0.634020618556701,0.18922305473941217,0
0.02,0.543046357615894,0.7010309278350515,0.17806379245148204,0
0.007500000000000001,0.5496688741721856,0.7628865979381443,0.20540858358174977,1
0.0016666666666666668,0.5496688741721856,0.7164948453608248,0.21711139052407727,0
0.10333333333333333,0.556291390728477,0.7989690721649485,0.22359640444588094,0
0.0,0.6688741721854304,0.6288659793814433,0.22319817385969054,0
0.0175,0.576158940397351,0.7422680412371134,0.17003281014433558,0
0.0,0.5695364238410595,0.7422680412371134,0.18408024475364,0
0.185,0.6556291390728479,0.5876288659793815,0.19468439196941276,0
0.02666666666666667,0.5629139072847685,0.6855670103092784,0.16284102080458626,0
0.0,0.6357615894039734,0.6494845360824743,0.18606104680912294,0
0.018333333333333333,0.5695364238410595,0.6958762886597938,0.16780363767054812,0
0.0,0.6158940397350995,0.6701030927835051,0.18207112989099278,0
0.0575,0.49006622516556314,0.7268041237113402,0.17130893919203638,0
0.05083333333333333,0.5298013245033115,0.7938144329896907,0.22016823023184834,0
0.19333333333333333,0.48344370860927166,0.7731958762886598,0.22705641565050763,0
0.09000000000000001,0.4503311258278147,0.8195876288659794,0.2593981010055072,0
0.2033333333333333,0.5231788079470201,0.8092783505154639,0.29829278196722153,0
0.04416666666666667,0.41721854304635775,0.8762886597938144,0.27489266820049385,0
0.0575,0.44370860927152317,0.7680412371134021,0.33493435268154914,0
0.08416666666666667,0.5960264900662254,0.6288659793814433,0.3488808098332016,0
0.0,0.6026490066225165,0.5412371134020618,0.25526274746305083,0
0.0,0.4966887417218546,0.7731958762886598,0.218990707276667,0
0.0,0.5099337748344371,0.7319587628865979,0.2576444607535593,0
0.008333333333333333,0.556291390728477,0.6288659793814433,0.26633661795175445,0
0.0,0.5231788079470201,0.6134020618556701,0.2452477460453562,0
0.035833333333333335,0.6225165562913909,0.6752577319587629,0.2579641665524544,0
0.0,0.5298013245033115,0.7783505154639175,0.21237399099784396,0
0.02666666666666667,0.5364238410596026,0.6855670103092784,0.23548151607186274,0
0.09416666666666668,0.5629139072847685,0.6701030927835051,0.24154084165102313,0
0.0,0.556291390728477,0.634020618556701,0.23088396122173813,0
0.0,0.5629139072847685,0.6649484536082474,0.2302008041040282,0
0.0,0.6026490066225165,0.5876288659793815,0.22755894093764092,0
0.0,0.576158940397351,0.6494845360824743,0.20451294507419782,0
0.0,0.4701986754966889,0.6804123711340206,0.2042783207594975,0
0.06333333333333332,0.5496688741721856,0.6443298969072165,0.2574431608649449,0
0.0,0.3509933774834438,0.8969072164948454,0.24331381809328168,0
0.10333333333333333,0.5629139072847685,0.6649484536082474,0.37037011951670107,0
0.08166666666666668,0.642384105960265,0.5773195876288659,0.2890660629553477,0
0.0,0.6688741721854304,0.520618556701031,0.21573181937460656,0
0.0,0.642384105960265,0.4690721649484536,0.1765809541232977,0
0.0,0.6026490066225165,0.4896907216494845,0.16673666489560607,0
0.0,0.6158940397350995,0.5103092783505154,0.17215431865033143,0
0.0,0.7086092715231789,0.4381443298969072,0.17025362922993917,0
0.0,0.6754966887417219,0.5309278350515464,0.13772978524943266,0
0.0,0.43708609271523197,0.7319587628865979,0.13310356454598973,1
0.0,0.5099337748344371,0.634020618556701,0.21989116736263037,0
0.11666666666666667,0.5231788079470201,0.5824742268041238,0.2329840822758661,0
0.05333333333333334,0.6291390728476824,0.5103092783505154,0.23786023153432898,0
0.0,0.556291390728477,0.6185567010309279,0.1954689947849765,0
0.0,0.49006622516556314,0.6494845360824743,0.20536101059486553,0
0.0,0.4966887417218546,0.6752577319587629,0.23722681296002615,0
0.0,0.576158940397351,0.8195876288659794,0.24854694450161863,0
0.0,0.576158940397351,0.6391752577319587,0.21757463446847639,0
0.16,0.6291390728476824,0.5824742268041238,0.20945552921349433,0
0.0,0.6490066225165564,0.6649484536082474,0.18196890557576106,0
0.0,0.6688741721854304,0.5721649484536082,0.15865071018284344,1
0.0,0.6622516556291393,0.6082474226804123,0.1414623104208383,0
0.0,0.5629139072847685,0.7989690721649485,0.13473662216417942,0
0.0,0.6225165562913909,0.6597938144329897,0.16464636610063269,0
8.333333333333334E-4,0.6688741721854304,0.6494845360824743,0.15864732008147545,1
0.0,0.5364238410596026,0.7061855670103093,0.1386314543712159,0
0.0,0.6225165562913909,0.7783505154639175,0.1757599091731671,0
0.0,0.3509933774834438,0.9536082474226805,0.16049644504486377,0
0.04416666666666667,0.5364238410596026,0.7731958762886598,0.2796117762401715,0
0.06916666666666667,0.5629139072847685,0.6597938144329897,0.24612255069521466,0
0.0,0.6688741721854304,0.6134020618556701,0.22082758857913515,0
0.0,0.576158940397351,0.5463917525773195,0.16578554803350334,0
0.0,0.589403973509934,0.42783505154639173,0.17694869092210241,0
0.0,0.6291390728476824,0.41237113402061853,0.1719330100190468,0
0.0,0.6821192052980134,0.41237113402061853,0.15717903702590214,0
0.0,0.5364238410596026,0.5412371134020618,0.13510981689870466,0
0.0,0.6291390728476824,0.4690721649484536,0.17471035766246756,0
0.0,0.609271523178808,0.5412371134020618,0.15922121081233304,0
0.0,0.609271523178808,0.5515463917525774,0.15722105105000736,0
0.0,0.5827814569536425,0.7938144329896907,0.15889667326997467,0
0.0,0.5629139072847685,0.5927835051546392,0.1683690952463139,0
0.06166666666666667,0.5960264900662254,0.5309278350515464,0.17798257438096388,0
0.0,0.5960264900662254,0.5309278350515464,0.17134901989909132,0
0.0,0.6556291390728479,0.5979381443298969,0.16595343728949888,0
0.0,0.6291390728476824,0.5412371134020618,0.14323178657511126,0
0.0,0.6158940397350995,0.4948453608247423,0.14053751046017132,0
8.333333333333334E-4,0.5629139072847685,0.5567010309278351,0.14276560703907815,0
0.0,0.6887417218543048,0.4329896907216495,0.16101127439767776,0
0.0,0.7019867549668873,0.5567010309278351,0.12855165995802342,0
0.0,0.6225165562913909,0.4896907216494845,0.11264291827082447,0
0.0,0.5099337748344371,0.4639175257731959,0.1262895046553824,0
0.0,0.5827814569536425,0.6237113402061856,0.16846231655897664,0
0.0,0.6754966887417219,0.5927835051546392,0.16428870610237645,1
0.0,0.5496688741721856,0.5773195876288659,0.134106119134083,0
0.004166666666666667,0.5364238410596026,0.4845360824742268,0.16383916198244888,0
0.0,0.6490066225165564,0.4381443298969072,0.18304593734537483,0
0.0,0.6754966887417219,0.36082474226804123,0.14750899947142915,0
0.0025,0.6887417218543048,0.5979381443298969,0.12731919968700556,0
0.0,0.6821192052980134,0.7010309278350515,0.11453193401405125,0
0.0,0.7218543046357618,0.4639175257731959,0.10814148765860901,1
0.0,0.6291390728476824,0.5670103092783505,0.0946177728457361,0
0.0,0.6556291390728479,0.5,0.1096816782339051,0
0.0,0.7284768211920534,0.35051546391752575,0.10987348567348183,0
0.0,0.6953642384105964,0.36597938144329895,0.09334506158512991,0
0.0,0.6688741721854304,0.5,0.09350982947894028,0
0.0,0.589403973509934,0.520618556701031,0.09857807812002578,0
0.0,0.7086092715231789,0.6185567010309279,0.11808338565421703,1
0.0,0.7284768211920534,0.5463917525773195,0.09846979194046503,1
0.0,0.7218543046357618,0.4484536082474227,0.08716015234864932,0
0.0,0.7019867549668873,0.5721649484536082,0.08228013653507335,0
0.0,0.7880794701986757,0.42783505154639173,0.08155557598468682,0
0.0,0.6953642384105964,0.5515463917525774,0.06479586737615006,0
0.0,0.642384105960265,0.6649484536082474,0.07296320794209404,0
0.0,0.6821192052980134,0.5051546391752577,0.08730434212441059,0
0.0,0.6158940397350995,0.6855670103092784,0.0855715815176961,0
0.0,0.5165562913907286,0.788659793814433,0.09952437394882749,0
0.07833333333333334,0.609271523178808,0.7164948453608248,0.1351506930647443,0
0.0275,0.6490066225165564,0.6855670103092784,0.12636632767625172,0
0.0,0.6887417218543048,0.6134020618556701,0.11372080095053214,0
0.0,0.6622516556291393,0.6494845360824743,0.1000089005586542,0
8.333333333333334E-4,0.6688741721854304,0.5515463917525774,0.09805187477559311,0
0.0,0.6953642384105964,0.5,0.09371040446416332,0
0.0,0.7417218543046358,0.4639175257731959,0.08673470786688327,0
0.0,0.7284768211920534,0.5051546391752577,0.07508596205748487,0
0.0,0.7483443708609273,0.4175257731958763,0.0720031506008041,0
0.0,0.7682119205298013,0.4742268041237113,0.06611834129934537,0
0.0,0.8145695364238412,0.38144329896907214,0.05978862835398094,0
0.0,0.8079470198675497,0.42783505154639173,0.05023728489309735,1
0.0,0.7086092715231789,0.5103092783505154,0.0460455107854374,0
0.0,0.7086092715231789,0.4536082474226804,0.05609975532143192,0
0.0,0.7284768211920534,0.4896907216494845,0.0606722219037241,0
0.0,0.7086092715231789,0.37628865979381443,0.05919839894989777,0
0.0,0.7947019867549673,0.36597938144329895,0.06204789725047165,1
0.0,0.7284768211920534,0.44329896907216493,0.051103563383494,1
0.0,0.7218543046357618,0.5567010309278351,0.054155359042334233,0
0.0,0.7086092715231789,0.4742268041237113,0.056184172812092065,0
0.0,0.7549668874172188,0.4793814432989691,0.058243124288395114,0
0.0,0.7748344370860928,0.5154639175257731,0.05317337718520204,0
0.0,0.7417218543046358,0.5463917525773195,0.04877239788487658,0
0.0,0.7483443708609273,0.3865979381443299,0.050224456639099725,0
0.06333333333333332,0.7947019867549673,0.3865979381443299,0.04941686152039016,1
0.0,0.7417218543046358,0.31958762886597936,0.043288253433632067,1
0.0,0.7682119205298013,0.3711340206185567,0.046780261197155025,0
0.0,0.7748344370860928,0.4793814432989691,0.045102585729637136,0
0.0,0.7947019867549673,0.36597938144329895,0.042774709116245736,1
0.0,0.8476821192052982,0.21649484536082475,0.03931021372326539,1
0.0,0.8807947019867551,0.2422680412371134,0.03214664347035988,0
0.0,0.8675496688741722,0.26288659793814434,0.02576498270334983,1
0.0,0.8278145695364242,0.29896907216494845,0.023749799698263675,1
0.0,0.8344370860927152,0.36597938144329895,0.025073236312939895,0
0.0,0.7615894039735103,0.41237113402061853,0.024682667524627864,0
0.0,0.8211920529801328,0.36082474226804123,0.03015874063746827,0
0.0,0.8079470198675497,0.28350515463917525,0.027863039385564267,1
0.0,0.9006622516556291,0.30412371134020616,0.027778723701090455,0
0.0,0.8211920529801328,0.24742268041237114,0.020626163162991432,1
0.0,0.8675496688741722,0.39690721649484534,0.022433140360007348,1
0.0,0.8145695364238412,0.31958762886597936,0.01981173398804969,0
0.0,0.8278145695364242,0.24742268041237114,0.021851395029565016,0
0.0,0.8410596026490067,0.422680412371134,0.021886738155567638,0
0.0,0.6556291390728479,0.5412371134020618,0.020852384739357167,1
0.016666666666666666,0.7284768211920534,0.5463917525773195,0.03504292370082146,0
0.016666666666666666,0.6357615894039734,0.634020618556701,0.03622557319327283,0
0.31833333333333336,0.7350993377483444,0.422680412371134,0.04756888527377396,0
0.0,0.8278145695364242,0.33505154639175255,0.043090986944559005,0
0.0,0.7086092715231789,0.3865979381443299,0.032033266075009864,0
0.0,0.7417218543046358,0.3556701030927835,0.03808432702313318,1
0.0,0.8079470198675497,0.33505154639175255,0.03732196326773055,0
0.0,0.8476821192052982,0.36597938144329895,0.030448090511697376,1
0.0,0.8543046357615897,0.27835051546391754,0.02503230026081274,1
0.0,0.8476821192052982,0.33505154639175255,0.02237260912775363,1
0.0,0.8278145695364242,0.25257731958762886,0.02062144118468563,1
0.0,0.8741721854304636,0.23195876288659795,0.021040974392354844,1
0.0,0.8410596026490067,0.24742268041237114,0.017992009108143,0
0.0,0.7880794701986757,0.3402061855670103,0.018588025479769017,1
0.0,0.8543046357615897,0.29381443298969073,0.022320481059050302,0
0.0,0.8675496688741722,0.27319587628865977,0.019023452772351217,1
0.0,0.8675496688741722,0.33505154639175255,0.01666669379566716,0
0.0,0.8940397350993381,0.27835051546391754,0.015461939178747218,0
0.0,0.6953642384105964,0.36597938144329895,0.013201832389270796,1
0.0,0.8013245033112583,0.42783505154639173,0.02390483410473024,1
0.0,0.8410596026490067,0.30412371134020616,0.022218785281589853,1
0.0,0.8410596026490067,0.34536082474226804,0.018870860670601605,0
0.0,0.8940397350993381,0.25257731958762886,0.017852434747090234,1
0.0,0.9006622516556291,0.26804123711340205,0.014157125301302307,1
0.0,0.8079470198675497,0.29896907216494845,0.011724133471028316,1
0.0,0.8874172185430467,0.29381443298969073,0.015289335278110366,1
0.0,0.8874172185430467,0.1958762886597938,0.012744799102528572,1
0.0,0.9271523178807951,0.26288659793814434,0.011628371316153463,0
0.0,0.8807947019867551,0.36597938144329895,0.009383784497507394,1
0.0,0.8013245033112583,0.37628865979381443,0.009905706642965409,1
0.0,0.6490066225165564,0.788659793814433,0.013569572773062005,0
0.0,0.7019867549668873,0.4690721649484536,0.025681947232634273,1
0.0,0.6953642384105964,0.3917525773195876,0.02907334409367868,0
0.0,0.7814569536423842,0.44329896907216493,0.03260402729569231,0
0.0,0.8278145695364242,0.36082474226804123,0.0272297969807224,1
0.0,0.8807947019867551,0.28865979381443296,0.021318723926467234,1
0.0,0.8410596026490067,0.24742268041237114,0.015356091096371002,1
0.0,0.8741721854304636,0.25257731958762886,0.014843736939564407,1
0.0,0.9271523178807951,0.24742268041237114,0.012797724265868147,1
0.0,0.9006622516556291,0.23711340206185566,0.009476695558342782,0
0.0,0.6490066225165564,0.5257731958762887,0.00899928356055424,1
0.21,0.5165562913907286,0.6494845360824743,0.022265784914156855,0
0.018333333333333333,0.6490066225165564,0.4020618556701031,0.04501479959657363,0
0.0,0.609271523178808,0.42783505154639173,0.04497067905272845,0
0.0,0.6887417218543048,0.520618556701031,0.052614294242310976,0
0.0,0.576158940397351,0.5876288659793815,0.047421257007792615,0
0.0,0.6887417218543048,0.5721649484536082,0.058472914799024736,1
0.0,0.7417218543046358,0.4793814432989691,0.04875689650284651,1
0.0,0.6754966887417219,0.5,0.03962473474626082,0
0.0,0.6556291390728479,0.4329896907216495,0.04329800028602684,1
0.0,0.7152317880794703,0.4793814432989691,0.04795988213873782,1
0.0,0.7019867549668873,0.6082474226804123,0.0427967022371006,1
0.03916666666666667,0.7152317880794703,0.4793814432989691,0.042824072121129916,1
0.0575,0.38410596026490074,0.8505154639175257,0.042242136067635584,1
0.056666666666666664,0.5695364238410595,0.5618556701030928,0.09557025754614801,0
0.01,0.6357615894039734,0.5412371134020618,0.09140335759117826,0
0.0,0.6887417218543048,0.4690721649484536,0.07811871513477552,1
0.0,0.5695364238410595,0.520618556701031,0.06556688028054146,0
0.0,0.43708609271523197,0.6907216494845361,0.08036838534604793,0
0.0,0.4966887417218546,0.7010309278350515,0.1169153593401937,0
0.07333333333333333,0.5496688741721856,0.8092783505154639,0.1251341472879938,0
0.10333333333333333,0.6026490066225165,0.654639175257732,0.11772157441374306,0
0.018333333333333333,0.7152317880794703,0.5257731958762887,0.104528769669466,1
0.0,0.7019867549668873,0.4948453608247423,0.07555130423327919,0
0.0,0.6754966887417219,0.5824742268041238,0.06487761558652201,0
0.0,0.5364238410596026,0.7628865979381443,0.06411205713343371,1
0.0,0.642384105960265,0.5824742268041238,0.08929732848610412,0
0.0,0.7218543046357618,0.4639175257731959,0.08268616142455527,1
0.0,0.5165562913907286,0.7164948453608248,0.06749683473956784,1
0.0,0.4966887417218546,0.8092783505154639,0.09914751767932478,0
0.09666666666666666,0.43046357615894043,0.7319587628865979,0.12393459597051223,0
0.01583333333333333,0.6490066225165564,0.5257731958762887,0.15964693590714413,0
0.0,0.6821192052980134,0.5103092783505154,0.11436277443963862,0
0.0,0.7019867549668873,0.4896907216494845,0.09162037750200158,0
0.0,0.5827814569536425,0.7010309278350515,0.07626101517794949,1
0.0,0.5629139072847685,0.7319587628865979,0.09048208496948035,0
0.07,0.642384105960265,0.7525773195876289,0.10105034906142682,0
0.0,0.37086092715231805,0.8711340206185567,0.09122762257995307,0
0.13416666666666668,0.37748344370860926,0.865979381443299,0.16762506727969634,0
0.08499999999999999,0.6754966887417219,0.6855670103092784,0.22153297849975276,0
0.0016666666666666668,0.6688741721854304,0.7010309278350515,0.1311532864927514,0
0.0,0.32450331125827836,0.711340206185567,0.1053207071970269,1
0.0,0.576158940397351,0.6701030927835051,0.20955248763907008,0
0.0,0.46357615894039744,0.7783505154639175,0.16145181841221765,0
0.17083333333333334,0.6357615894039734,0.6701030927835051,0.18446855422646252,0
0.0,0.6821192052980134,0.4690721649484536,0.1409028089566119,0
0.0,0.6225165562913909,0.6494845360824743,0.10907809508307155,0
0.0,0.6490066225165564,0.5154639175257731,0.10957083451686152,0
0.0025,0.6688741721854304,0.5927835051546392,0.10299975731862696,0
0.0,0.6490066225165564,0.5360824742268041,0.09368008458801869,1
0.0,0.589403973509934,0.6907216494845361,0.09527692591219225,0
0.10833333333333334,0.6225165562913909,0.5773195876288659,0.10996285859619406,0
0.0,0.6291390728476824,0.5979381443298969,0.10778028444128913,0
0.0,0.7019867549668873,0.4793814432989691,0.10492406132732021,0
0.0,0.5033112582781456,0.7319587628865979,0.087043582436832,1
1.0,0.5496688741721856,0.5721649484536082,0.12775652409496263,0
0.0,0.6026490066225165,0.4072164948453608,0.1374136342337734,0
0.0,0.576158940397351,0.4587628865979381,0.12494253622277116,0
0.0,0.6026490066225165,0.5412371134020618,0.13139633020687622,1
0.0,0.5695364238410595,0.5876288659793815,0.12616201857673867,1
0.0,0.5298013245033115,0.6237113402061856,0.13208935948757575,0
0.0,0.576158940397351,0.5721649484536082,0.14870279812049156,1
0.0,0.26490066225165565,0.8247422680412371,0.14315322181251425,0
0.0,0.44370860927152317,0.8298969072164949,0.2851982304243774,0
0.0525,0.3576158940397353,0.6804123711340206,0.27466130545067646,0
0.055,0.13907284768211933,0.9175257731958762,0.3311993864479964,0
0.5091666666666667,0.5033112582781456,0.8195876288659794,0.6017749658723307,0
0.02666666666666667,0.5231788079470201,0.7216494845360825,0.37505342447935697,0
0.058333333333333334,0.642384105960265,0.654639175257732,0.28700372360655757,0
0.030000000000000002,0.5496688741721856,0.6958762886597938,0.20096097512186906,0
0.0,0.556291390728477,0.654639175257732,0.19997831240136502,0
0.0,0.6158940397350995,0.5670103092783505,0.19253547423355033,0
0.0,0.5827814569536425,0.6443298969072165,0.16840135867666645,1
0.0,0.576158940397351,0.7268041237113402,0.1708540955024227,0
0.0,0.6291390728476824,0.5309278350515464,0.17530512129168618,0
0.0,0.7152317880794703,0.5,0.15563687379072427,0
0.0,0.6887417218543048,0.5,0.11992738711184492,0
8.333333333333334E-4,0.543046357615894,0.6494845360824743,0.11290748905967014,1
0.0,0.576158940397351,0.654639175257732,0.14757552676332855,0
0.0,0.556291390728477,0.520618556701031,0.154682286528661,1
0.042499999999999996,0.6357615894039734,0.4690721649484536,0.16524585089130558,0
0.0,0.5695364238410595,0.6288659793814433,0.14238356494473864,0
0.03833333333333333,0.5099337748344371,0.6649484536082474,0.15511324621692593,0
0.0,0.5099337748344371,0.6752577319587629,0.1829238175630655,0
8.333333333333334E-4,0.46357615894039744,0.7474226804123711,0.20038772807554087,1
0.0,0.5364238410596026,0.7371134020618557,0.23331104707497113,0
0.0,0.09933774834437087,0.9072164948453608,0.21857047233713628,0
0.1575,0.556291390728477,0.7474226804123711,0.5564124987682885,0
0.0,0.556291390728477,0.6804123711340206,0.3293844834312951,0
0.01583333333333333,0.14569536423841056,0.9484536082474226,0.2612203247365036,0
0.5108333333333334,0.5364238410596026,0.7731958762886598,0.5889598788489823,0
0.0,0.5695364238410595,0.6804123711340206,0.3710645829211531,0
0.0,0.5827814569536425,0.6391752577319587,0.2748012432384015,0
0.0,0.6291390728476824,0.6288659793814433,0.24283642762279203,0
0.0,0.42384105960264923,0.8917525773195877,0.20026101982301753,0
0.013333333333333334,0.2516556291390729,0.9381443298969072,0.2745071676979118,0
0.115,0.6357615894039734,0.5824742268041238,0.47642585776039315,0
0.0,0.5960264900662254,0.6237113402061856,0.27242310271766373,0
0.0125,0.43708609271523197,0.7938144329896907,0.234140178128195,0
0.005,0.4503311258278147,0.6752577319587629,0.3114020631968691,0
0.030833333333333334,0.4503311258278147,0.5257731958762887,0.3274641616308843,0
0.0,0.5298013245033115,0.8247422680412371,0.33903534943895075,0
0.0,0.38410596026490074,0.7577319587628866,0.2966186531651071,0
0.23249999999999998,0.6225165562913909,0.6391752577319587,0.3903932059886928,0
0.0,0.38410596026490074,0.7731958762886598,0.2636141836013291,0
0.07666666666666666,0.589403973509934,0.5515463917525774,0.3586484132629083,0
0.0,0.2781456953642384,0.7577319587628866,0.2718260138488383,0
0.0,0.8145695364238412,0.7989690721649485,0.4729203524649803,0
0.0,0.41721854304635775,0.7835051546391752,0.19401951860336172,0
0.0016666666666666668,0.37748344370860926,0.9432989690721649,0.30598265205169983,0
0.04,0.5629139072847685,0.5463917525773195,0.4073243090888651,0
0.04833333333333333,0.33112582781456956,0.865979381443299,0.3046452549173404,0
0.0,0.576158940397351,0.6494845360824743,0.4528787426722646,1
0.09000000000000001,0.556291390728477,0.7731958762886598,0.33721367502357424,0
0.035833333333333335,0.5960264900662254,0.6185567010309279,0.2949780559963368,0
0.05333333333333334,0.5298013245033115,0.6443298969072165,0.25322414236835167,0
0.0,0.556291390728477,0.7525773195876289,0.27102715451804515,0
0.0,0.39072847682119227,0.6855670103092784,0.25442579213747546,0
0.06166666666666667,0.3509933774834438,0.711340206185567,0.3651490923141064,0
0.315,0.41721854304635775,0.6134020618556701,0.4793583378693925,0
0.0,0.5960264900662254,0.7371134020618557,0.4693488181752858,0
0.2833333333333333,0.3642384105960265,0.8041237113402062,0.32706855845245253,0
0.5533333333333333,0.42384105960264923,0.7731958762886598,0.44808548225057826,0
0.36666666666666664,0.3973509933774835,0.8402061855670103,0.46308020117284776,0
0.005,0.33112582781456956,0.8865979381443299,0.49053825217592545,0
0.13166666666666668,0.4105960264900662,0.7835051546391752,0.5948003465976439,0
0.04,0.5496688741721856,0.6494845360824743,0.5591533332939128,0
0.005,0.5033112582781456,0.7628865979381443,0.40090484149079125,0
0.0,0.6688741721854304,0.4948453608247423,0.38437195257635426,0
0.0,0.589403973509934,0.6958762886597938,0.2580636484367976,0
0.0,0.5033112582781456,0.7835051546391752,0.24868186913781795,0
0.0,0.5165562913907286,0.6907216494845361,0.29542183711831377,0
0.08,0.5231788079470201,0.7783505154639175,0.30977234936198456,0
0.0,0.5629139072847685,0.6907216494845361,0.3100835098009407,0
0.215,0.5695364238410595,0.7577319587628866,0.28834412094482276,0
0.18166666666666667,0.41721854304635775,0.6855670103092784,0.2698513418700004,0
0.16999999999999998,0.556291390728477,0.7525773195876289,0.3660978201759861,0
0.025,0.43708609271523197,0.8711340206185567,0.3079627186890109,0
0.2533333333333333,0.5033112582781456,0.7783505154639175,0.3729674531987176,0
0.3733333333333333,0.19867549668874174,0.9123711340206185,0.35686800982515365,0
0.16166666666666665,0.3046357615894041,0.7835051546391752,0.6650964609544431,0
0.05416666666666667,0.5629139072847685,0.7577319587628866,0.7229192301373918,0
0.0,0.43708609271523197,0.6701030927835051,0.4452807758457201,0
0.0,0.5099337748344371,0.7474226804123711,0.47480105111516485,0
0.0,0.46357615894039744,0.845360824742268,0.4213933864447223,0
0.030000000000000002,0.5298013245033115,0.7061855670103093,0.42365562783312266,0
0.0,0.5827814569536425,0.6701030927835051,0.37193252750968236,0
0.0,0.5231788079470201,0.7061855670103093,0.3159290663548264,0
0.07,0.4966887417218546,0.7680412371134021,0.32866733275890964,0
0.0,0.5827814569536425,0.7061855670103093,0.35342759889639697,0
8.333333333333334E-4,0.6225165562913909,0.5670103092783505,0.29679396370652544,0
0.011666666666666665,0.5695364238410595,0.6701030927835051,0.25116184839037303,0
0.0,0.5231788079470201,0.711340206185567,0.2617650220081969,0
0.013333333333333334,0.576158940397351,0.7628865979381443,0.2873226041384627,0
0.0,0.6887417218543048,0.5876288659793815,0.2662562437319287,0
0.06333333333333332,0.6158940397350995,0.7525773195876289,0.1961199433921135,0
0.0,0.609271523178808,0.6185567010309279,0.19677917468367842,0
0.006666666666666667,0.576158940397351,0.6443298969072165,0.19967914006475926,0
0.013333333333333334,0.642384105960265,0.6649484536082474,0.20996282902432448,0
0.018333333333333333,0.6158940397350995,0.7061855670103093,0.18705997248608253,0
0.006666666666666667,0.556291390728477,0.6494845360824743,0.18841636575206305,0
0.0033333333333333335,0.5298013245033115,0.6494845360824743,0.2139106136912072,0
0.0,0.41721854304635775,0.7783505154639175,0.2388495977775027,0
0.0,0.6225165562913909,0.6288659793814433,0.3211033985431792,0
0.008333333333333333,0.5960264900662254,0.7835051546391752,0.24011129105502702,0
0.0,0.6622516556291393,0.5515463917525774,0.2237465020449189,0
0.042499999999999996,0.46357615894039744,0.7731958762886598,0.18650658272121912,0
8.333333333333334E-4,0.5629139072847685,0.711340206185567,0.2583676994561845,0
8.333333333333334E-4,0.4966887417218546,0.6494845360824743,0.24037243286331483,0
0.0,0.6490066225165564,0.711340206185567,0.27364667077498667,0
0.0,0.576158940397351,0.7525773195876289,0.21055541734250235,0
0.19166666666666668,0.5960264900662254,0.7474226804123711,0.21702705817232534,0
0.0,0.5629139072847685,0.8144329896907216,0.2074270432865563,0
0.0,0.556291390728477,0.7268041237113402,0.2157136930698577,0
0.14666666666666667,0.5033112582781456,0.7783505154639175,0.2249908379290818,0
0.014166666666666666,0.43708609271523197,0.8298969072164949,0.2603293761710958,0
0.030000000000000002,0.4701986754966889,0.7474226804123711,0.3229776011867277,0
8.333333333333334E-4,0.5960264900662254,0.7422680412371134,0.334460944184279,0
0.009166666666666667,0.5231788079470201,0.7422680412371134,0.2587529648216496,0
0.03166666666666666,0.4768211920529801,0.9020618556701031,0.27110327325971334,0
0.0016666666666666668,0.5695364238410595,0.8041237113402062,0.3052073473597548,0
0.03333333333333333,0.576158940397351,0.8092783505154639,0.2631562008278305,0
0.0,0.5165562913907286,0.8762886597938144,0.24142476577886257,0
0.0175,0.6556291390728479,0.8041237113402062,0.26646692912795056,0
0.11916666666666667,0.556291390728477,0.7577319587628866,0.20206529240598634,0
0.015000000000000001,0.6026490066225165,0.788659793814433,0.2202375479140277,0
0.0,0.6754966887417219,0.36597938144329895,0.20621675698355166,1
0.022500000000000003,0.4768211920529801,0.5257731958762887,0.16867224183400104,0
0.004166666666666667,0.5298013245033115,0.5,0.23767376425470577,0
0.0016666666666666668,0.5298013245033115,0.5412371134020618,0.250852849611563,0
0.0,0.49006622516556314,0.5876288659793815,0.2543170488747562,0
0.09000000000000001,0.4569536423841062,0.634020618556701,0.2836509633579501,0
0.022500000000000003,0.4701986754966889,0.5463917525773195,0.3227006342107336,0
0.0,0.48344370860927166,0.6185567010309279,0.33046134407095074,0
8.333333333333334E-4,0.46357615894039744,0.654639175257732,0.3316957265952133,0
0.03166666666666666,0.42384105960264923,0.6752577319587629,0.348391900233283,0
0.02,0.5033112582781456,0.5360824742268041,0.3926303654100753,0
0.022500000000000003,0.5695364238410595,0.5309278350515464,0.3517376121781465,0
0.0,0.543046357615894,0.5154639175257731,0.28978373408848396,0
0.0,0.5033112582781456,0.5463917525773195,0.2824136950951483,0
0.0,0.5165562913907286,0.5412371134020618,0.2998610394187264,0
0.0,0.543046357615894,0.5154639175257731,0.29814751615480606,0
0.0,0.543046357615894,0.5463917525773195,0.28562189089508355,1
0.019166666666666665,0.5496688741721856,0.4587628865979381,0.2793446687253299,0
0.0,0.556291390728477,0.5670103092783505,0.27161690649844167,0
0.0,0.5099337748344371,0.6185567010309279,0.26130195989456345,0
0.06749999999999999,0.4701986754966889,0.6391752577319587,0.2818160346294521,0
0.0,0.576158940397351,0.4896907216494845,0.31695022811199225,0
0.013333333333333334,0.5496688741721856,0.4845360824742268,0.267965735657985,0
0.0,0.5827814569536425,0.422680412371134,0.2625458343128253,0
0.0,0.5298013245033115,0.4484536082474227,0.23947213959148694,0
0.0,0.5033112582781456,0.5567010309278351,0.2539354744072388,1
0.0,0.5099337748344371,0.6134020618556701,0.27641115686465384,0
0.04,0.19867549668874174,0.7628865979381443,0.28645913866210126,0
0.16833333333333333,0.3576158940397353,0.6752577319587629,0.5785662017416826,0
0.07583333333333334,0.4768211920529801,0.6185567010309279,0.5841209937401871,0
0.014166666666666666,0.4503311258278147,0.6237113402061856,0.4626396453464419,0
0.0,0.48344370860927166,0.6597938144329897,0.45456981321066287,0
0.02,0.4701986754966889,0.634020618556701,0.4157379838930265,0
0.0,0.4768211920529801,0.6804123711340206,0.3990724771101719,0
0.04583333333333333,0.5165562913907286,0.5721649484536082,0.39334516878548714,0
0.075,0.5033112582781456,0.5721649484536082,0.36042258540759775,0
0.0,0.556291390728477,0.5309278350515464,0.3542883235711071,1
0.0,0.609271523178808,0.7010309278350515,0.31401320799505317,0
0.0,0.6225165562913909,0.4072164948453608,0.26085870368507746,1
0.0,0.6225165562913909,0.3917525773195876,0.23052886446051776,0
0.0,0.6357615894039734,0.35051546391752575,0.21495821247204314,0
0.0,0.6622516556291393,0.35051546391752575,0.1975259247663703,1
0.0,0.6556291390728479,0.38144329896907214,0.17877167559077262,0
0.0,0.6887417218543048,0.38144329896907214,0.1675126595858997,0
0.0,0.6490066225165564,0.4175257731958763,0.14843655721172644,1
0.0,0.5033112582781456,0.6237113402061856,0.1514969226093135,0
0.0,0.5695364238410595,0.4639175257731959,0.2089230197802114,0
0.03333333333333333,0.6622516556291393,0.36082474226804123,0.20979727695240144,0
0.0,0.6556291390728479,0.38144329896907214,0.17179596961816343,0
0.0,0.7019867549668873,0.3711340206185567,0.15951569913812805,0
0.0,0.6357615894039734,0.5,0.13563770595642596,0
0.0,0.4701986754966889,0.4742268041237113,0.1410713548193182,1
0.0016666666666666668,0.556291390728477,0.5463917525773195,0.208545324685482,0
8.333333333333334E-4,0.556291390728477,0.5051546391752577,0.20877801344935876,0
0.0,0.6357615894039734,0.422680412371134,0.21237622330944836,0
0.0,0.6556291390728479,0.36597938144329895,0.18319723989836936,0
0.0,0.609271523178808,0.37628865979381443,0.16004125307309822,1
0.0,0.5629139072847685,0.520618556701031,0.16336289444582933,0
0.0,0.556291390728477,0.4020618556701031,0.18116841991160293,0
0.0,0.5827814569536425,0.4948453608247423,0.1932914582838348,0
0.0,0.556291390728477,0.3865979381443299,0.19106419893557414,0
0.0,0.6357615894039734,0.4175257731958763,0.2014105035538076,0
0.0,0.6026490066225165,0.38144329896907214,0.1713563082477839,0
0.01583333333333333,0.48344370860927166,0.4845360824742268,0.17062528489593912,0
0.0,0.403973509933775,0.6185567010309279,0.22143074981773894,0
0.0,0.5960264900662254,0.6134020618556701,0.29971503669849514,0
0.0,0.7086092715231789,0.5,0.2298491178856911,0
0.0,0.7019867549668873,0.5463917525773195,0.15929606127441792,0
0.0,0.6490066225165564,0.4896907216494845,0.13487500092533403,1
0.0,0.5960264900662254,0.5154639175257731,0.13486334290732646,1
0.0,0.6225165562913909,0.5876288659793815,0.14868365220710408,0
0.0,0.7615894039735103,0.4896907216494845,0.14903182813889296,0
0.0,0.6490066225165564,0.5670103092783505,0.1100776910992573,1
0.0,0.6490066225165564,0.5103092783505154,0.1223654030238954,0
0.0,0.7086092715231789,0.520618556701031,0.1254159385564652,1
0.0,0.5960264900662254,0.5257731958762887,0.10780638730679275,0
0.0,0.6357615894039734,0.4690721649484536,0.13030942802400924,0
0.0,0.609271523178808,0.4484536082474227,0.1317809306191415,1
0.0,0.6291390728476824,0.4845360824742268,0.13921559398281363,1
0.0,0.6821192052980134,0.41237113402061853,0.13641765675459053,0
0.0,0.6026490066225165,0.5463917525773195,0.11857817061361718,1
0.0,0.6754966887417219,0.27319587628865977,0.13210365474360128,0
0.0,0.7019867549668873,0.3402061855670103,0.11823175130286288,0
0.0,0.7019867549668873,0.4845360824742268,0.10452184678777926,0
0.0,0.609271523178808,0.5567010309278351,0.09842607034728774,1
0.0,0.6821192052980134,0.5876288659793815,0.11761361455598801,0
0.0,0.6754966887417219,0.5309278350515464,0.10663037565861824,1
0.0,0.7019867549668873,0.39690721649484534,0.10455415712302764,0
0.0,0.6754966887417219,0.6701030927835051,0.09671513323362763,1
0.0,0.6490066225165564,0.4536082474226804,0.09792670264612502,0
8.333333333333334E-4,0.5695364238410595,0.6134020618556701,0.10401300184531849,0
0.0,0.49006622516556314,0.8298969072164949,0.12753630521737475,0
0.01583333333333333,0.609271523178808,0.5360824742268041,0.16926746504171855,0
0.0325,0.5629139072847685,0.5618556701030928,0.14993935943839978,0
0.0,0.6490066225165564,0.4175257731958763,0.15850669065089137,0
0.0,0.6556291390728479,0.4845360824742268,0.13414526420497572,0
0.0,0.6357615894039734,0.4587628865979381,0.11998886977611317,0
0.0,0.7019867549668873,0.37628865979381443,0.11888659094103503,0
0.0,0.6754966887417219,0.3917525773195876,0.10224965223914367,0
0.0,0.7019867549668873,0.5360824742268041,0.1004766258851986,1
0.0,0.7615894039735103,0.4175257731958763,0.09333672582937766,1
0.0,0.7218543046357618,0.35051546391752575,0.07731007256981753,1
0.0,0.7748344370860928,0.28865979381443296,0.0771453559725387,1
0.0,0.7682119205298013,0.31443298969072164,0.06735123381872674,1
0.0,0.7880794701986757,0.28350515463917525,0.06293982119585725,1
0.0,0.7417218543046358,0.4639175257731959,0.05763703428088953,1
0.0,0.7549668874172188,0.42783505154639173,0.0606150221665408,1
0.0,0.7549668874172188,0.4896907216494845,0.058642284027511524,1
0.0,0.7417218543046358,0.422680412371134,0.05759184375762734,0
0.0,0.7417218543046358,0.4484536082474227,0.058289436250125504,0
0.0,0.7947019867549673,0.5051546391752577,0.05839530982170102,1
0.0,0.7152317880794703,0.5154639175257731,0.05041103658406189,0
0.0,0.7284768211920534,0.4793814432989691,0.05689586874025134,0
0.0,0.7682119205298013,0.4793814432989691,0.05808644705130849,0
0.0,0.7549668874172188,0.32989690721649484,0.05248621354541696,0
0.0,0.8410596026490067,0.27319587628865977,0.05176946458594187,0
0.0,0.7880794701986757,0.23711340206185566,0.041102317121936634,1
0.0,0.8675496688741722,0.10824742268041238,0.041246441327758405,1
0.0,0.7417218543046358,0.27319587628865977,0.03297501243359291,1
0.0,0.8145695364238412,0.31443298969072164,0.04099850422867552,1
0.0,0.7880794701986757,0.4742268041237113,0.03710421043541027,1
0.0,0.7748344370860928,0.3865979381443299,0.03766281838674937,1
0.0,0.7549668874172188,0.3556701030927835,0.038882623176372796,1
0.0,0.7682119205298013,0.3917525773195876,0.04137163749006342,1
0.0,0.7947019867549673,0.35051546391752575,0.04028936063095767,1
0.0,0.7947019867549673,0.41237113402061853,0.03701412984195737,1
0.0,0.8609271523178812,0.24742268041237114,0.03547455500842095,1
0.0,0.8013245033112583,0.3865979381443299,0.028285820276696762,1
0.0,0.7947019867549673,0.31958762886597936,0.029715324162423506,1
0.0,0.7615894039735103,0.25257731958762886,0.030523332502799715,1
0.0,0.8543046357615897,0.1958762886597938,0.03355475319209637,1
0.0,0.8344370860927152,0.20618556701030927,0.027185643008700928,1
0.0,0.9536423841059606,0.10309278350515463,0.025999371819003275,1
0.0,0.8543046357615897,0.32989690721649484,0.017169391204898517,1
0.0,0.9403973509933776,0.211340206185567,0.018707811440400155,1
0.0,0.9205298013245036,0.20618556701030927,0.014163379377668945,1
0.0,0.8079470198675497,0.28865979381443296,0.01282494175707775,1
0.0,0.8344370860927152,0.25773195876288657,0.018169971364715865,1
0.0,0.6026490066225165,0.4329896907216495,0.019132112477287334,1
0.0,0.8543046357615897,0.4175257731958763,0.038346859706366886,1
0.0,0.7748344370860928,0.3711340206185567,0.02648983535940926,0
0.0,0.8211920529801328,0.4587628865979381,0.028004233700540702,1
0.0,0.8476821192052982,0.37628865979381443,0.025240335587064084,0
0.0,0.9139072847682121,0.4072164948453608,0.02151688478967799,1
0.0,0.7152317880794703,0.39690721649484534,0.015366053603981944,1
0.0,0.7682119205298013,0.29896907216494845,0.025359288276239903,1
8.333333333333334E-4,0.7947019867549673,0.31443298969072164,0.026776626986656834,1
0.0,0.8344370860927152,0.31443298969072164,0.025407849362556422,1
0.0,0.7549668874172188,0.5927835051546392,0.022695153386969404,1
0.0,0.8543046357615897,0.2422680412371134,0.026848197049149283,1
0.0,0.7615894039735103,0.4587628865979381,0.02123100657342105,1
0.0,0.7880794701986757,0.4536082474226804,0.025166053562798,0
0.0,0.7880794701986757,0.3917525773195876,0.02510810463222399,1
0.0,0.7417218543046358,0.422680412371134,0.02498961852079809,1
0.0,0.7947019867549673,0.3556701030927835,0.02808904153305976,1
0.0,0.7947019867549673,0.35051546391752575,0.025758391510101872,1
0.0,0.8079470198675497,0.4175257731958763,0.02435509795796814,0
0.0,0.8940397350993381,0.36082474226804123,0.022984261239076192,1
0.0,0.7947019867549673,0.27319587628865977,0.016734483100075966,1
0.0,0.9867549668874175,0.23711340206185566,0.01978046879301936,1
0.0,0.609271523178808,0.4742268041237113,0.010366677829194934,1
0.0,0.8675496688741722,0.4948453608247423,0.0281342440554111,1
0.0,0.9139072847682121,0.422680412371134,0.019581064069019712,1
0.0,0.9205298013245036,0.2268041237113402,0.013805187926167953,1
0.0,0.9205298013245036,0.1958762886597938,0.011227934903450091,1
0.0,0.9337748344370861,0.16494845360824742,0.009920452726734919,1
0.0,0.9337748344370861,0.24742268041237114,0.007831222067393468,1
0.0,0.9006622516556291,0.24742268041237114,0.007003576202821115,1
0.0,0.8079470198675497,0.26804123711340205,0.007787544965272746,1
0.0,0.8344370860927152,0.26804123711340205,0.011778617347744725,1
0.0,0.8543046357615897,0.30927835051546393,0.01280411164805715,1
0.0,0.8079470198675497,0.39690721649484534,0.01213356717049619,1
0.0,0.9072847682119206,0.06701030927835051,0.014314450630362857,1
0.0,0.9072847682119206,0.1134020618556701,0.010470071345010011,1
0.0,0.8807947019867551,0.20618556701030927,0.008596781947393295,1
0.0016666666666666668,0.8079470198675497,0.20103092783505155,0.008888404425714974,1
0.008333333333333333,0.8807947019867551,0.16494845360824742,0.011695249321815007,1
0.0,0.7814569536423842,0.36597938144329895,0.009816209293656335,1
0.0,0.7947019867549673,0.30927835051546393,0.013938470891058923,1
0.0,0.9271523178807951,0.12371134020618557,0.015470099021112571,1
0.0,0.9337748344370861,0.33505154639175255,0.009646774752355036,1
0.0,0.960264900662252,0.13917525773195877,0.007049713538399128,1
0.0,0.9536423841059606,0.10824742268041238,0.004917943798366898,1
0.0,0.7947019867549673,0.22164948453608246,0.0037947157832056953,1
0.0,0.8874172185430467,0.23711340206185566,0.008564905443535189,1
0.0,0.7748344370860928,0.41237113402061853,0.007474382387235328,1
0.0,0.8543046357615897,0.34536082474226804,0.01178654086899191,1
0.0,0.8940397350993381,0.23195876288659795,0.010621381296360161,1
0.0,0.9735099337748345,0.24742268041237114,0.00838608987255743,1
0.0,0.9072847682119206,0.26804123711340205,0.0044281958545729725,1
0.0,0.966887417218543,0.10309278350515463,0.004861888207003042,1
0.0,0.947019867549669,0.26288659793814434,0.002744804053541087,1
0.0,0.960264900662252,0.18556701030927836,0.0023999805215834495,1
0.0,0.9801324503311261,0.0,0.001834055199391304,1
0.0,1.0,0.06701030927835051,9.175831402256584E-4,1
0.0,0.947019867549669,0.3402061855670103,0.0,1
0.0,0.7350993377483444,0.38144329896907214,7.23985607219493E-4,1
0.018333333333333333,0.8344370860927152,0.3556701030927835,0.0076782422725625455,0
0.0,0.9735099337748345,0.31443298969072164,0.008057576783305721,1
0.0,0.642384105960265,0.4690721649484536,0.003437274361890104,1
0.0,0.8476821192052982,0.28350515463917525,0.014766240651464247,1
0.0,0.7947019867549673,0.38144329896907214,0.010792374444129638,1
0.14166666666666666,0.8543046357615897,0.31958762886597936,0.011193951735437864,1
0.0,0.6953642384105964,0.3917525773195876,0.009537785393725741,1
8.333333333333334E-4,0.8476821192052982,0.38144329896907214,0.01682457501864031,0
0.0,0.7880794701986757,0.4536082474226804,0.011972060327043106,1
0.0,0.6556291390728479,0.4381443298969072,0.013287389657614961,0
8.333333333333334E-4,0.8940397350993381,0.5824742268041238,0.022184074927248883,0
0.0,0.6556291390728479,0.5360824742268041,0.012491047884875423,0
0.3408333333333333,0.7019867549668873,0.4484536082474227,0.022027506462855825,0
0.0,0.7947019867549673,0.39690721649484534,0.025169295698305758,0
0.0,0.7682119205298013,0.36082474226804123,0.019968539216458924,0
0.0,0.7218543046357618,0.5618556701030928,0.01950931716677411,1
0.25833333333333336,0.6953642384105964,0.5618556701030928,0.023133826575175327,1
0.0,0.5960264900662254,0.5103092783505154,0.02635079466696484,0
0.0,0.6291390728476824,0.6082474226804123,0.037285843302017084,1
0.0,0.5960264900662254,0.4536082474226804,0.0413439641480507,0
0.0,0.7350993377483444,0.4175257731958763,0.04808293599019798,1
0.0,0.642384105960265,0.4793814432989691,0.03716563887875385,1
0.0,0.7682119205298013,0.41237113402061853,0.041842754301543106,1
0.0,0.7086092715231789,0.422680412371134,0.03179972852913207,1
0.0,0.8278145695364242,0.4381443298969072,0.03278868924391969,1
0.0,0.7019867549668873,0.3917525773195876,0.023507373677855305,1
0.0,0.7682119205298013,0.29896907216494845,0.029757540343549313,1
8.333333333333334E-4,0.8013245033112583,0.35051546391752575,0.02697736633878188,1
0.0,0.5629139072847685,0.4948453608247423,0.023414374861173273,1
0.0,0.7748344370860928,0.30412371134020616,0.04368713474834001,0
0.0,0.7748344370860928,0.3402061855670103,0.032887000473205606,1
0.008333333333333333,0.5099337748344371,0.422680412371134,0.02854107112121835,1
0.0,0.7748344370860928,0.4072164948453608,0.05591454436726545,0
0.0,0.8410596026490067,0.30927835051546393,0.03752812323658539,1
0.0,0.7880794701986757,0.27319587628865977,0.025016871586202603,1
0.0,0.5165562913907286,0.7938144329896907,0.024783740947975183,1
0.235,0.6026490066225165,0.5309278350515464,0.05089449340655004,0
0.0,0.576158940397351,0.5154639175257731,0.05464477766025217,0
0.028333333333333332,0.6291390728476824,0.4845360824742268,0.06424111323974094,0
0.0,0.642384105960265,0.4381443298969072,0.06306168489861201,1
0.0,0.7086092715231789,0.3711340206185567,0.061195568309569306,1
0.006666666666666667,0.7615894039735103,0.4020618556701031,0.05051466550766991,1
0.0,0.8940397350993381,0.3865979381443299,0.0397865320054203,1
0.0,0.7814569536423842,0.44329896907216493,0.024281583501295147,1
0.0,0.6026490066225165,0.4484536082474227,0.0259459701781885,1
0.0,0.6622516556291393,0.41237113402061853,0.04383022526764315,1
0.0,0.6357615894039734,0.5515463917525774,0.04710450958758276,1
0.0,0.642384105960265,0.4639175257731959,0.05259335248321642,1
0.0,0.6357615894039734,0.41237113402061853,0.056895191224419196,0
0.0,0.7947019867549673,0.29896907216494845,0.059978210026670246,1
0.0,0.7152317880794703,0.3711340206185567,0.04061413793658868,1
0.0,0.5298013245033115,0.5721649484536082,0.041122065054550516,1
0.0,0.6556291390728479,0.5670103092783505,0.06595302413068631,1
0.0033333333333333335,0.7880794701986757,0.44329896907216493,0.060205242727766464,1
0.0,0.7218543046357618,0.4793814432989691,0.04180798456382983,1
0.0,0.8013245033112583,0.4587628865979381,0.04292831264497923,0
0.0,0.6490066225165564,0.6443298969072165,0.034326129770334994,0
0.0,0.6490066225165564,0.5927835051546392,0.04524209635936708,0
0.021666666666666667,0.7086092715231789,0.6597938144329897,0.053081880535365444,0
0.005,0.5960264900662254,0.7371134020618557,0.049518808867608684,0
0.04,0.576158940397351,0.7577319587628866,0.0642756658828282,0
0.08083333333333333,0.6026490066225165,0.6597938144329897,0.07735593087737402,0
0.0375,0.5364238410596026,0.845360824742268,0.07757938975351869,0
0.04833333333333333,0.6225165562913909,0.7577319587628866,0.09328880817290344,0
8.333333333333334E-4,0.6357615894039734,0.6288659793814433,0.08532600429305293,1
0.004166666666666667,0.6357615894039734,0.5670103092783505,0.0799914968676893,0
0.0,0.556291390728477,0.6804123711340206,0.07801200944892085,0
0.23666666666666666,0.5827814569536425,0.6082474226804123,0.09178344463092214,1
0.0,0.5960264900662254,0.6134020618556701,0.09343367018606662,1
0.0,0.589403973509934,0.6288659793814433,0.09402772132332989,0
0.0,0.8675496688741722,0.28865979381443296,0.09692941303243006,0
0.0,0.7615894039735103,0.4639175257731959,0.050715676231449416,0
0.0,0.3973509933774835,0.8298969072164949,0.04700721759016381,0
0.01583333333333333,0.13245033112582782,0.9536082474226805,0.10936267610994999,0
0.029166666666666667,0.576158940397351,0.6855670103092784,0.2861619720782368,0
0.19416666666666668,0.6026490066225165,0.7164948453608248,0.1756517032976933,0
0.0,0.589403973509934,0.7216494845360825,0.14162232869759356,0
0.165,0.5298013245033115,0.711340206185567,0.13293523028790305,0
0.0,0.5033112582781456,0.6804123711340206,0.1378814201253493,1
0.009166666666666667,0.37748344370860926,0.8041237113402062,0.14663880761105957,0
8.333333333333334E-4,0.3178807947019868,0.9072164948453608,0.2109942463516437,0
0.08499999999999999,0.39072847682119227,0.8041237113402062,0.2964372965937673,0
0.1725,0.20529801324503325,0.8814432989690721,0.30299321345279845,0
0.030000000000000002,0.5695364238410595,0.711340206185567,0.47119634987219905,0
0.0,0.576158940397351,0.5670103092783505,0.2690272741015218,0
0.0,0.543046357615894,0.9329896907216495,0.20532858046760816,1
0.2733333333333333,0.4768211920529801,0.8917525773195877,0.2002884668265351,0
0.14,0.48344370860927166,0.7783505154639175,0.22535195986042872,0
0.0,0.556291390728477,0.7422680412371134,0.2296325806880172,0
0.0,0.21854304635761598,0.9690721649484536,0.20100546136872083,0
0.07333333333333333,0.42384105960264923,0.9072164948453608,0.4052885601879434,0
0.007500000000000001,0.4701986754966889,0.7371134020618557,0.3665919533367395,0
0.021666666666666667,0.42384105960264923,0.8144329896907216,0.3199998120599747,0
0.0,0.3443708609271523,0.7989690721649485,0.3407505085443959,0
0.01,0.5298013245033115,0.8247422680412371,0.4211686751660749,0
0.0125,0.543046357615894,0.8350515463917526,0.30520102615495465,0
0.20166666666666666,0.543046357615894,0.8298969072164949,0.2592954239367667,0
0.07166666666666667,0.589403973509934,0.7989690721649485,0.24094085131285856,0
0.03333333333333333,0.23178807947019872,0.9226804123711341,0.20295075204842852,0
0.009166666666666667,0.28476821192052987,0.9175257731958762,0.4127834342873774,0
0.1408333333333333,0.15894039735099355,1.0,0.5251057137555097,0
0.3641666666666667,0.556291390728477,0.6082474226804123,0.8030726941933236,0
8.333333333333334E-4,0.642384105960265,0.5618556701030928,0.4429830913950449,0
0.043333333333333335,0.6225165562913909,0.6082474226804123,0.2783741228786432,0
0.0,0.589403973509934,0.5824742268041238,0.2236526797885009,0
0.051666666666666666,0.48344370860927166,0.6185567010309279,0.20634486773054822,0
0.0,0.6688741721854304,0.7010309278350515,0.24699260794500288,0
0.0,0.5695364238410595,0.5773195876288659,0.18455842421441762,1
0.005833333333333333,0.37086092715231805,0.7474226804123711,0.20150816863118665,0
0.0,0.6953642384105964,0.5,0.31909450782220006,0
0.0016666666666666668,0.7350993377483444,0.6134020618556701,0.1930527453696179,1
0.0,0.7218543046357618,0.39690721649484534,0.13717955310032956,0
0.0,0.7880794701986757,0.4639175257731959,0.12197165055444914,0
0.0,0.7748344370860928,0.4175257731958763,0.09375223941368402,1
0.0,0.6688741721854304,0.634020618556701,0.08093848762319877,0
0.0,0.642384105960265,0.7268041237113402,0.09730407826869882,1
0.06916666666666667,0.556291390728477,0.7371134020618557,0.10928215653834276,0
0.4625,0.4768211920529801,0.7577319587628866,0.14230390105767937,0
0.145,0.5629139072847685,0.5515463917525774,0.19642649465913672,0
0.0,0.7019867549668873,0.5618556701030928,0.1902722096228045,0
0.0,0.7350993377483444,0.4329896907216495,0.13702715492431491,0
0.0,0.7152317880794703,0.4381443298969072,0.10796906626000453,0
0.0,0.6821192052980134,0.5463917525773195,0.09906394672639761,0
0.0,0.7152317880794703,0.634020618556701,0.098998014508051,0
0.0,0.6622516556291393,0.711340206185567,0.08988192068101139,0
0.019166666666666665,0.6887417218543048,0.5154639175257731,0.0993434984066943,0
0.0,0.7549668874172188,0.33505154639175255,0.09837471981751303,0
0.0,0.8410596026490067,0.3917525773195876,0.08281065534018478,0
0.0,0.7814569536423842,0.5103092783505154,0.06159511751216579,0
0.0,0.576158940397351,0.6443298969072165,0.06030124026110183,0
0.021666666666666667,0.3046357615894041,0.9020618556701031,0.09486804226571846,0
0.0,0.6026490066225165,0.634020618556701,0.21420975224128977,0
0.2866666666666667,0.7218543046357618,0.44329896907216493,0.16652013389022965,0
0.0,0.7152317880794703,0.5876288659793815,0.11631624272789716,0
0.0,0.5033112582781456,0.7731958762886598,0.10007211159576355,0
0.0,0.3509933774834438,0.8298969072164949,0.14542137722982146,0
0.185,0.556291390728477,0.6185567010309279,0.23658263530170318,0
0.0,0.4701986754966889,0.8298969072164949,0.19922487483025533,0
0.02,0.29139072847682135,0.865979381443299,0.23249445584285433,0
0.15083333333333335,0.2582781456953644,0.8711340206185567,0.3766117776471811,0
0.08666666666666667,0.5099337748344371,0.7268041237113402,0.5028405516353459,0
0.015000000000000001,0.3576158940397353,0.7577319587628866,0.3417822264991797,0
0.005833333333333333,0.6026490066225165,0.7731958762886598,0.4197238138198573,0
0.0025,0.42384105960264923,0.7680412371134021,0.27765195052986996,0
0.8616666666666667,0.5827814569536425,0.6701030927835051,0.33277990231500587,0
0.004166666666666667,0.5496688741721856,0.7577319587628866,0.25674648897414337,0
0.0,0.5496688741721856,0.6701030927835051,0.24006863023276742,0
0.0175,0.6026490066225165,0.6237113402061856,0.2351639454844964,0
0.0,0.6225165562913909,0.5721649484536082,0.20951722509360593,0
0.0,0.6026490066225165,0.6030927835051546,0.18687006427189623,0
0.0,0.6887417218543048,0.5927835051546392,0.1838464614940366,0
0.0,0.6291390728476824,0.7268041237113402,0.14791652109792858,0
0.0,0.5364238410596026,0.6855670103092784,0.15115957937809374,0
0.13166666666666668,0.5099337748344371,0.8041237113402062,0.1876685083096554,0
0.011666666666666665,0.6291390728476824,0.6443298969072165,0.2156615880205129,0
0.021666666666666667,0.556291390728477,0.6649484536082474,0.17729268826551844,0
0.0033333333333333335,0.543046357615894,0.6288659793814433,0.19393144104549398,0
0.005833333333333333,0.5496688741721856,0.6701030927835051,0.20574621970292128,0
0.0,0.589403973509934,0.7216494845360825,0.2089384048537949,1
0.011666666666666665,0.5827814569536425,0.7783505154639175,0.19160404638456413,1
0.030000000000000002,0.5298013245033115,0.7628865979381443,0.18870152915448582,0
0.0,0.5695364238410595,0.6752577319587629,0.20728084259457297,0
0.025,0.6026490066225165,0.6907216494845361,0.19963072253852437,0
0.0,0.6688741721854304,0.5721649484536082,0.18409973935815532,0
0.0,0.5099337748344371,0.6597938144329897,0.15376280112015958,0
8.333333333333334E-4,0.5827814569536425,0.6443298969072165,0.19935516539156997,0
0.03166666666666666,0.5231788079470201,0.7061855670103093,0.18970983817418374,0
0.18000000000000002,0.6026490066225165,0.6030927835051546,0.21296185872144024,0
0.0,0.642384105960265,0.6082474226804123,0.19024807567932422,0
0.0,0.5231788079470201,0.8556701030927835,0.16292962890550358,0
0.0,0.5629139072847685,0.7010309278350515,0.1959606332169821,0
0.08333333333333333,0.5496688741721856,0.6701030927835051,0.19536173365030668,0
0.005,0.6357615894039734,0.5721649484536082,0.1987024240404873,0
0.0,0.6291390728476824,0.5670103092783505,0.16921703751677777,0
0.0,0.5364238410596026,0.7268041237113402,0.15927564424572002,1
0.030000000000000002,0.46357615894039744,0.8350515463917526,0.18770821719272462,0
0.0,0.5099337748344371,0.7164948453608248,0.23727147189512876,0
0.02666666666666667,0.589403973509934,0.7010309278350515,0.24057349606677011,0
0.0,0.24503311258278143,0.8041237113402062,0.20861334965596978,0
0.016666666666666666,0.5496688741721856,0.7474226804123711,0.4219643324465907,0
0.0016666666666666668,0.6026490066225165,0.634020618556701,0.3017715850364547,0
0.030833333333333334,0.6821192052980134,0.6237113402061856,0.23167331962405455,0
0.0,0.642384105960265,0.7577319587628866,0.17493502891837903,0
0.0,0.7284768211920534,0.4845360824742268,0.16318876257857085,0
0.016666666666666666,0.7814569536423842,0.5567010309278351,0.12484479642889357,0
0.0,0.609271523178808,0.5773195876288659,0.09717004282475623,1
0.0,0.6158940397350995,0.6494845360824743,0.12693698384967636,0
0.13083333333333333,0.7152317880794703,0.5567010309278351,0.14002515521198458,0
0.0,0.642384105960265,0.5567010309278351,0.11698948825480769,0
0.0,0.6688741721854304,0.5670103092783505,0.12754737704892008,0
0.0,0.6622516556291393,0.5515463917525774,0.12410588884298297,0
0.0,0.6754966887417219,0.6494845360824743,0.11981496170298249,1
0.0,0.41721854304635775,0.788659793814433,0.11485082432096498,0
0.0125,0.5496688741721856,0.7061855670103093,0.2025427707964199,0
0.0016666666666666668,0.43708609271523197,0.8969072164948454,0.1931567653797654,0
0.0,0.6357615894039734,0.6237113402061856,0.2478630237601348,0
0.07666666666666666,0.5629139072847685,0.8608247422680413,0.18433968251786514,0
0.0,0.46357615894039744,0.7371134020618557,0.18853397116946588,0
0.15333333333333332,0.576158940397351,0.7216494845360825,0.23485169840495798,0
0.0,0.5960264900662254,0.6030927835051546,0.2040804881523552,0
0.0,0.7019867549668873,0.5463917525773195,0.18367325334496737,0
0.0,0.6622516556291393,0.6185567010309279,0.1400674078654514,0
0.0016666666666666668,0.556291390728477,0.7525773195876289,0.13142051516772846,0
0.0,0.6490066225165564,0.5670103092783505,0.1592824496497273,1
0.0,0.7086092715231789,0.5824742268041238,0.14145774093847036,0
0.015000000000000001,0.6688741721854304,0.5618556701030928,0.11684127340788432,1
0.006666666666666667,0.6887417218543048,0.5567010309278351,0.11801506585793949,0
0.0,0.7417218543046358,0.4742268041237113,0.11088214564438416,0
0.0,0.7615894039735103,0.4896907216494845,0.0913757512772692,1
0.0,0.576158940397351,0.8041237113402062,0.0787186390651453,0
0.0,0.576158940397351,0.9226804123711341,0.11134440885367103,0
0.0,0.49006622516556314,0.9278350515463918,0.13098014073864192,0
0.10250000000000001,0.642384105960265,0.7319587628865979,0.17260140918642358,0
0.006666666666666667,0.556291390728477,0.7268041237113402,0.14159640957584907,0
0.060000000000000005,0.5496688741721856,0.7731958762886598,0.1584711282088574,0
0.1275,0.6026490066225165,0.7371134020618557,0.16968042055221808,0
0.0,0.4966887417218546,0.7680412371134021,0.15501203581655676,0
0.0,0.6026490066225165,0.634020618556701,0.18927107948807048,0
0.0,0.6026490066225165,0.6597938144329897,0.1673415077875773,0
0.0,0.6357615894039734,0.5824742268041238,0.1573824825448621,0
0.0,0.7086092715231789,0.5618556701030928,0.14287471714739344,0
0.0,0.6953642384105964,0.520618556701031,0.11411258705502486,1
0.0,0.6887417218543048,0.4742268041237113,0.10427520208564126,0
0.0,0.7284768211920534,0.5103092783505154,0.10131588176688912,0
0.0,0.7284768211920534,0.6597938144329897,0.09026848692300708,0
0.0,0.7748344370860928,0.5927835051546392,0.08350824718314455,0
0.0,0.7549668874172188,0.30927835051546393,0.07164927105073667,0
0.0,0.7615894039735103,0.22164948453608246,0.06771103036780059,0
0.0,0.8079470198675497,0.23195876288659795,0.06397274604757974,1
0.0,0.8807947019867551,0.3402061855670103,0.054206087725542605,1
0.0,0.8874172185430467,0.23195876288659795,0.040570921129585574,1
0.0,0.8476821192052982,0.29896907216494845,0.034057644839334544,1
0.0,0.8476821192052982,0.13917525773195877,0.033369061209445286,1
0.0,0.8410596026490067,0.3711340206185567,0.032090346820003175,1
0.0,0.8874172185430467,0.31958762886597936,0.031603962539889556,0
0.0,0.7682119205298013,0.36082474226804123,0.027242367385303536,1
0.0,0.7417218543046358,0.39690721649484534,0.03510768690566238,0
0.0,0.8476821192052982,0.27319587628865977,0.04152384141944945,1
0.0,0.8940397350993381,0.23195876288659795,0.033453168803844635,1
0.0,0.9006622516556291,0.2268041237113402,0.02626049178894103,1
0.0,0.8741721854304636,0.20618556701030927,0.022509126312523827,1
0.0,0.6688741721854304,0.7268041237113402,0.021717569022370934,1
0.0,0.7748344370860928,0.4175257731958763,0.03772399069548244,1
0.0033333333333333335,0.8807947019867551,0.24742268041237114,0.03649328425890189,0
0.0,0.8940397350993381,0.21649484536082475,0.026948245818531853,1
0.0,0.8675496688741722,0.26804123711340205,0.022648214562511104,1
0.0,0.9006622516556291,0.3917525773195876,0.021788330531187738,0
0.0,0.9271523178807951,0.3917525773195876,0.018020005304597728,0
0.0,0.9139072847682121,0.30927835051546393,0.014939260247365136,1
0.0,0.8807947019867551,0.26804123711340205,0.01421773049612279,0
0.0,0.8211920529801328,0.25257731958762886,0.015367364742103207,0
0.0,0.8874172185430467,0.44329896907216493,0.01888334859673224,1
0.0,0.9072847682119206,0.5051546391752577,0.01632779079920704,1
0.04833333333333333,0.9271523178807951,0.31958762886597936,0.014114139612470988,1
0.0033333333333333335,0.8013245033112583,0.44329896907216493,0.012136556015422573,0
0.02333333333333333,0.7947019867549673,0.4536082474226804,0.017385737658772975,1
0.0,0.8940397350993381,0.31958762886597936,0.020366878851587653,1
0.0,0.8211920529801328,0.42783505154639173,0.015515946401731094,0
0.0,0.6158940397350995,0.5927835051546392,0.017698112269438897,1
0.09000000000000001,0.7350993377483444,0.4896907216494845,0.03491687491070967,0
8.333333333333334E-4,0.6821192052980134,0.6701030927835051,0.03340002962725393,0
0.13499999999999998,0.6556291390728479,0.4742268041237113,0.038820488672985674,0
0.15333333333333332,0.3178807947019868,0.8505154639175257,0.04646126568330414,0
0.0,0.8145695364238412,0.36082474226804123,0.11476286029765957,1
0.0,0.5099337748344371,0.5824742268041238,0.05431287718017248,1
0.0,0.7417218543046358,0.4536082474226804,0.0828790570010295,0
0.0,0.543046357615894,0.6185567010309279,0.058919438581615066,1
0.14,0.7284768211920534,0.26804123711340205,0.07950404945728905,0
0.0,0.8211920529801328,0.36597938144329895,0.05905633265798997,1
0.0,0.8344370860927152,0.36597938144329895,0.04160299480617858,1
0.0,0.8344370860927152,0.3711340206185567,0.03297720404166716,1
0.0,0.7615894039735103,0.28865979381443296,0.029112893770916144,0
0.0,0.589403973509934,0.4536082474226804,0.03231813524559425,1
0.0,0.5629139072847685,0.520618556701031,0.05341586644825028,1
0.0175,0.7682119205298013,0.4484536082474227,0.07245763232020319,0
0.0,0.7880794701986757,0.35051546391752575,0.05150262373540659,1
0.0,0.6556291390728479,0.4381443298969072,0.04220498034112937,1
0.0,0.7284768211920534,0.39690721649484534,0.05287505686515169,1
0.0,0.7350993377483444,0.37628865979381443,0.04608535582440397,0
0.0,0.8609271523178812,0.4690721649484536,0.04346233591100611,0
0.0,0.7086092715231789,0.5360824742268041,0.030295136044290884,1
0.0,0.589403973509934,0.5773195876288659,0.038761904924716956,0
0.01,0.589403973509934,0.6391752577319587,0.057145655138283,0
0.006666666666666667,0.5364238410596026,0.5979381443298969,0.06869450944491357,1
0.11833333333333333,0.7019867549668873,0.5721649484536082,0.08818682086471938,0
0.0,0.5165562913907286,0.5618556701030928,0.06960094256750635,0
0.2983333333333333,0.576158940397351,0.6443298969072165,0.09741770605094732,0
0.01,0.5695364238410595,0.5360824742268041,0.09930493531254687,0
0.0,0.7086092715231789,0.5051546391752577,0.10123514704166062,0
0.0,0.6291390728476824,0.4536082474226804,0.07440457911746853,0
0.0,0.7350993377483444,0.4175257731958763,0.08005147604172215,0
0.0,0.6357615894039734,0.4896907216494845,0.0632111496382512,0
0.0,0.6357615894039734,0.4948453608247423,0.07074015784525442,1
0.0,0.37086092715231805,0.7061855670103093,0.07427763537180587,1
0.125,0.6953642384105964,0.4845360824742268,0.14372411162513635,0
0.0016666666666666668,0.576158940397351,0.6443298969072165,0.09516024382202042,1
0.04,0.5496688741721856,0.5360824742268041,0.10495069381629356,0
0.004166666666666667,0.2582781456953644,0.8608247422680413,0.11701633863771654,0
0.9566666666666667,0.21192052980132448,0.9072164948453608,0.23413527825256664,0
0.08,0.5827814569536425,0.6391752577319587,0.36206353984920003,0
0.15166666666666667,0.5496688741721856,0.5154639175257731,0.21366799672764536,0
0.004166666666666667,0.5827814569536425,0.4793814432989691,0.18429284116246583,0
0.0,0.6291390728476824,0.4175257731958763,0.1593981831766439,0
0.0,0.576158940397351,0.5824742268041238,0.12670843715431745,1
0.19,0.576158940397351,0.6958762886597938,0.12788549375349598,0
0.02333333333333333,0.5033112582781456,0.7577319587628866,0.1337571809380345,0
0.08499999999999999,0.4569536423841062,0.7989690721649485,0.16225491576975723,0
0.0016666666666666668,0.43708609271523197,0.7525773195876289,0.1993509612092391,0
0.02666666666666667,0.403973509933775,0.7577319587628866,0.23300115168277588,0
0.0016666666666666668,0.6026490066225165,0.6082474226804123,0.2694558233489563,0
0.0,0.5364238410596026,0.7989690721649485,0.19511854017412536,0
0.0,0.589403973509934,0.6494845360824743,0.19356111093066325,0
0.02333333333333333,0.556291390728477,0.5515463917525774,0.17086136405374341,0
0.005,0.5033112582781456,0.8041237113402062,0.1675536891080679,0
0.0,0.556291390728477,0.5360824742268041,0.18504169456695965,0
0.08166666666666668,0.6291390728476824,0.6958762886597938,0.1778919535904274,0
0.7166666666666667,0.37086092715231805,0.7628865979381443,0.14778479453529964,0
0.3466666666666667,0.15231788079470204,0.8814432989690721,0.24329094383421773,0
0.705,0.37748344370860926,0.8608247422680413,0.49490424001246464,0
0.025,0.5033112582781456,0.8195876288659794,0.43478456044980246,0
0.14333333333333334,0.13907284768211933,0.9072164948453608,0.3301508865189929,0
0.39333333333333337,0.44370860927152317,0.8762886597938144,0.6579157016119738,0
0.425,0.3973509933774835,0.8711340206185567,0.4643663103131293,0
0.1,0.556291390728477,0.5773195876288659,0.42999312975742005,0
0.0016666666666666668,0.5298013245033115,0.6855670103092784,0.306960019637493,0
0.015000000000000001,0.543046357615894,0.788659793814433,0.2782758013343658,0
0.02,0.4503311258278147,0.8350515463917526,0.25142924299812175,0
0.155,0.43046357615894043,0.7938144329896907,0.29547697210058205,0
0.0,0.6291390728476824,0.654639175257732,0.3292824265795822,0
0.029166666666666667,0.609271523178808,0.7010309278350515,0.22828482530520514,0
0.004166666666666667,0.29139072847682135,0.9072164948453608,0.20362530534881926,0
0.49,0.43046357615894043,0.788659793814433,0.3836651272433139,0
0.155,0.29139072847682135,0.8865979381443299,0.3739666927640351,0
0.0,0.05960264900662267,0.9432989690721649,0.49953787112839537,0
0.22666666666666666,0.403973509933775,0.8350515463917526,1.0,0
0.14,0.4701986754966889,0.7628865979381443,0.6854663863314526,0
0.0,0.4701986754966889,0.6649484536082474,0.49235658876513855,0
0.0,0.642384105960265,0.7319587628865979,0.4343079800091409,0
0.26166666666666666,0.5496688741721856,0.7680412371134021,0.26954273350108193,0
0.08666666666666667,0.3046357615894041,0.8402061855670103,0.25785128576675925,0
0.3641666666666667,0.4768211920529801,0.7989690721649485,0.4426156305296184,0
0.0,0.4701986754966889,0.7371134020618557,0.3920255894774188,0
0.015000000000000001,0.6357615894039734,0.7525773195876289,0.3829713806417205,0
0.1625,0.5960264900662254,0.5773195876288659,0.27139666349576924,0
0.025,0.642384105960265,0.6494845360824743,0.24479228676161602,0
0.0,0.556291390728477,0.7422680412371134,0.20628188859587737,0
0.20083333333333334,0.5496688741721856,0.7474226804123711,0.22492952570830754,0
0.1716666666666667,0.5827814569536425,0.6804123711340206,0.2360610900925364,0
0.0,0.5165562913907286,0.711340206185567,0.2230741579864279,0
0.09666666666666666,0.556291390728477,0.8865979381443299,0.24706481567874997,0
0.0925,0.5298013245033115,0.8814432989690721,0.23917692653388392,0
0.03666666666666667,0.46357615894039744,0.7938144329896907,0.24616624077143673,0
0.28833333333333333,0.44370860927152317,0.8195876288659794,0.2903193494662246,0
0.0,0.5364238410596026,0.7731958762886598,0.3328177043491931,0
0.035,0.5033112582781456,0.7783505154639175,0.29188348566763633,0
0.030000000000000002,0.43708609271523197,0.845360824742268,0.29614857656458066,0
0.10916666666666666,0.43708609271523197,0.7938144329896907,0.34589664805309245,0
0.0,0.33774834437086104,0.8247422680412371,0.3684118515949912,0
0.26083333333333336,0.556291390728477,0.7268041237113402,0.4786529371565766,0
0.0,0.44370860927152317,0.7371134020618557,0.3478032164422102,0
0.008333333333333333,0.5033112582781456,0.6649484536082474,0.38834805209242046,0
0.004166666666666667,0.5364238410596026,0.6443298969072165,0.35755261306613156,0
0.06333333333333332,0.4569536423841062,0.6701030927835051,0.3157363200000225,0
0.055,0.5033112582781456,0.8092783505154639,0.35326006695170864,0
0.0,0.5629139072847685,0.7319587628865979,0.33854933824523464,0
0.08916666666666666,0.5231788079470201,0.7938144329896907,0.2915778730936513,0
0.0,0.403973509933775,0.8092783505154639,0.29853401212622865,0
0.10250000000000001,0.5165562913907286,0.7268041237113402,0.3883161170414113,0
0.03666666666666667,0.37086092715231805,0.9432989690721649,0.34250587646046243,0
0.1925,0.42384105960264923,0.865979381443299,0.4519845976436235,0
0.2966666666666667,0.5165562913907286,0.7680412371134021,0.4662280671173499,0
0.028333333333333332,0.576158940397351,0.7474226804123711,0.38683793201830996,0
0.0,0.42384105960264923,0.7164948453608248,0.31239614830075096,0
0.058333333333333334,0.5629139072847685,0.7268041237113402,0.3915625418916664,0
0.0,0.5960264900662254,0.7422680412371134,0.3198145846439139,0
0.0,0.5033112582781456,0.7268041237113402,0.27071162205649896,0
0.005833333333333333,0.5695364238410595,0.7319587628865979,0.31084182162575397,1
0.0,0.4966887417218546,0.7680412371134021,0.2839957382213548,0
0.0,0.5298013245033115,0.6701030927835051,0.31284901831797557,0
0.0,0.556291390728477,0.654639175257732,0.30854669121356093,1
0.02333333333333333,0.5827814569536425,0.6597938144329897,0.2907955827277318,1
0.115,0.6026490066225165,0.6597938144329897,0.26451317031807464,0
0.0,0.642384105960265,0.6855670103092784,0.24013638904433726,0
0.18916666666666665,0.6291390728476824,0.5824742268041238,0.20552972569500558,0
0.04833333333333333,0.6357615894039734,0.6701030927835051,0.19462479388243734,0
0.0,0.589403973509934,0.520618556701031,0.1846698422176905,0
0.11416666666666667,0.5099337748344371,0.6082474226804123,0.19785334142669125,0
0.0,0.6225165562913909,0.7216494845360825,0.24310294462465568,0
0.0,0.5695364238410595,0.6649484536082474,0.20645784158011665,0
0.0,0.6490066225165564,0.5876288659793815,0.2178146126570889,0
0.0,0.5695364238410595,0.6391752577319587,0.18811171207047572,1
0.0,0.6887417218543048,0.5618556701030928,0.2044483440653342,0
0.0,0.6556291390728479,0.6030927835051546,0.16244717562985933,0
0.0,0.543046357615894,0.6907216494845361,0.15476838885001337,1
0.0016666666666666668,0.6357615894039734,0.711340206185567,0.19197691590266272,1
0.0,0.4768211920529801,0.8247422680412371,0.1729742060960267,0
0.0,0.6026490066225165,0.6752577319587629,0.23371914680095204,0
0.0,0.6622516556291393,0.5309278350515464,0.20673618146503248,1
0.0,0.7086092715231789,0.5463917525773195,0.17136177470062547,0
0.0,0.6688741721854304,0.7061855670103093,0.13972520016139328,0
0.0,0.5231788079470201,0.7061855670103093,0.13692515070617187,0
0.0,0.609271523178808,0.5309278350515464,0.18283276242341337,0
0.0,0.5960264900662254,0.5824742268041238,0.17357078206752086,0
0.0,0.6688741721854304,0.5,0.17683604187368776,0
0.0,0.5364238410596026,0.5979381443298969,0.15292865785765988,0
0.0,0.6026490066225165,0.5876288659793815,0.1914118006211001,0
0.0,0.6026490066225165,0.6082474226804123,0.179196917796855,0
0.0,0.6821192052980134,0.5979381443298969,0.17581963583690052,1
0.0,0.6026490066225165,0.654639175257732,0.1466529827864114,0
0.0,0.6357615894039734,0.4484536082474227,0.15980557744394785,0
0.0,0.6622516556291393,0.42783505154639173,0.15274204967386332,1
0.0,0.7086092715231789,0.4793814432989691,0.13845217695002712,0
0.0,0.6026490066225165,0.5051546391752577,0.11943135309995846,0
0.0,0.6887417218543048,0.4742268041237113,0.14167418016170805,0
0.0,0.609271523178808,0.7061855670103093,0.1251776711156093,1
0.14833333333333334,0.642384105960265,0.5670103092783505,0.14086639119998628,0
0.030000000000000002,0.609271523178808,0.5824742268041238,0.13767630397477756,0
0.0,0.6556291390728479,0.4639175257731959,0.1458940484441808,0
0.0,0.576158940397351,0.4484536082474227,0.1340133730256728,0
0.0,0.6556291390728479,0.5051546391752577,0.15466904399118675,0
0.0,0.6026490066225165,0.5515463917525774,0.13710407418984533,0
0.0,0.642384105960265,0.6082474226804123,0.14567788249264452,0
0.0,0.6622516556291393,0.5051546391752577,0.13786654712167418,0
0.0,0.6556291390728479,0.4896907216494845,0.12796043442104105,0
0.0,0.6225165562913909,0.3402061855670103,0.1237985261416229,1
0.0,0.6225165562913909,0.4948453608247423,0.13161414293782567,0
0.0,0.6887417218543048,0.422680412371134,0.133933716748701,1
0.0,0.7152317880794703,0.3917525773195876,0.11659632976183382,0
0.0,0.6291390728476824,0.4484536082474227,0.10247042354692991,1
0.11,0.609271523178808,0.4742268041237113,0.1166332963128002,0
0.0,0.609271523178808,0.36597938144329895,0.12779811410635808,0
0.0,0.6821192052980134,0.4381443298969072,0.13279869343380976,0
0.0,0.6821192052980134,0.4020618556701031,0.11612943678880311,0
0.0,0.7152317880794703,0.35051546391752575,0.10906490305232895,1
0.0,0.7483443708609273,0.3711340206185567,0.09639290326078562,1
0.0,0.8344370860927152,0.29896907216494845,0.08260481508856889,1
0.0,0.7615894039735103,0.33505154639175255,0.061147309891494486,0
0.0,0.7880794701986757,0.3402061855670103,0.062441177479415494,1
0.065,0.6490066225165564,0.37628865979381443,0.05782496268508392,1
0.0,0.7880794701986757,0.36082474226804123,0.07681596867510962,1
0.0,0.8807947019867551,0.28350515463917525,0.06255267398601384,1
0.0,0.8874172185430467,0.32989690721649484,0.04427498296064281,1
0.0,0.7947019867549673,0.3917525773195876,0.036287761975754555,1
0.0,0.8476821192052982,0.3711340206185567,0.04077445940186001,1
0.0,0.8145695364238412,0.3917525773195876,0.03577761748437782,0
0.0,0.8013245033112583,0.44329896907216493,0.036495651784965194,1
0.0,0.8410596026490067,0.26804123711340205,0.03823235037433803,0
0.0,0.6953642384105964,0.4742268041237113,0.0343243225191591,1
0.0,0.7682119205298013,0.29381443298969073,0.047347291801603096,0
0.0,0.8211920529801328,0.34536082474226804,0.04517537926586678,0
8.333333333333334E-4,0.8410596026490067,0.2268041237113402,0.038298172926465174,0
0.0,0.8278145695364242,0.23711340206185566,0.03362764667098838,1
0.0,0.9337748344370861,0.25773195876288657,0.0322516981649819,1
0.0,0.8807947019867551,0.1958762886597938,0.022171852341138342,1
0.0,0.8609271523178812,0.42783505154639173,0.02096292232743467,1
0.0,0.9205298013245036,0.34536082474226804,0.02152206487416131,0
0.0,0.8079470198675497,0.31443298969072164,0.017482489935795608,0
0.0,0.8410596026490067,0.1134020618556701,0.02272368403642546,1
0.0,0.8079470198675497,0.18041237113402062,0.022950437839098274,1
0.0,0.8874172185430467,0.02577319587628866,0.02506209995939705,1
0.0,0.8278145695364242,0.24742268041237114,0.02029608317918853,1
0.0,0.9271523178807951,0.22164948453608246,0.021876262138567533,1
0.0,0.9006622516556291,0.12371134020618557,0.01597454140630857,1
0.0,0.9271523178807951,0.2268041237113402,0.014473778661180747,1
0.0,0.8675496688741722,0.23195876288659795,0.012213941116745683,1
0.0,0.9205298013245036,0.15463917525773196,0.013856783819168514,1
0.0,0.8940397350993381,0.1958762886597938,0.011798997721081658,1
0.0,0.9072847682119206,0.17010309278350516,0.011955630000889481,1
0.0,0.8609271523178812,0.4072164948453608,0.01139930562645417,1
0.0,0.9867549668874175,0.15463917525773196,0.01296912254280688,1
0.0,0.9006622516556291,0.13402061855670103,0.007896742124244788,1
0.0,0.8940397350993381,0.18041237113402062,0.009164968878543914,1
0.0,0.8741721854304636,0.4020618556701031,0.009835236526388355,0
0.0,0.9403973509933776,0.17525773195876287,0.010673204335313918,1
0.0,0.9536423841059606,0.18041237113402062,0.008187579901425417,1
0.0,0.993377483443709,0.22164948453608246,0.006649756786282466,1
0.0,0.960264900662252,0.11855670103092783,0.004301861599365366,1
0.0,0.8211920529801328,0.41237113402061853,0.004084105833829394,1
0.0,0.9403973509933776,0.28350515463917525,0.008638650535687933,1
0.0,0.9735099337748345,0.27319587628865977,0.006319770994346732,1
0.0,0.9536423841059606,0.14948453608247422,0.004249052681677999,1
0.0,0.947019867549669,0.11855670103092783,0.0039974066472767715,1
0.0,0.8079470198675497,0.4072164948453608,0.0037395863681655302,1
0.0,0.7218543046357618,0.38144329896907214,0.00817216080414418,1
0.0,0.8145695364238412,0.3917525773195876,0.015209192018155416,1
0.0,0.8211920529801328,0.3402061855670103,0.014530834947248826,1
0.0,0.8410596026490067,0.5773195876288659,0.014285521188509242,1
0.015000000000000001,0.7152317880794703,0.32989690721649484,0.013246621697717708,0
0.0,0.8476821192052982,0.20618556701030927,0.01933612305532553,0
0.0,0.8543046357615897,0.25773195876288657,0.014545563613307794,1
0.0,0.8410596026490067,0.4175257731958763,0.012557682031687254,1
0.0,0.9271523178807951,0.14948453608247422,0.012530303980681957,1
0.0,0.7880794701986757,0.3247422680412371,0.00853676545983724,1
0.0,0.9801324503311261,0.30927835051546393,0.012330739255415163,1
0.0,0.556291390728477,0.4742268041237113,0.006173714006255442,1
0.0,0.9072847682119206,0.30927835051546393,0.024931237669119744,0
0.0,0.7152317880794703,0.37628865979381443,0.01388447770237394,1
0.08666666666666667,0.5298013245033115,0.5773195876288659,0.02046507294245308,1
0.0,0.10596026490066236,0.9432989690721649,0.041618734881491,1
0.14916666666666664,0.6556291390728479,0.6082474226804123,0.15360319825131843,0
0.03333333333333333,0.7483443708609273,0.4639175257731959,0.08126677978698392,0
0.0,0.6688741721854304,0.4742268041237113,0.05143282111393926,1
0.0,0.7615894039735103,0.4175257731958763,0.05185657458316671,1
0.0,0.642384105960265,0.6907216494845361,0.03778572654526936,1
0.0,0.543046357615894,0.6958762886597938,0.04342921179749522,1
0.6174999999999999,0.6688741721854304,0.5412371134020618,0.0630084832820197,0
0.0,0.7019867549668873,0.6494845360824743,0.05661325677679681,0
0.0,0.6754966887417219,0.4329896907216495,0.05077234828772784,0
0.0,0.5033112582781456,0.5,0.05198275373269016,1
0.0,0.5496688741721856,0.6804123711340206,0.07912533288739705,1
0.0,0.37748344370860926,0.7319587628865979,0.08565261476010425,0
0.04666666666666666,0.5695364238410595,0.6752577319587629,0.1401443984615571,0
0.065,0.7086092715231789,0.5618556701030928,0.11816464309413746,0
0.0,0.7350993377483444,0.3917525773195876,0.07910733840967599,0
0.0,0.6821192052980134,0.4845360824742268,0.05841401021417181,0
0.0,0.5033112582781456,0.5618556701030928,0.05739226742159946,1
0.0,0.46357615894039744,0.8298969072164949,0.08618293400843986,0
0.0,0.6688741721854304,0.5979381443298969,0.11673150091588944,0
0.04833333333333333,0.6490066225165564,0.5412371134020618,0.08712193348162663,0
0.0,0.556291390728477,0.6237113402061856,0.08115261826877813,0
0.07416666666666667,0.5033112582781456,0.5257731958762887,0.09716356145343434,1
0.0,0.5629139072847685,0.6185567010309279,0.11628572503912991,0
0.0,0.7880794701986757,0.4536082474226804,0.11303874796945813,1
0.0,0.556291390728477,0.6134020618556701,0.06806301132296581,0
0.0,0.5496688741721856,0.7628865979381443,0.09320032265236149,0
0.06666666666666667,0.5827814569536425,0.6907216494845361,0.10655638251868771,0
0.0,0.7218543046357618,0.6082474226804123,0.10313760623119725,1
0.0,0.43708609271523197,0.8041237113402062,0.07532607508212771,1
0.07,0.39072847682119227,0.8969072164948454,0.13016974335286166,0
0.625,0.43708609271523197,0.845360824742268,0.18094388265790287,0
0.004166666666666667,0.2384105960264902,0.9226804123711341,0.1948488901160802,0
0.004166666666666667,0.5231788079470201,0.7680412371134021,0.32518482979982244,0
0.10333333333333333,0.589403973509934,0.5824742268041238,0.2302996576791448,0
0.0,0.609271523178808,0.5051546391752577,0.1707451021144532,0
0.021666666666666667,0.589403973509934,0.6185567010309279,0.14292545667318873,0
0.0,0.543046357615894,0.6804123711340206,0.13355486406501757,0
0.0,0.5231788079470201,0.7989690721649485,0.14074960988433072,1
0.04,0.5231788079470201,0.6804123711340206,0.15615046252667727,0
0.0,0.4701986754966889,0.6804123711340206,0.16766612265860775,0
8.333333333333334E-4,0.43708609271523197,0.8247422680412371,0.1951865230065078,0
0.042499999999999996,0.37086092715231805,0.8505154639175257,0.22813660391387552,0
0.10666666666666667,0.589403973509934,0.6958762886597938,0.2838012002435734,0
0.0,0.48344370860927166,0.7989690721649485,0.20192268288391618,0
0.0,0.5695364238410595,0.6134020618556701,0.2182724116352966,0
0.018333333333333333,0.6158940397350995,0.7371134020618557,0.186953126683144,0
0.0,0.5033112582781456,0.7164948453608248,0.15396870335021498,0
0.055,0.5695364238410595,0.6597938144329897,0.1772550622799381,0
0.035833333333333335,0.5827814569536425,0.6185567010309279,0.16630741012543862,0
0.0,0.543046357615894,0.7474226804123711,0.15662041080413078,0
0.0,0.5033112582781456,0.7525773195876289,0.16961182972525288,1
0.0,0.5629139072847685,0.6185567010309279,0.19220624670531458,0
0.0325,0.6026490066225165,0.5,0.17661094644380013,0
0.009166666666666667,0.5496688741721856,0.6185567010309279,0.158230854246063,0
0.0,0.5033112582781456,0.6134020618556701,0.17034420671366673,0
0.0,0.6026490066225165,0.6494845360824743,0.1938474953828667,0
0.8433333333333334,0.5033112582781456,0.7061855670103093,0.16372739281464443,0
0.07666666666666666,0.5695364238410595,0.5927835051546392,0.19034261683535628,0
0.0,0.6291390728476824,0.5979381443298969,0.18024317796423867,0
0.0,0.5231788079470201,0.8505154639175257,0.15043859863870998,0
0.03333333333333333,0.4105960264900662,0.9123711340206185,0.17374422479803878,0
0.215,0.37086092715231805,0.8865979381443299,0.24116000994001396,0
0.36000000000000004,0.37086092715231805,0.8608247422680413,0.3042101633942599,0
0.0,0.3046357615894041,0.8608247422680413,0.35371185098898333,0
0.005,0.37086092715231805,0.8298969072164949,0.45513797927858374,0
0.0,0.13907284768211933,0.8917525773195877,0.45157285271799297,0
0.025833333333333333,0.43708609271523197,0.865979381443299,0.7496794755677475,0
0.0,0.4105960264900662,0.8041237113402062,0.5185167037434288,0
0.17083333333333334,0.46357615894039744,0.7525773195876289,0.47210346080718846,0
0.035,0.20529801324503325,0.9742268041237113,0.41080543361748206,0
0.04916666666666667,0.3046357615894041,0.8195876288659794,0.6606901558346239,0
0.35,0.3046357615894041,0.9020618556701031,0.6711051901135777,0
0.16166666666666665,0.38410596026490074,0.8092783505154639,0.6994406881232024,0
0.0,0.5231788079470201,0.711340206185567,0.6293069447584393,0
0.1,0.4768211920529801,0.8041237113402062,0.4498465987168061,0
0.0,0.5298013245033115,0.7422680412371134,0.41684857152791244,0
0.22583333333333336,0.37086092715231805,0.8402061855670103,0.35422625430308396,0
8.333333333333334E-4,0.5165562913907286,0.8298969072164949,0.45644459097240353,0
0.0,0.37086092715231805,0.7628865979381443,0.3796028913588411,1
0.0,0.576158940397351,0.7061855670103093,0.48216546877446886,0
0.0,0.5695364238410595,0.6391752577319587,0.34829132488751213,0
0.028333333333333332,0.49006622516556314,0.7731958762886598,0.29563324178889894,0
0.015000000000000001,0.43708609271523197,0.7525773195876289,0.32441617662141803,0
0.05333333333333334,0.5033112582781456,0.6288659793814433,0.37871365907513477,0
0.0,0.5496688741721856,0.7938144329896907,0.3539744343987251,0
0.0,0.6490066225165564,0.8041237113402062,0.3126030959259256,0
0.0,0.5496688741721856,0.7371134020618557,0.23745018804333215,0
0.13416666666666668,0.589403973509934,0.7216494845360825,0.2518676253902825,0
0.0,0.5033112582781456,0.7835051546391752,0.23498687483848485,0
0.16333333333333336,0.5099337748344371,0.8041237113402062,0.27345896092819005,0
0.0625,0.576158940397351,0.7525773195876289,0.2917896509557017,0
0.02666666666666667,0.5099337748344371,0.6649484536082474,0.2631534607189906,0
0.0,0.033112582781456956,0.8814432989690721,0.28446787869938084,0
0.0,0.4966887417218546,0.7628865979381443,0.8313736875386599,0
0.2341666666666667,0.5695364238410595,0.7061855670103093,0.5125946343268302,0
0.0,0.609271523178808,0.6855670103092784,0.3623358705407777,0
0.0,0.5364238410596026,0.7783505154639175,0.29093437439992326,0
0.0,0.5364238410596026,0.7474226804123711,0.29279003149965754,0
0.22333333333333333,0.4503311258278147,0.7680412371134021,0.278799603889488,0
0.015000000000000001,0.49006622516556314,0.8092783505154639,0.33949400753194303,0
0.0,0.5099337748344371,0.7577319587628866,0.34518741609733344,0
0.41833333333333333,0.4966887417218546,0.8505154639175257,0.3392488483051305,0
0.0,0.21854304635761598,0.9639175257731959,0.3449631793536304,0
0.18416666666666667,0.49006622516556314,0.7783505154639175,0.6289165644077611,0
0.0025,0.43708609271523197,0.7731958762886598,0.4723111780542435,0
0.18833333333333335,0.1721854304635763,0.8608247422680413,0.47277524131102605,0
0.44333333333333336,0.43708609271523197,0.8402061855670103,0.8661578349848654,0
0.0,0.39072847682119227,0.8402061855670103,0.6485126244628507,0
0.21,0.39072847682119227,0.8350515463917526,0.6103562075205241,0
0.0,0.6026490066225165,0.7783505154639175,0.6262033005524017,0
0.07833333333333334,0.6357615894039734,0.634020618556701,0.39972067613053136,0
0.008333333333333333,0.6026490066225165,0.634020618556701,0.2962253373167302,0
0.0,0.642384105960265,0.6494845360824743,0.27743853358107745,0
0.0,0.7019867549668873,0.5773195876288659,0.23719456428362704,0
0.0,0.6821192052980134,0.5309278350515464,0.19049155895301156,0
0.0,0.6622516556291393,0.5360824742268041,0.18045732900540354,0
0.0,0.6688741721854304,0.5876288659793815,0.17970694288763492,0
0.0,0.5033112582781456,0.7216494845360825,0.17382177319884584,0
0.06583333333333334,0.6490066225165564,0.6185567010309279,0.24124823099991735,0
0.03833333333333333,0.6622516556291393,0.5927835051546392,0.20519674805400948,0
0.0,0.6688741721854304,0.6030927835051546,0.18245737036902065,0
0.0,0.6291390728476824,0.5670103092783505,0.1674359775272005,0
0.0,0.642384105960265,0.5412371134020618,0.17224035374179017,0
0.0,0.6026490066225165,0.5567010309278351,0.1621026451259228,0
0.0,0.5496688741721856,0.6030927835051546,0.173556028510845,0
0.26,0.6158940397350995,0.5,0.20368965940902725,0
0.0,0.556291390728477,0.7061855670103093,0.18964767238403496,0
0.045000000000000005,0.5695364238410595,0.5515463917525774,0.20983479120715734,0
0.0,0.6291390728476824,0.5567010309278351,0.21433582438927506,0
0.0,0.6026490066225165,0.5051546391752577,0.18949334393936698,0
0.0,0.5033112582781456,0.6649484536082474,0.18860376989207867,0
0.0,0.576158940397351,0.5979381443298969,0.23496474997058892,0
0.0,0.3576158940397353,0.7525773195876289,0.2198796302900279,0
0.0,0.33112582781456956,0.8350515463917526,0.3416835016029775,0
0.0825,0.6357615894039734,0.5463917525773195,0.46065513380377443,0
0.01583333333333333,0.609271523178808,0.4690721649484536,0.2778164469690596,1
0.0,0.609271523178808,0.4175257731958763,0.23346736403527518,0
0.0,0.6026490066225165,0.4639175257731959,0.2138274654078174,0
0.0,0.6291390728476824,0.42783505154639173,0.19844482556894733,0
0.0,0.6357615894039734,0.5051546391752577,0.17919311677544364,1
0.0,0.7417218543046358,0.5463917525773195,0.17203722948483965,1
0.0,0.6556291390728479,0.5515463917525774,0.13191792787182272,0
0.0,0.6953642384105964,0.4845360824742268,0.1390086379421333,0
0.0,0.6225165562913909,0.4793814432989691,0.12760828795767137,0
0.0,0.609271523178808,0.4329896907216495,0.14318710758032674,0
0.115,0.6556291390728479,0.4381443298969072,0.15679635344511655,0
0.0,0.6158940397350995,0.4587628865979381,0.14752958826652599,0
0.0,0.6158940397350995,0.5463917525773195,0.15650823915490747,0
0.0,0.6556291390728479,0.4587628865979381,0.158378023865092,0
0.0,0.6158940397350995,0.4484536082474227,0.14268267373652468,1
0.0,0.6026490066225165,0.4793814432989691,0.14987826878953303,0
0.0,0.6357615894039734,0.5,0.15872530956941786,0
0.0,0.6291390728476824,0.5,0.1495699549671864,1
0.0,0.6225165562913909,0.42783505154639173,0.14710410342450986,0
0.0,0.7019867549668873,0.4329896907216495,0.14870918060219487,1
0.0,0.6821192052980134,0.4329896907216495,0.12364510738641325,0
0.0,0.7019867549668873,0.7319587628865979,0.11879320985843561,1
0.0,0.6953642384105964,0.41237113402061853,0.11012728410031397,1
0.0,0.6622516556291393,0.28350515463917525,0.1064683562058484,1
0.0,0.6821192052980134,0.3917525773195876,0.11209333932984648,0
0.0,0.7880794701986757,0.36082474226804123,0.10904571723422565,0
0.0,0.7350993377483444,0.39690721649484534,0.08305732300960013,1
0.0,0.4105960264900662,0.6134020618556701,0.08171466076067072,0
0.0,0.6556291390728479,0.4948453608247423,0.16686990939466168,0
0.034166666666666665,0.8410596026490067,0.4742268041237113,0.13267089758684156,0
0.0,0.7814569536423842,0.4072164948453608,0.07852447272947169,0
0.0,0.6953642384105964,0.5670103092783505,0.07106965406493806,0
0.0,0.6754966887417219,0.5,0.0797401973643376,1
0.0,0.7350993377483444,0.4896907216494845,0.08348088550365201,1
0.0,0.8278145695364242,0.37628865979381443,0.07530453224300972,1
0.0,0.8874172185430467,0.31958762886597936,0.05847291479902433,0
0.0,0.8741721854304636,0.422680412371134,0.0437837616807185,0
0.0,0.8145695364238412,0.39690721649484534,0.03783195819263738,1
0.0,0.7682119205298013,0.5567010309278351,0.03958890610744979,1
0.0,0.7019867549668873,0.4536082474226804,0.04491041872826581,1
0.0,0.6953642384105964,0.4072164948453608,0.05665442561113562,1
0.0,0.7350993377483444,0.4020618556701031,0.06520929591304488,0
0.0,0.6754966887417219,0.5154639175257731,0.06310235083670535,0
0.0,0.7152317880794703,0.5979381443298969,0.06999372378313803,0
0.07833333333333334,0.3046357615894041,0.5979381443298969,0.06700476319806786,0
0.0,0.8013245033112583,0.25773195876288657,0.17171927187620806,1
0.0,0.8543046357615897,0.23711340206185566,0.0872856934209708,1
0.0,0.8278145695364242,0.31443298969072164,0.05514976069446105,1
0.0,0.8741721854304636,0.28865979381443296,0.047113204324098164,1
0.0,0.8211920529801328,0.23195876288659795,0.03613150404088018,1
0.0,0.8013245033112583,0.4072164948453608,0.03456986497482723,1
0.0,0.8211920529801328,0.37628865979381443,0.03707736020650806,1
0.0,0.8278145695364242,0.32989690721649484,0.036158764728948516,1
0.0,0.947019867549669,0.26288659793814434,0.03467674141330274,1
0.0,0.8211920529801328,0.4793814432989691,0.02377922717818301,1
0.0,0.7284768211920534,0.4484536082474227,0.027219134435481598,1
0.0,0.7417218543046358,0.211340206185567,0.037071608541999104,1
0.0,0.7682119205298013,0.22164948453608246,0.04067903125169613,0
0.0,0.8609271523178812,0.4742268041237113,0.03918845768799808,1
0.0,0.7947019867549673,0.26804123711340205,0.030410933505465945,1
0.0,0.8940397350993381,0.20618556701030927,0.030793174546816127,0
0.0,0.7019867549668873,0.4381443298969072,0.022896728228710292,1
0.0,0.9139072847682121,0.04639175257731959,0.03431980470747572,1
0.0,0.9271523178807951,0.38144329896907214,0.022368621927504172,1
0.0,0.9139072847682121,0.5618556701030928,0.017112557258612684,0
0.0,0.7615894039735103,0.32989690721649484,0.015505399711346133,0
0.0325,0.7152317880794703,0.4845360824742268,0.023756029312444023,0
0.0,0.9006622516556291,0.3711340206185567,0.03172514618958663,0
0.0,0.7947019867549673,0.39690721649484534,0.02161155191551521,1
0.0,0.7814569536423842,0.3917525773195876,0.025506621446821198,1
0.0,0.960264900662252,0.4587628865979381,0.02813931312354404,1
0.0,0.6754966887417219,0.5876288659793815,0.01599225544377599,1
0.11583333333333333,0.8609271523178812,0.37628865979381443,0.029653702513063058,0
0.0,0.7748344370860928,0.4845360824742268,0.022818849288284353,1
0.0,0.8145695364238412,0.31443298969072164,0.025651268199220388,0
0.0,0.7814569536423842,0.5154639175257731,0.02402705919892623,1
0.0,0.7682119205298013,0.37628865979381443,0.026051743697845547,1
0.0,0.8741721854304636,0.33505154639175255,0.02708610421724002,1
0.0,0.6887417218543048,0.4845360824742268,0.020462880540354066,0
0.0,0.609271523178808,0.38144329896907214,0.031326336445452345,1
0.0,0.8675496688741722,0.36597938144329895,0.04698581214020269,1
0.0,0.7615894039735103,0.41237113402061853,0.02817832799410918,1
0.0,0.960264900662252,0.3711340206185567,0.029860422826822795,1
0.0,0.46357615894039744,0.6391752577319587,0.016992550432979318,1
0.0,0.5033112582781456,0.4072164948453608,0.052666361271825154,1
0.09833333333333334,0.7218543046357618,0.5257731958762887,0.07608260811737355,1
0.1,0.6688741721854304,0.4948453608247423,0.055522421482780554,0
0.0,0.6754966887417219,0.4639175257731959,0.056347950691458794,0
8.333333333333334E-4,0.9139072847682121,0.22164948453608246,0.05693721002047858,1
0.0,1.0,0.37628865979381443,0.028264298165376168,1
0.0,0.993377483443709,0.28350515463917525,0.01423328106222737,1
0.0,0.7682119205298013,0.4690721649484536,0.009680837711285206,1
8.333333333333334E-4,0.8874172185430467,0.5824742268041238,0.017666719956296963,1
0.0,0.6754966887417219,0.4587628865979381,0.015041871189930178,1
0.0,0.6026490066225165,0.5257731958762887,0.027728145279374148,1
0.0,0.7019867549668873,0.3402061855670103,0.044467173183711524,1
0.0,0.6357615894039734,0.6907216494845361,0.04335434979837939,1
0.10250000000000001,0.7019867549668873,0.7216494845360825,0.051086836545225674,0
0.0,0.7086092715231789,0.6907216494845361,0.04870803392043966,0
0.06166666666666667,0.7019867549668873,0.6494845360824743,0.04481680970892307,1
0.004166666666666667,0.7615894039735103,0.5670103092783505,0.04375644860208822,0
0.0,0.609271523178808,0.7474226804123711,0.037778430825491656,1
0.0,0.7019867549668873,0.4948453608247423,0.05152694836242774,1
0.02666666666666667,0.6821192052980134,0.5567010309278351,0.04765424798364433,1
0.0,0.6490066225165564,0.4793814432989691,0.04905331123450238,0
0.0,0.7880794701986757,0.4845360824742268,0.05519465991195235,1
0.0,0.7350993377483444,0.4639175257731959,0.04155527878652253,0
0.0,0.6754966887417219,0.5618556701030928,0.04078685221197593,1
0.5883333333333333,0.5364238410596026,0.6082474226804123,0.0483304084478902,1
0.39333333333333337,0.6357615894039734,0.6494845360824743,0.07216405348161894,0
0.6983333333333334,0.22516556291390746,0.8556701030927835,0.06846256061192625,0
0.034166666666666665,0.5033112582781456,0.6597938144329897,0.1811972257429616,0
0.0325,0.2582781456953644,0.8814432989690721,0.15565019375768,0
0.0,0.43708609271523197,0.7680412371134021,0.2585723872797675,0
0.0,0.27152317880794713,0.7577319587628866,0.23035030569629647,1
0.24250000000000002,0.4503311258278147,0.8195876288659794,0.3180304868288848,0
0.19666666666666668,0.29139072847682135,0.8917525773195877,0.25666622025238434,0
0.0,0.18543046357615903,0.9329896907216495,0.3374295451679381,0
0.04083333333333334,0.3973509933774835,0.7680412371134021,0.4915772133419942,0
