"am_data","am_precipitacao","am_temp_maxima","am_umidade","am_ocorreu_queimada","am_risco_fogo_inpe"
2012-09-07,0,38.2,56.75,true,NULL
2012-09-08,0,38.8,58.25,true,NULL
2012-09-09,0,38.8,54.25,true,NULL
2012-09-10,0,37.7,59,true,NULL
2012-09-11,0,38.7,51.75,true,NULL
2012-09-12,0,39.4,49,true,NULL
2012-09-13,0,37.5,57,true,NULL
2012-09-14,0,37.2,57,true,NULL
2012-09-15,0,38.3,57.25,false,NULL
2012-09-16,0,38.8,52,true,NULL
2012-09-17,0,37,64,true,NULL
2012-09-18,0,37.7,59.25,true,NULL
2012-09-19,10.8,37.1,56.25,false,NULL
2012-09-20,0,38.1,64.25,true,NULL
2012-09-21,0,37.1,59.5,true,NULL
2012-09-22,0,36.2,63.75,true,NULL
2012-09-23,0,36.7,69.5,true,NULL
2012-09-24,3.4,36.8,57.75,true,NULL
2012-09-25,0,38.4,61.5,true,NULL
2012-09-26,0,38.6,70.5,true,NULL
2012-09-27,0,34.1,71,true,NULL
2012-09-28,11.4,35.5,67.25,true,NULL
2012-09-29,0,37.1,63,true,NULL
2012-09-30,0,38.6,57.25,true,NULL
2012-10-01,0,37.3,67,true,NULL
2012-10-02,0,38.3,67.5,true,NULL
2012-10-03,0,37.6,57.5,true,NULL
2012-10-04,44.1,36.1,67.5,true,NULL
2012-10-05,0,38,57.5,false,NULL
2012-10-06,0,37.8,59.75,true,NULL
2012-10-07,0,38.4,58.5,false,NULL
2012-10-08,0,35.8,64.5,true,NULL
2012-10-09,0,31.2,92.25,true,NULL
2012-10-10,0,29.6,91.5,false,NULL
2012-10-11,40,35.1,71.5,false,NULL
2012-10-12,12.6,36.4,71.75,false,NULL
2012-10-13,0,32.7,78.75,true,NULL
2012-10-14,0.2,32.7,82,true,NULL
2012-10-15,23.8,34,74.5,false,NULL
2012-10-16,0,31.6,79.5,false,NULL
2012-10-17,0,35,74.25,false,NULL
2012-10-18,0,36.4,68.25,true,NULL
2012-10-19,0,35.6,72.75,true,NULL
2012-10-20,0,36.7,63.5,true,NULL
2012-10-21,0.1,34.9,67.75,true,NULL
2012-10-22,0,36,65.25,false,NULL
2012-10-23,0,36.9,62.5,true,NULL
2012-10-25,0,36.9,62.5,false,NULL
2012-10-26,0,32.9,78.25,true,NULL
2012-10-27,0,35.2,73.75,false,NULL
2012-10-28,0,36,64.5,false,NULL
2012-10-29,0,34.3,67.75,true,NULL
2012-10-30,0,36.7,61.75,true,NULL
2012-10-31,0,35.5,68.25,true,NULL
2012-11-01,0,37,75.25,true,NULL
2012-11-02,0,35.5,69.5,false,NULL
2012-11-03,7.1,36.5,66.75,true,NULL
2012-11-04,0,36.6,62.5,true,NULL
2012-11-05,0,36.2,65.25,true,NULL
2012-11-06,0,34.9,69.5,true,NULL
2012-11-07,8.9,36,68.75,false,NULL
2012-11-08,0,32,77.5,false,NULL
2012-11-09,0,27.9,90,false,NULL
2012-11-10,0,26.1,95.25,false,NULL
2012-11-11,34,33.1,85.25,false,NULL
2012-11-12,32.8,33.6,82.5,false,NULL
2012-11-13,0,32.2,82,false,NULL
2012-11-14,0,32.3,80.25,false,NULL
2012-11-15,0,33.6,79.75,false,NULL
2012-11-16,0,35,77.25,true,NULL
2012-11-17,0,31.3,86.75,true,NULL
2012-11-18,27.1,34.3,83,false,NULL
2012-11-19,0,32.4,80.75,false,NULL
2012-11-20,0,33.4,75.75,false,NULL
2012-11-21,0,35.2,73.25,false,NULL
2012-11-22,0,33.4,75.25,false,NULL
2012-11-23,0,34.6,83,false,NULL
2012-11-24,0,32.4,82.5,false,NULL
2012-11-25,18.1,34.4,81.25,false,NULL
2012-11-26,32.8,30.7,88.25,false,NULL
2012-11-27,14.2,34.3,77,false,NULL
2012-11-28,0,31.2,85.25,false,NULL
2012-11-29,0,29.4,91.5,false,NULL
2012-11-30,19.1,33.2,84.25,false,NULL
2012-12-01,2.5,32.7,78.25,false,NULL
2012-12-02,11,27.8,89,false,NULL
2012-12-03,0,33.9,82.25,false,NULL
2012-12-04,5.4,31.4,87.75,false,NULL
2012-12-05,26.4,33.9,87.25,false,NULL
2012-12-06,0,32.6,82.25,false,NULL
2012-12-07,0,31,85.75,false,NULL
2012-12-08,139,33.9,77.75,false,NULL
2012-12-09,0,34.3,75.75,false,NULL
2012-12-10,0,35.4,74.5,false,NULL
2012-12-11,0,33,81.5,false,NULL
2012-12-12,15.4,34.2,72.25,false,NULL
2012-12-13,0,35.4,74.75,false,NULL
2012-12-14,0,35.5,80.75,false,NULL
2012-12-15,0,32.7,82.5,false,NULL
2012-12-16,2.6,33.3,79.5,false,NULL
2012-12-17,0.2,34.7,79,false,NULL
2012-12-18,0,35.2,71.5,true,NULL
2012-12-19,0,33.2,81.25,false,NULL
2012-12-20,0,34.1,85.5,false,NULL
2012-12-21,1.1,35.2,79,false,NULL
2012-12-22,1.6,31.7,83.75,false,NULL
2012-12-23,0.2,30.2,88.25,false,NULL
2012-12-24,6.9,33.4,81.25,false,NULL
2012-12-25,0,33.3,74.5,false,NULL
2012-12-26,0.3,33.5,77.25,false,NULL
2012-12-27,0,33,76,false,NULL
2012-12-28,0,29.7,87,false,NULL
2012-12-29,19.6,33.5,86.5,false,NULL
2012-12-30,0.6,34.2,77.75,false,NULL
2012-12-31,2,34.5,76,false,NULL
2013-01-01,0,33.8,77.25,false,NULL
2013-01-02,0,30.6,80.75,false,NULL
2013-01-03,2.4,34,77.75,false,NULL
2013-01-04,0,32.9,75,false,NULL
2013-01-05,0,34.1,71.75,false,NULL
2013-01-06,0,34,81.25,false,NULL
2013-01-07,0,34,78,false,NULL
2013-01-08,1.4,33.6,77.5,true,NULL
2013-01-09,0,33.3,86.25,false,NULL
2013-01-10,8,31.9,85.75,false,NULL
2013-01-11,13,29.1,90,false,NULL
2013-01-12,45.3,33.4,76,false,NULL
2013-01-13,0,31.6,90.25,false,NULL
2013-01-14,0,24.7,97.5,false,NULL
2013-01-15,14.9,33,83.25,false,NULL
2013-01-16,13,34.3,78,false,NULL
2013-01-17,0,30.4,87,false,NULL
2013-01-18,0.2,32.4,84.75,false,NULL
2013-01-20,34.6,33.4,79.25,false,NULL
2013-01-21,0,33.6,83.25,false,NULL
2013-01-22,1.1,32.5,86.5,false,NULL
2013-01-23,0.2,27.1,96.25,false,NULL
2013-01-24,7.9,31.3,93,false,NULL
2013-01-25,4.6,33.1,90.25,false,NULL
2013-01-26,16.6,34.7,82,false,NULL
2013-01-27,18.6,30.9,90.25,false,NULL
2013-01-28,22.3,30.9,87.25,false,NULL
2013-01-29,1.1,32.7,84.5,false,NULL
2013-01-30,0,31.2,86.5,false,NULL
2013-01-31,16.1,31.5,90,false,NULL
2013-02-01,0.1,32,95.25,false,NULL
2013-02-02,6.3,33.5,87.25,false,NULL
2013-02-03,7.4,34.6,81.25,false,NULL
2013-02-04,1.5,29.7,88.25,false,NULL
2013-02-05,0,31.8,89.75,false,NULL
2013-02-06,0,30.8,87.75,false,NULL
2013-02-07,21.7,33,86.75,false,NULL
2013-02-08,0,30.9,87.25,false,NULL
2013-02-09,17,33.4,84,false,NULL
2013-02-10,7.4,30.6,92.25,false,NULL
2013-02-11,0,33.8,86,false,NULL
2013-02-12,47.8,31.9,87.5,false,NULL
2013-02-13,10.6,32.1,83.25,false,NULL
2013-02-14,13.3,33.9,79.75,false,NULL
2013-02-15,0,32.2,80.75,false,NULL
2013-02-16,0,33.2,77.5,false,NULL
2013-02-17,14.8,34.7,76.25,false,NULL
2013-02-18,0,31.7,87.5,false,NULL
2013-02-19,0,31.4,89.25,false,NULL
2013-02-20,4.1,33.4,78.25,false,NULL
2013-02-21,9.4,34.6,79.5,false,NULL
2013-02-22,0,34.7,80.25,false,NULL
2013-02-23,0,33.7,76.75,false,NULL
2013-02-24,0,32.6,84.75,false,NULL
2013-02-25,0,34.4,80,false,NULL
2013-02-26,0,33.7,87,false,NULL
2013-02-27,0,32.6,85,false,NULL
2013-02-28,9.5,34.3,80.5,false,NULL
2013-03-01,1,33,81.5,true,NULL
2013-03-02,0,32.3,84.25,false,NULL
2013-03-03,0,34.4,78.25,false,NULL
2013-03-04,0,34.3,79.75,false,NULL
2013-03-05,0,34.4,82,false,NULL
2013-03-06,0,33.6,76.75,false,NULL
2013-03-07,0,33.7,81.5,false,NULL
2013-03-08,0,34.8,76.25,false,NULL
2013-03-09,0,33.6,79.5,false,NULL
2013-03-10,0,34.4,82.25,false,NULL
2013-03-11,0,34,86.5,false,NULL
2013-03-12,15.4,33.7,83.75,false,NULL
2013-03-13,50,34.6,80.5,false,NULL
2013-03-14,0,33.9,81.25,false,NULL
2013-03-15,0,32.9,88.25,false,NULL
2013-03-16,0,33.7,87.5,false,NULL
2013-03-17,0,33.1,90,false,NULL
2013-03-18,3.4,30.6,87.5,false,NULL
2013-03-19,56.6,32.7,81.75,false,NULL
2013-03-20,30.8,33.2,88.5,false,NULL
2013-03-21,0,34.2,79,false,NULL
2013-03-22,0,33.2,84.25,false,NULL
2013-03-23,0.1,30.1,88,true,NULL
2013-03-24,0,27.9,90,false,NULL
2013-03-25,24.6,33.4,85.25,false,NULL
2013-03-26,5.3,34.7,85,false,NULL
2013-03-27,0,34,81,false,NULL
2013-03-28,0.1,33.8,87.75,false,NULL
2013-03-29,8.4,31.3,76.5,false,NULL
2013-03-30,36.6,32.7,88.5,false,NULL
2013-03-31,33.4,33.5,79.5,false,NULL
2013-04-01,1.6,33.5,80.25,false,NULL
2013-04-02,0,34.3,81.5,true,NULL
2013-04-03,0.1,34,80.75,false,NULL
2013-04-04,2.4,32.9,84,false,NULL
2013-04-05,0.9,33,87,true,NULL
2013-04-06,0.2,33,84.75,false,NULL
2013-04-07,12.4,33.1,88.75,false,NULL
2013-04-08,0,34.8,80.5,false,NULL
2013-04-09,2.1,33.4,86,false,NULL
2013-04-10,0,33.3,86,false,NULL
2013-04-11,22.2,34.6,78.5,false,NULL
2013-04-12,3.2,33.2,83.25,false,NULL
2013-04-13,0,34.3,81.5,false,NULL
2013-04-14,2.2,33.3,83.75,false,NULL
2013-04-15,0,34,82.5,false,NULL
2013-04-16,6.9,32.1,85.25,false,NULL
2013-04-17,6.1,32.7,88.5,false,NULL
2013-04-18,23.2,32,87.5,false,NULL
2013-04-19,10.8,31.5,89.75,false,NULL
2013-04-20,24.4,32.6,89.25,false,NULL
2013-04-21,5.3,31,92.5,false,NULL
2013-04-22,6.9,31.4,87.25,false,NULL
2013-04-23,10.1,33.7,80.5,false,NULL
2013-04-24,0,33.8,76.25,false,NULL
2013-04-25,0,32.2,87.5,false,NULL
2013-04-26,0,32.4,85.5,false,NULL
2013-04-27,1,33.1,80.5,false,NULL
2013-04-28,0,32.6,79.75,false,NULL
2013-04-29,4.3,34.1,82.75,false,NULL
2013-04-30,0,32.7,87.75,false,NULL
2013-05-01,3.2,32.8,83.25,false,NULL
2013-05-02,11.3,33.2,82.5,false,NULL
2013-05-03,0,33.1,80.75,false,NULL
2013-05-04,0,33.2,82.25,false,NULL
2013-05-05,0,33.8,78.5,false,NULL
2013-05-06,0,33.4,81.5,false,NULL
2013-05-07,0,31.8,83,false,NULL
2013-05-08,7.6,33,81.25,false,NULL
2013-05-09,0,30,93.5,false,NULL
2013-05-10,12.4,33.2,82.25,false,NULL
2013-05-11,9.8,34.4,78,false,NULL
2013-05-12,0,34.8,75.25,false,NULL
2013-05-13,0,34.4,72.75,false,NULL
2013-05-14,0,33.8,73.75,false,NULL
2013-05-15,0,34,74.75,false,NULL
2013-05-16,0,35.4,71.25,false,NULL
2013-05-17,0,34.9,75.75,false,NULL
2013-05-18,0,31.3,85.5,true,NULL
2013-05-19,0,32.4,80.75,false,NULL
2013-05-20,14,32.6,78.25,false,NULL
2013-05-21,6.4,34.2,74.75,false,NULL
2013-05-22,0,33.1,80,false,NULL
2013-05-23,0,32.1,81.5,false,NULL
2013-05-24,0,32.2,82.75,false,NULL
2013-05-25,0,33.4,89.75,false,NULL
2013-05-26,0,33.4,81,false,NULL
2013-05-27,19.2,34.2,78.25,false,NULL
2013-05-28,0,34.5,82.25,false,NULL
2013-05-29,0,34.8,77.75,true,NULL
2013-05-30,0,34.7,79.5,false,NULL
2013-05-31,0,33.2,88.75,false,NULL
2013-06-01,0,34.1,82,false,NULL
2013-06-02,0.1,34.8,81.5,true,NULL
2013-06-03,0,32.8,84.25,false,NULL
2013-06-04,0,34.1,87.75,false,NULL
2013-06-05,0,30,96.25,false,NULL
2013-06-06,5.3,32.8,87.5,false,NULL
2013-06-07,8.3,33.2,82,false,NULL
2013-06-08,0,34.8,79.75,false,NULL
2013-06-09,0,33.4,76.5,false,NULL
2013-06-10,0,33.6,70.75,false,NULL
2013-06-11,0,34.2,70,false,NULL
2013-06-12,0,35,70,false,NULL
2013-06-13,0,32.8,76.25,false,NULL
2013-06-14,0,34.2,72.75,false,NULL
2013-06-15,0,33.9,76.25,false,NULL
2013-06-16,0,33.9,76.75,false,NULL
2013-06-17,0,33.5,88.5,false,NULL
2013-06-18,0,33.2,78.75,false,NULL
2013-06-19,7.4,33.7,75.75,false,NULL
2013-06-20,0,33.7,75.75,false,NULL
2013-06-21,0,34.6,79,false,NULL
2013-06-22,0,34.2,76.25,false,NULL
2013-06-23,0,34,74,false,NULL
2013-06-24,0.1,33.2,77,false,NULL
2013-06-25,0,35.1,71,false,NULL
2013-06-26,0,35.3,77,false,NULL
2013-06-27,0,34.1,73.75,false,NULL
2013-06-28,0,32.4,72.5,false,NULL
2013-06-29,0,33.5,80.25,false,NULL
2013-06-30,0,34.9,78.75,true,NULL
2013-07-01,0,33,78,false,NULL
2013-07-02,0.5,32.8,73.5,false,NULL
2013-07-03,0,34.5,71.25,false,NULL
2013-07-04,0,34.9,67.5,false,NULL
2013-07-05,0.3,35.1,79,false,NULL
2013-07-06,0,35,84,false,NULL
2013-07-07,0,35.6,72.5,true,NULL
2013-07-08,0,34.2,77.5,false,NULL
2013-07-09,0,34.6,74.25,false,NULL
2013-07-10,0,35.7,67,false,NULL
2013-07-11,0,35.2,67.75,false,NULL
2013-07-12,0,34.8,74.25,false,NULL
2013-07-13,0,33.6,75.25,false,NULL
2013-07-14,0,35.4,80,true,NULL
2013-07-15,0,35.7,76.5,true,NULL
2013-07-16,0,35.6,71.75,false,NULL
2013-07-17,0,35.3,77.75,false,NULL
2013-07-18,0,36.6,70.75,false,NULL
2013-07-19,0,35.2,76.75,false,NULL
2013-07-20,0,34.4,82.25,false,NULL
2013-07-21,0,35,74.5,false,NULL
2013-07-22,0,34,83.25,false,NULL
2013-07-23,0,32.5,88.25,false,NULL
2013-07-24,9.4,33.9,84.75,false,NULL
2013-07-25,3.3,34.5,83.25,false,NULL
2013-07-26,0,35.1,79.75,false,NULL
2013-07-27,0,34.7,81.5,false,NULL
2013-07-28,0.1,34.8,76.75,false,NULL
2013-07-29,0,35.2,74.25,false,NULL
2013-07-30,0,35.9,72.5,false,NULL
2013-07-31,0,35.7,74.5,false,NULL
2013-08-01,0,36,70.25,false,NULL
2013-08-02,0,36.3,73,false,NULL
2013-08-03,0,37,68.5,false,NULL
2013-08-04,0,36.9,70.75,true,NULL
2013-08-05,0,35.4,74.75,false,NULL
2013-08-06,0,35.4,72,false,NULL
2013-08-07,0,35.7,73.75,false,NULL
2013-08-08,0,35.4,68.25,false,NULL
2013-08-09,0,36.7,67.75,true,NULL
2013-08-10,0,35.7,71.5,true,NULL
2013-08-11,0,35.6,77,false,NULL
2013-08-12,0,35.4,73,false,NULL
2013-08-13,0,36.1,73.25,false,NULL
2013-08-14,0,36.4,75,false,NULL
2013-08-15,0,35.9,76.5,false,NULL
2013-08-16,0,36,68.75,false,NULL
2013-08-17,7.6,36.7,68.75,true,NULL
2013-08-18,0,35.9,65.5,true,NULL
2013-08-19,0,36.3,68,false,NULL
2013-08-20,0,36.4,73.25,false,NULL
2013-08-21,0,36.7,67.75,true,NULL
2013-08-22,0,37.5,60.5,true,NULL
2013-08-23,0,38,61.75,false,NULL
2013-08-24,0,37.8,62.75,true,NULL
2013-08-25,0,37.2,64.5,true,NULL
2013-08-26,0,37.3,67.75,false,NULL
2013-08-27,0,36.2,70,false,NULL
2013-08-28,0,37.1,67.5,false,NULL
2013-08-29,0,36.9,63.75,true,NULL
2013-08-30,0,38.3,64.75,false,NULL
2013-08-31,0,37.1,62,true,NULL
2013-09-01,0,37.8,69.25,true,NULL
2013-09-02,0,37,65.5,false,NULL
2013-09-03,0,37.2,62,false,NULL
2013-09-04,0,37.4,70.5,false,NULL
2013-09-05,0,34.6,76.25,true,NULL
2013-09-06,2,35.7,76.5,false,NULL
2013-09-07,2,34.3,80.75,false,NULL
2013-09-08,38.2,35.8,70.5,false,NULL
2013-09-09,0,37.2,66.25,false,NULL
2013-09-10,0,35.4,68.75,false,NULL
2013-09-11,0,35.9,67.25,true,NULL
2013-09-12,0,36.9,66.25,false,NULL
2013-09-13,0,37.5,67.75,true,NULL
2013-09-14,0,37.6,63.5,true,NULL
2013-09-15,0,37.5,66.25,true,NULL
2013-09-16,0,37.2,62.25,true,NULL
2013-09-17,0,37.9,61.25,true,NULL
2013-09-18,0,37.4,62,false,NULL
2013-09-19,0,36.6,66.5,true,NULL
2013-09-20,0,37.6,64.25,false,NULL
2013-09-21,0,37.8,63.25,true,NULL
2013-09-22,0,37.8,66.25,false,NULL
2013-09-23,0,38.2,63.5,false,NULL
2013-09-24,0,35.2,67.75,true,NULL
2013-09-25,0,36.8,70.75,true,NULL
2013-09-26,0,37.4,64.75,true,NULL
2013-09-27,0,37.4,66.75,false,NULL
2013-09-28,0,38.2,62.25,true,NULL
2013-09-29,0,38.3,63,true,NULL
2013-09-30,0,36.9,64.5,true,NULL
2013-10-01,0,38.1,64.25,true,NULL
2013-10-02,0,38.1,59.5,true,NULL
2013-10-03,0,38.7,62.75,false,NULL
2013-10-04,0,38,67.75,true,NULL
2013-10-05,0,36.8,68.25,true,NULL
2013-10-06,0,34.5,88.25,false,NULL
2013-10-07,0,35.3,72.75,true,NULL
2013-10-08,0,35.2,69,false,NULL
2013-10-09,0,36.5,71.5,false,NULL
2013-10-10,0,37.2,67.5,true,NULL
2013-10-11,0,38,64,true,NULL
2013-10-12,0,37.4,62,true,NULL
2013-10-13,0,37.9,62.25,true,NULL
2013-10-14,0,38.7,62,true,NULL
2013-10-15,0,38.3,61.5,false,NULL
2013-10-16,0,34.5,75.5,true,NULL
2013-10-17,25.2,32.5,81.5,false,NULL
2013-10-18,2.2,34.5,69.5,false,NULL
2013-10-19,0,33.9,70.75,false,NULL
2013-10-20,0,35.1,75.25,false,NULL
2013-10-21,0,33.4,78.5,false,NULL
2013-10-22,0,35.1,77.75,true,NULL
2013-10-23,0,35.9,73.25,true,NULL
2013-10-24,0,34.9,74.25,false,NULL
2013-10-25,0,34.6,71,true,NULL
2013-10-26,0,35.5,73.25,true,NULL
2013-10-27,0,35.3,79.5,true,NULL
2013-10-28,4.7,35.5,73.25,true,NULL
2013-10-29,6.9,30.5,91.25,true,NULL
2013-10-30,6.8,33.3,77.25,false,NULL
2013-10-31,1.2,34.3,76.25,false,NULL
2013-11-01,0,35.1,72.75,true,NULL
2013-11-02,0,33.3,75.25,false,NULL
2013-11-03,0,31.3,83.5,false,NULL
2013-11-04,0,32.2,84,false,NULL
2013-11-05,8.8,33,89.25,false,NULL
2013-11-06,12.4,33.8,81.75,false,NULL
2013-11-07,2.2,35.5,75.5,true,NULL
2013-11-08,0,35.3,74,false,NULL
2013-11-09,0,34.9,78.25,false,NULL
2013-11-10,0,32.8,87,true,NULL
2013-11-11,0,34.4,78.25,false,NULL
2013-11-12,0,35.6,72.5,true,NULL
2013-11-13,0,32.5,84.75,true,NULL
2013-11-14,0,32.2,89.25,false,NULL
2013-11-15,11.6,31.2,85.5,false,NULL
2013-11-16,1.9,34.5,75.5,false,NULL
2013-11-17,0,35,74.75,false,NULL
2013-11-18,0,35.3,73.75,false,NULL
2013-11-19,0,33.5,84,true,NULL
2013-11-20,0,33.2,85.5,false,NULL
2013-11-21,8.4,34.4,86.5,false,NULL
2013-11-22,0,30.3,92.25,false,NULL
2013-11-23,16.1,30.4,92,false,NULL
2013-11-24,10.2,34.9,83.25,false,NULL
2013-11-25,0.2,34.8,84,false,NULL
2013-11-26,0,29.6,84.5,true,NULL
2013-11-27,0,33.4,82.5,false,NULL
2013-11-28,0,31.7,87.75,false,NULL
2013-11-29,20.5,34.3,82.5,false,NULL
2013-11-30,0,35,72.75,false,NULL
2013-12-01,0,34.1,81.5,false,NULL
2013-12-02,0,34.5,75,false,NULL
2013-12-03,0.3,34.8,78.75,false,NULL
2013-12-04,0,34.5,76,true,NULL
2013-12-06,0,33.6,83.5,false,NULL
2013-12-07,13,34.1,78,false,NULL
2013-12-08,0,34.2,79,false,NULL
2013-12-09,0,35.3,73.25,false,NULL
2013-12-10,0,32.3,85.5,true,NULL
2013-12-11,120,33,77.75,false,NULL
2013-12-12,0,33.8,69.75,false,NULL
2013-12-13,0,33.4,72.25,false,NULL
2013-12-14,0,33.8,76.25,true,NULL
2013-12-15,0,33.3,78.5,true,NULL
2013-12-16,0,32.7,80.25,false,NULL
2013-12-17,0,33.4,77.75,true,NULL
2013-12-18,0,28.7,90,false,NULL
2013-12-19,0,31.4,90.25,false,NULL
2013-12-20,6.3,30.1,83,false,NULL
2013-12-21,6.6,26.8,94.5,false,NULL
2013-12-22,61.1,32.3,89.75,false,NULL
2013-12-23,3.2,32.6,85,false,NULL
2013-12-24,7,34.4,81.75,false,NULL
2013-12-25,3.6,33,83.75,false,NULL
2013-12-26,0,33.1,81.75,false,NULL
2013-12-27,0,34,77.5,false,NULL
2013-12-28,0,33.5,81.25,true,NULL
2013-12-29,0,33.4,85.25,false,NULL
2013-12-30,0,34.2,75.75,false,NULL
2013-12-31,0,35.5,74.25,false,NULL
2014-01-01,0,35.1,74.25,false,NULL
2014-01-02,0.1,32.9,81.5,true,NULL
2014-01-03,0,33.4,81.75,false,NULL
2014-01-04,0,33.1,75.25,true,NULL
2014-01-05,5.1,34.3,72.75,false,NULL
2014-01-06,0,33.3,80.5,false,NULL
2014-01-07,4.6,32.4,82.25,false,NULL
2014-01-08,0,32.4,82.75,false,NULL
2014-01-09,0.1,31.7,86.25,true,NULL
2014-01-10,0,32.8,85.75,false,NULL
2014-01-11,0,26.2,94,false,NULL
2014-01-12,18.9,33.1,86.25,false,NULL
2014-01-13,0,33.1,83,false,NULL
2014-01-14,1.9,26.9,96,false,NULL
2014-01-15,61.3,32.8,87.5,false,NULL
2014-01-16,0,33.3,83,false,NULL
2014-01-17,0,33.5,81,false,NULL
2014-01-18,0,34.2,80.5,false,NULL
2014-01-19,0,31.1,93.25,false,NULL
2014-01-20,1.6,28.5,95.5,false,NULL
2014-01-21,13.8,34.3,78.25,false,NULL
2014-01-22,0,33.7,80.25,false,NULL
2014-01-23,1.5,31.3,88.5,false,NULL
2014-01-24,0.6,31.5,82.75,false,NULL
2014-01-25,3.7,31.5,75.5,false,NULL
2014-01-26,0,32.7,90,false,NULL
2014-01-27,0,30.5,86.75,false,NULL
2014-01-28,27.9,34.1,81,false,NULL
2014-01-29,0,30.5,87.5,false,NULL
2014-01-30,9.2,33.6,76.75,false,NULL
2014-01-31,0,28.9,86.75,false,NULL
2014-02-01,0,37,88.75,false,NULL
2014-02-02,0,31,88,false,NULL
2014-02-03,0.2,30.4,95.75,false,NULL
2014-02-04,4.8,33.2,76.5,false,NULL
2014-02-05,5.8,29.7,92,false,NULL
2014-02-06,0,33.4,81.5,true,NULL
2014-02-07,10.8,33.1,87.5,false,NULL
2014-02-08,4.3,33.7,80,false,NULL
2014-02-09,6.4,32.7,81.25,false,NULL
2014-02-10,0,33.1,86.5,false,NULL
2014-02-11,0,30.6,83.25,false,NULL
2014-02-12,7.4,30,84.5,false,NULL
2014-02-13,37.8,31,79.75,false,NULL
2014-02-14,0,33.7,85.75,false,NULL
2014-02-15,34,30.2,89,false,NULL
2014-02-16,66.4,31.1,87.5,false,NULL
2014-02-17,44,30.7,90.75,false,NULL
2014-02-18,0.6,29.7,93,false,NULL
2014-02-19,15.8,30.9,88,false,NULL
2014-02-20,4.8,33,81.5,false,NULL
2014-02-21,0.6,32.3,87,false,NULL
2014-02-22,0,34.8,74,false,NULL
2014-02-23,0,33.6,83.75,false,NULL
2014-02-24,0,32.3,88,false,NULL
2014-02-25,0,32.5,83.5,false,NULL
2014-02-26,9.6,32.6,87.75,false,NULL
2014-02-27,0,33.2,83.5,false,NULL
2014-02-28,25.8,33.3,86.75,false,NULL
2014-03-01,21.8,31,83.25,false,NULL
2014-03-02,20.4,33.1,86.5,false,NULL
2014-03-03,3,31.3,92.25,false,NULL
2014-03-04,30.4,32.3,87.75,false,NULL
2014-03-05,44.8,27.7,94.25,false,NULL
2014-03-06,19.4,29.3,88,false,NULL
2014-03-07,6.5,33.2,86.75,false,NULL
2014-03-08,0,31.3,82.5,false,NULL
2014-03-09,0,32.4,86.25,false,NULL
2014-03-10,0,31.7,91,false,NULL
2014-03-11,3.6,32.7,84.25,false,NULL
2014-03-12,0,33.5,82.5,false,NULL
2014-03-13,0,32.6,84.25,false,NULL
2014-03-14,8.4,32.2,87.25,false,NULL
2014-03-15,0,33.5,84.25,false,NULL
2014-03-16,0.1,34.1,77.5,false,NULL
2014-03-17,1.4,33.3,82.5,false,NULL
2014-03-18,0,32.6,84.5,false,NULL
2014-03-19,1.6,33.4,87,false,NULL
2014-03-20,0,35.1,78.5,false,NULL
2014-03-21,7.6,34,86.5,false,NULL
2014-03-22,0,33.9,80,false,NULL
2014-03-23,0.8,33.4,81.25,false,NULL
2014-03-24,1.6,34.4,82.25,false,NULL
2014-03-25,2.2,34,84.25,false,NULL
2014-03-26,0.8,33.1,81.5,false,NULL
2014-03-27,0.4,32.7,81.5,false,NULL
2014-03-28,0,31,87.75,false,NULL
2014-03-29,0,34.1,80.5,false,NULL
2014-03-30,1,33.7,88,false,NULL
2014-03-31,0,34.7,76.75,false,NULL
2014-04-01,5.1,31.7,87.5,false,NULL
2014-04-02,0.1,33.2,84.5,false,NULL
2014-04-03,0.1,32.2,81.5,false,NULL
2014-04-04,0,34.5,84.5,false,NULL
2014-04-05,0,33.4,86.5,false,NULL
2014-04-06,23,33.7,86.25,false,NULL
2014-04-07,0,33.2,89.5,false,NULL
2014-04-08,0,33.1,85.25,false,NULL
2014-04-09,17.6,32.3,87.75,false,NULL
2014-04-10,1.7,31.3,90.25,false,NULL
2014-04-11,3.6,31.8,86.25,false,NULL
2014-04-12,0.1,33.7,86,false,NULL
2014-04-13,1.1,32.6,86,false,NULL
2014-04-14,3.8,31.9,93.75,false,NULL
2014-04-15,0.2,33.3,89,false,NULL
2014-04-16,4,33.4,89.25,false,NULL
2014-04-17,0,32.5,92.5,false,NULL
2014-04-18,2.1,34.6,89,false,NULL
2014-04-19,14.3,33.1,86.75,false,NULL
2014-04-20,1.8,33.8,88.25,false,NULL
2014-06-12,0,34.9,67.75,true,NULL
2015-04-06,2.7,31.9,75.5,false,NULL
2015-04-07,0.5,32.7,74.25,false,NULL
2015-04-08,0.2,32.7,76.25,false,NULL
2015-04-09,0,32.1,78.5,false,NULL
2015-04-10,10.8,31.6,80.75,false,NULL
2015-04-11,2.7,31.8,76.5,false,NULL
2015-04-12,0,32,80,false,NULL
2015-04-13,0.1,31.7,81.75,false,NULL
2015-04-14,3.8,31.1,82.75,false,NULL
2015-04-15,2.4,32.3,76,false,NULL
2015-04-16,2.7,33.3,75.75,false,NULL
2015-04-17,0,32.9,75,false,NULL
2015-04-18,0,32.3,76.5,false,NULL
2015-04-19,0,32.5,76.25,false,NULL
2015-04-20,0,32.9,75,false,NULL
2015-04-21,0,32.9,76.5,true,NULL
2015-04-22,2.3,33,72.25,false,NULL
2015-04-23,0,33.1,77.5,false,NULL
2015-04-24,0,32.4,80,false,NULL
2015-04-25,8.1,31.8,81,false,NULL
2015-04-26,0,33.4,73.75,false,NULL
2015-04-27,1.6,33,73.5,false,NULL
2015-04-28,0,33.5,70.5,false,NULL
2015-04-29,0,32.7,71.75,false,NULL
2015-04-30,0,32.3,77,true,NULL
2015-05-01,0,32.4,79.75,false,NULL
2015-05-02,4.8,27.7,87,false,NULL
2015-05-03,20.2,30.1,82.75,false,NULL
2015-05-04,9.1,31.9,80,false,NULL
2015-05-05,1.7,31.5,80.25,false,NULL
2015-05-06,0,32,82,false,NULL
2015-05-07,2.4,31.8,80.75,false,NULL
2015-05-08,0,31.9,83,false,NULL
2015-05-09,5.5,32.5,77.75,false,NULL
2015-05-10,9,32.3,77.75,false,NULL
2015-05-11,0,33.1,75.75,true,NULL
2015-05-12,0,33.9,84,false,NULL
2015-05-13,0,34.1,69.75,true,NULL
2015-05-14,0,34.1,69,false,NULL
2015-05-15,0,34.3,67,false,NULL
2015-05-16,0,34.7,67,true,NULL
2015-05-17,0,34.6,68.5,false,NULL
2015-05-18,0,35.1,68.5,false,NULL
2015-05-19,0,34.5,70.25,true,NULL
2015-05-20,0,32.3,80.25,false,NULL
2015-05-21,0,33.3,72.5,false,NULL
2015-05-22,4,34.7,67.5,false,NULL
2015-05-23,0,34.6,68.5,false,NULL
2015-05-24,0,35.3,68,false,NULL
2015-05-25,0,34.3,74.25,false,NULL
2015-05-26,0,31.8,73,true,NULL
2015-05-27,0.2,33.1,76.5,false,NULL
2015-05-28,0.1,33.1,74.5,false,NULL
2015-05-29,0,34.3,70.5,false,NULL
2015-05-30,0,34.6,67.75,false,NULL
2015-05-31,0,33.9,68.25,true,NULL
2015-06-01,0,33.2,75.25,false,NULL
2015-06-02,0,33.1,69.5,false,NULL
2015-06-03,0,33.5,74,false,NULL
2015-06-04,0,33.1,68.75,false,NULL
2015-06-05,0,34.3,70.25,false,NULL
2015-06-06,0,33.8,68.5,false,NULL
2015-06-07,1.9,32,73.5,false,NULL
2015-06-08,0,30.8,80,false,NULL
2015-06-09,0,33.7,79.75,false,NULL
2015-06-10,0,35.4,74.25,false,NULL
2015-06-11,0,35.3,76.5,false,NULL
2015-06-12,0,34.5,73.75,true,NULL
2015-06-13,0,33.7,75,true,NULL
2015-06-14,0,34.1,78.5,false,NULL
2015-06-15,0,36.2,73.75,false,NULL
2015-06-16,0,34.5,77.5,true,NULL
2015-06-17,0,34.5,74.75,false,NULL
2015-06-18,0,35.4,75.25,true,NULL
2015-06-19,0,33.7,75.5,false,NULL
2015-06-20,0,34.3,72.75,false,NULL
2015-06-21,0,33.9,71.75,true,NULL
2015-06-22,0,34.2,73.5,true,NULL
2015-06-23,0,35,70,false,NULL
2015-06-24,0,33.8,76.5,true,NULL
2015-06-25,0,34.9,63.25,false,NULL
2015-06-26,0,35.3,66.5,false,NULL
2015-06-27,0,35.3,73.5,false,NULL
2015-06-28,0,33.9,77,true,NULL
2015-06-29,0,35,78.5,false,NULL
2015-06-30,0,34.9,75.75,true,NULL
2015-07-01,0,35.3,69.25,false,NULL
2015-07-02,0,34.9,82.5,true,NULL
2015-07-03,0,34.5,72,false,NULL
2015-07-04,0.1,33.3,79.75,false,NULL
2015-07-05,0,32.1,90.25,false,NULL
2015-07-06,1.9,33.9,76,false,NULL
2015-07-07,3.9,33.2,77.25,false,NULL
2015-07-08,0,34.5,70.25,false,NULL
2015-07-09,0,34.6,73.5,false,NULL
2015-07-10,0,34.3,72.25,false,NULL
2015-07-11,0,35.3,68.25,false,NULL
2015-07-12,0,34.9,69,false,NULL
2015-07-13,0,35.3,76,true,NULL
2015-07-14,0,36.2,70.25,true,NULL
2015-07-15,0,35.6,67,true,NULL
2015-07-16,0,36.4,64,true,NULL
2015-07-17,0,36.3,65.25,true,NULL
2015-07-18,0,36.6,63.75,true,NULL
2015-07-19,0,35.9,72.5,true,NULL
2015-07-20,0,36.1,70.75,true,NULL
2015-07-21,0,36.1,73.75,true,NULL
2015-07-22,0,35.9,70.5,false,NULL
2015-07-23,0,35.9,71.75,false,NULL
2015-07-24,0,36.7,74.5,true,NULL
2015-07-25,0,35.5,75,false,NULL
2015-07-26,0,35.7,73.25,false,NULL
2015-07-27,0,36.3,73.25,false,NULL
2015-07-28,0,36.1,66,false,NULL
2015-07-29,0,37.4,63.25,false,NULL
2015-07-30,0,36.6,61.5,true,NULL
2015-07-31,0,37.8,55.25,true,NULL
2015-08-01,0,35.9,63.25,true,NULL
2015-08-02,0,37,65.25,true,NULL
2015-08-03,0,36.6,73,true,NULL
2015-08-04,0,36.4,68.75,true,NULL
2015-08-05,0,36.1,67.25,true,NULL
2015-08-06,0,36.3,69,true,NULL
2015-08-07,0,36.7,67,true,NULL
2015-08-08,0,36.7,70,true,NULL
2015-08-09,0,37.7,62,true,NULL
2015-08-10,0,36.8,68.75,true,NULL
2015-08-11,0,36.7,65.5,true,NULL
2015-08-12,0,36.2,62.25,true,NULL
2015-08-13,0,37.6,59.5,true,NULL
2015-08-14,0,37.3,60,true,NULL
2015-08-15,0,39.1,55,true,NULL
2015-08-16,0,37.6,66,true,NULL
2015-08-17,0,38.9,60.25,true,NULL
2015-08-18,0,38.6,60,true,NULL
2015-08-19,0,36.9,64,true,NULL
2015-08-20,0,37.3,62.5,true,NULL
2015-08-21,0,33.8,71,true,NULL
2015-08-22,0,37.6,70.25,true,NULL
2015-08-23,0,36.4,68,false,NULL
2015-08-24,0,37.1,72.25,true,NULL
2015-08-25,0,37.5,68.25,false,NULL
2015-08-26,0,38.5,69.75,true,NULL
2015-08-27,0,35.5,69.25,true,NULL
2015-08-28,0,36.3,64.5,true,NULL
2015-08-29,0.1,36.7,65.25,true,NULL
2015-08-30,0,37.3,65.25,true,NULL
2015-08-31,0,36.1,78.75,true,NULL
2015-09-01,0,37.6,61.75,true,NULL
2015-09-02,0,36.2,72.25,true,NULL
2015-09-03,0,36.6,72,false,NULL
2015-09-04,0,36.6,69,true,NULL
2015-09-05,0,35.9,70.5,true,NULL
2015-09-06,0,36.7,67.25,true,NULL
2015-09-07,0,36.7,67,true,NULL
2015-09-08,0,36.9,70.25,false,NULL
2015-09-09,0,38.2,67.5,true,NULL
2015-09-10,0,36.7,63.25,true,NULL
2015-09-11,0,39.6,61.5,true,NULL
2015-09-12,0,33.9,73,true,NULL
2015-09-13,0,37.8,74,true,NULL
2015-09-14,0,38.5,70.5,true,NULL
2015-09-15,0,38.6,61,true,NULL
2015-09-16,0,38.6,59.5,true,NULL
2015-09-17,0,38.8,58,true,NULL
2015-09-18,0,38.8,62,true,NULL
2015-09-19,0,38.3,62,true,NULL
2015-09-20,0,36.9,63,true,NULL
2015-09-21,0,37.3,63,true,NULL
2015-09-22,0,37.6,65,true,NULL
2015-09-23,0,36.9,69.25,true,NULL
2015-09-24,0,38.4,53.25,true,NULL
2015-09-25,0,38.4,55.5,true,NULL
2015-09-26,0,38,60,true,NULL
2015-09-27,0.2,36.9,59.75,true,NULL
2015-09-28,1,38,58,true,NULL
2015-09-29,0,36.5,67.75,true,NULL
2015-09-30,0,36.7,65,true,NULL
2015-10-01,0,38.7,56,true,NULL
2015-10-02,0,38.8,66.25,true,NULL
2015-10-03,0,39.2,56.75,true,NULL
2015-10-04,0,39.1,55.25,true,NULL
2015-10-05,0,36.7,60.75,true,NULL
2015-10-06,0,38.1,61.5,true,NULL
2015-10-07,0,36.4,70,true,NULL
2015-10-08,0,37.6,66.75,true,NULL
2015-10-09,0,38.2,61.25,true,NULL
2015-10-10,0,39.4,62,true,NULL
2015-10-11,0,38.4,63,true,NULL
2015-10-12,0,39.3,55,true,NULL
2015-10-13,0,39,62.75,true,NULL
2015-10-14,0,39.2,59,true,NULL
2015-10-15,0,39.5,50,true,NULL
2015-10-16,0,39.8,53.25,true,NULL
2015-10-17,0,39,66.5,true,NULL
2015-10-18,0,35.8,68.5,true,NULL
2015-10-19,2.2,37.3,67.25,false,NULL
2015-10-20,0,39.4,65.25,true,NULL
2015-10-21,0,34.4,72.75,true,NULL
2015-10-22,0,37.5,63.75,true,NULL
2015-10-23,0,36.7,68.5,true,NULL
2015-10-24,17,37.6,65.5,true,NULL
2015-10-25,0,35.2,69,true,NULL
2015-10-26,0.1,37.5,68.5,false,NULL
2015-10-27,0,36.6,72,true,NULL
2015-10-28,0,34.6,71.25,false,NULL
2015-10-29,0.1,38.2,78.25,false,NULL
2015-10-30,0,34.6,76,false,NULL
2015-10-31,40.9,35.3,71.75,false,NULL
2015-11-01,0,36.7,69.25,false,NULL
2015-11-02,0,36.3,67.5,false,NULL
2015-11-03,0,35.6,77.25,true,NULL
2015-11-04,31,35.2,77.25,true,NULL
2015-11-05,0,33.7,74.75,false,NULL
2015-11-06,0,34.2,79.5,true,NULL
2015-11-07,0,33.7,72,false,NULL
2015-11-08,0,35.8,70.25,true,NULL
2015-11-09,0,34.4,73.25,true,NULL
2015-11-10,0,36.3,70,true,NULL
2015-11-11,0,35.4,70.5,true,NULL
2015-11-12,0,37.2,71.25,true,NULL
2015-11-13,0,35.3,69,true,NULL
2015-11-14,0,36.3,64.5,true,NULL
2015-11-15,0.1,36.8,67,true,NULL
2015-11-16,0,33.2,74,true,NULL
2015-11-17,0,36.4,64.75,false,NULL
2015-11-18,0,36.4,66.5,true,NULL
2015-11-19,1,32.4,70.5,true,NULL
2015-11-20,0,36.4,69.75,false,NULL
2015-11-21,0,37.4,65,true,NULL
2015-11-22,0,36.6,63.25,true,NULL
2015-11-23,0,32.5,88.5,true,NULL
2015-11-24,28.2,33.8,75.75,false,NULL
2015-11-25,0,33.4,75,false,NULL
2015-11-26,3.4,34.2,73.5,false,NULL
2015-11-27,0,34.4,71.25,true,NULL
2015-11-28,0,35.4,68,true,NULL
2015-11-29,0.8,36.2,69.5,true,NULL
2015-11-30,0,38.2,68.75,true,NULL
2015-12-01,0,36.5,71.5,true,NULL
2015-12-02,0,33.8,71.75,true,NULL
2015-12-03,0,34.7,70,true,NULL
2015-12-04,0,34.3,76.75,true,NULL
2015-12-05,0,34.4,72.5,true,NULL
2015-12-06,0,34.3,70,false,NULL
2015-12-07,0,36.7,64.5,true,NULL
2015-12-08,0,35.5,68,true,NULL
2015-12-09,0,32.7,77.75,true,NULL
2015-12-10,0,34.6,77.5,true,NULL
2015-12-11,0.4,36.6,71.5,true,NULL
2015-12-12,0,35.6,73.25,true,NULL
2015-12-13,0,36.8,72.25,false,NULL
2015-12-14,0,34.5,81.25,false,NULL
2015-12-15,0,34.5,78.75,false,NULL
2015-12-16,2.6,35.4,82,false,NULL
2015-12-17,0.6,33.7,85.75,false,NULL
2015-12-18,4.8,33.4,86.75,false,NULL
2015-12-19,9.7,33.8,82,false,NULL
2015-12-20,4.5,32.8,91,false,NULL
2015-12-21,5.8,34.1,86.75,false,NULL
2015-12-22,0.1,34.3,80.5,true,NULL
2015-12-23,0.5,34.3,77.5,false,NULL
2015-12-24,0,33.1,83,false,NULL
2015-12-25,28.4,33.5,79.5,true,NULL
2015-12-26,0,33.7,79.75,true,NULL
2015-12-27,0,33.6,80.5,false,NULL
2015-12-28,0,37.8,64,false,NULL
2015-12-29,0,36.2,72.5,false,NULL
2015-12-30,0,30.7,90.25,false,NULL
2015-12-31,1.9,26.7,96.25,false,NULL
2016-01-01,3.5,33.4,83.25,false,NULL
2016-01-02,23.3,33.8,84.75,false,NULL
2016-01-03,0,33.6,85,false,NULL
2016-01-04,19.8,32.7,84.5,false,NULL
2016-01-05,0,32.3,83,true,NULL
2016-01-06,1.1,30.4,89,false,NULL
2016-01-07,0.1,29.5,94,false,NULL
2016-01-08,10.2,30.6,89,false,NULL
2016-01-09,20.7,27.8,92.75,false,NULL
2016-01-10,3.6,33.3,84.5,false,NULL
2016-01-11,0,33.4,77.5,false,NULL
2016-01-12,0,32.9,95.25,true,NULL
2016-01-13,32.8,31.9,93.25,false,NULL
2016-01-14,16.8,32,87.75,false,NULL
2016-01-15,0,33.1,86,false,NULL
2016-01-16,0,28,97,false,NULL
2016-01-17,8.8,31.1,94,false,NULL
2016-01-18,0.9,31.8,85.75,false,NULL
2016-01-19,2.6,31.1,89.5,false,NULL
2016-01-20,0,29.9,88.75,false,NULL
2016-01-21,1.2,32.7,90,false,NULL
2016-01-22,1.5,32.9,90.5,false,NULL
2016-01-23,24.2,32.9,90.25,false,NULL
2016-01-24,8.6,33.6,88.75,false,NULL
2016-01-25,4,28.2,94.75,false,NULL
2016-01-26,1.1,29,94.5,false,NULL
2016-01-27,16.9,27.1,98.5,false,NULL
2016-01-28,43.7,33.1,79.5,false,NULL
2016-01-29,0.1,34.4,77.25,false,NULL
2016-01-30,5.2,34.1,79.5,false,NULL
2016-01-31,0,33.6,78.25,false,NULL
2016-02-01,6.2,32,80,false,NULL
2016-02-02,0,34.8,84,false,NULL
2016-02-03,0,33.3,78,true,NULL
2016-02-04,0.7,30.3,86.25,false,NULL
2016-02-05,0,35.2,74.25,false,NULL
2016-02-06,0.2,35.8,79.75,true,NULL
2016-02-07,0,35.6,69.25,false,NULL
2016-02-08,0,36.6,72.5,false,NULL
2016-02-09,0,36.4,70.25,true,NULL
2016-02-10,0,34.8,80.75,false,NULL
2016-02-11,0,34.4,85.25,true,NULL
2016-02-12,8.3,33.1,85.75,false,NULL
2016-02-13,55.5,31.9,86.75,false,NULL
2016-02-14,17.4,33.2,76.75,false,NULL
2016-02-15,0,35.3,77.25,false,NULL
2016-02-16,0,35.8,71,false,NULL
2016-02-17,0,35.5,71.25,false,NULL
2016-02-18,0,35,76.5,false,NULL
2016-02-19,0,35.5,80.75,false,NULL
2016-02-20,0,34.7,84.5,false,NULL
2016-02-21,2.3,35.1,75,false,NULL
2016-02-22,0,36.1,66.25,false,NULL
2016-02-23,0,37.4,69,false,NULL
2016-02-24,0,36.5,74.75,false,NULL
2016-02-25,0,33.4,81.25,false,NULL
2016-02-26,2.6,29.3,93.75,false,NULL
2016-02-27,0,33.8,80.75,false,NULL
2016-02-28,34.4,35.6,71.5,false,NULL
2016-02-29,0,35.5,78.5,false,NULL
2016-03-01,0,32.3,87.5,false,NULL
2016-03-02,0,30,90.25,false,NULL
2016-03-03,22.2,33.1,80,false,NULL
2016-03-04,0,31.8,90.25,false,NULL
2016-03-05,2.4,29.1,92,false,NULL
2016-03-06,18.1,28.6,92.25,false,NULL
2016-03-07,10.4,32.4,85.25,false,NULL
2016-03-08,1.8,30.1,86.75,false,NULL
2016-03-09,0.7,33.8,87.5,false,NULL
2016-03-10,0.3,31.1,87.25,false,NULL
2016-03-11,103.4,33.5,82.5,false,NULL
2016-03-12,0.5,33,86.75,false,NULL
2016-03-13,0,33,82.5,false,NULL
2016-03-14,2.1,33.8,80.25,false,NULL
2016-03-15,0,34.1,77.75,false,NULL
2016-03-16,0,33.8,79.25,false,NULL
2016-03-17,0,35.1,78.75,false,NULL
2016-03-18,0,34.2,85.25,false,NULL
2016-03-19,0,32.8,83.25,false,NULL
2016-03-20,15.8,32.4,89,false,NULL
2016-03-21,1.4,34.2,81.25,false,NULL
2016-03-22,2.6,33.1,82.25,false,NULL
2016-03-23,0.4,32.9,80.5,false,NULL
2016-03-24,0.7,33,82.5,false,NULL
2016-03-25,0,33.6,85,true,NULL
2016-03-26,1.4,33.5,87.75,true,NULL
2016-03-27,3.6,32.7,87,false,NULL
2016-03-28,0,33.3,82.75,false,NULL
2016-03-29,3,33.8,83.5,false,NULL
2016-03-30,0,34.8,77.75,false,NULL
2016-03-31,0,32.4,82,false,NULL
2016-04-01,0.1,33.5,81.25,false,NULL
2016-04-02,3.8,32.6,84.25,false,NULL
2016-04-03,21.6,33.8,79.25,false,NULL
2016-04-04,0,34.4,79.5,false,NULL
2016-04-05,0,32.6,91.5,false,NULL
2016-04-06,0,33.2,84,false,NULL
2016-04-07,10,33,82.5,false,NULL
2016-04-08,0.6,34.3,77.75,false,NULL
2016-04-09,0,34.2,77.5,false,NULL
2016-04-10,0,32.8,85.25,true,NULL
2016-04-11,3.6,31.7,90.5,false,NULL
2016-04-12,0,32.4,84.75,false,NULL
2016-04-13,3.2,33.6,84,false,NULL
2016-04-14,0,28.4,89,false,NULL
2016-04-15,2,33,86.25,false,NULL
2016-04-16,0.2,33.8,80.75,false,NULL
2016-04-17,3.7,35,80.25,false,NULL
2016-04-18,0,34.4,86.75,false,NULL
2016-04-19,0,35.7,73.5,false,NULL
2016-04-20,2,36.5,77,false,NULL
2016-04-21,0,33.9,78,true,NULL
2016-04-22,0,34,81.5,false,NULL
2016-04-23,15.7,35.5,77,false,NULL
2016-04-24,0,34.4,77,false,NULL
2016-04-25,0,34.8,77.5,false,NULL
2016-04-26,0,34.7,76.75,false,NULL
2016-04-27,0,34.9,81.5,true,NULL
2016-04-28,0,31,88.25,false,NULL
2016-04-29,1.5,33,84.25,false,NULL
2016-04-30,0.2,31.3,93.5,false,NULL
2016-05-01,0,34.3,80.25,false,NULL
2016-05-02,9.2,33.2,91.75,false,NULL
2016-05-03,0,31.7,85.75,false,NULL
2016-05-04,18.4,33.4,85,false,NULL
2016-05-05,0,33.7,79.25,false,NULL
2016-05-09,0,35.3,76.5,false,NULL
2016-05-10,0,34.7,80,false,NULL
2016-05-11,0.2,33.1,86.5,false,NULL
2016-05-12,0,34.5,77.5,true,NULL
2016-05-16,0,35.4,78.25,false,NULL
2016-05-17,1.8,34.8,77.25,true,NULL
2016-05-18,0.8,35.1,77,false,NULL
2016-05-19,0,35.9,73,false,NULL
2016-05-23,0,36.2,73.75,true,NULL
2016-05-24,0,33.4,89,false,NULL
2016-05-30,0,33.4,94.75,false,NULL
2016-05-31,0,32.1,95,false,NULL
2016-06-01,12.3,34.4,85.5,false,NULL
2016-06-02,0.8,33.1,85.25,false,NULL
2016-06-06,7.2,33,87.5,false,NULL
2016-06-07,15.3,33.8,85.75,false,NULL
2016-06-08,0,32.2,87.25,false,NULL
2016-06-09,0,33.8,80.75,false,NULL
2016-06-13,0,33.8,82,false,NULL
2016-06-14,0,34.3,78.25,false,NULL
2016-06-15,0,35.4,77.25,false,NULL
2016-06-16,0,35.2,75.25,true,NULL
2016-06-20,0,35.1,73,false,NULL
2016-06-21,0,35.7,74.75,false,NULL
2016-06-22,0,35.7,82,false,NULL
2016-06-23,0,36.4,78.75,false,NULL
2016-06-27,0,36.1,65,false,NULL
2016-06-28,0,36.2,60.75,false,NULL
2016-06-29,0,36.9,61.25,true,NULL
2016-08-01,0,38,66.5,true,NULL
2016-08-02,0,38.1,61.25,true,NULL
2016-08-03,0,37.5,64.5,true,NULL
2016-08-04,0,37.5,56.75,true,NULL
2016-08-08,0,37.4,68,true,NULL
2016-08-09,0,38.1,65.5,false,NULL
2016-08-10,0,36.3,67.5,true,NULL
2016-08-11,0,35.9,69.25,false,NULL
2016-08-15,0,37.5,63.25,true,NULL
2016-08-16,0,38.2,61.25,true,NULL
2016-08-17,0,38.3,61,true,NULL
2016-08-18,0,37.9,60,true,NULL
2016-08-22,0,34.8,85.25,true,NULL
2016-08-23,0,36.4,70.25,true,NULL
2016-08-24,0.4,38,62,false,NULL
2016-08-25,0,38.2,60.5,true,NULL
2016-08-29,0,37.8,63,true,NULL
2016-08-30,0,38.3,69,false,NULL
2016-08-31,0,38.7,69,false,NULL
2016-09-01,0,38.5,65,true,NULL
2016-09-05,0,38,63,false,NULL
2016-09-08,0,37.1,62.25,false,NULL
2016-09-12,0,38.1,71.5,true,NULL
2016-09-13,0,38.4,74.5,true,NULL
2016-09-14,5.8,38.7,65.5,true,NULL
2016-09-15,0.4,36.8,71.5,false,NULL
2016-09-19,2.8,36.7,72,true,NULL
2016-09-20,0,38.2,65.5,true,NULL
2016-09-21,0,37.1,70.75,false,NULL
2016-09-22,0,34,78.75,true,NULL
2016-09-26,10.8,35.8,73.75,false,NULL
2016-09-27,0.1,35,82.5,false,NULL
2016-09-28,16.2,34.6,73,false,NULL
2016-09-29,18.4,29.5,91.25,false,NULL
2016-10-03,0,37,67.5,true,NULL
2016-10-04,0,32.4,78.25,true,NULL
2016-10-05,0,35.9,72,false,NULL
2016-10-06,0,32.9,80,true,NULL
2016-10-07,16.8,35.7,63,false,NULL
2016-10-10,0,37.1,67.75,true,NULL
2016-10-13,0,37.3,67.75,true,NULL
2016-10-17,0,37.3,68,true,NULL
2016-10-18,0,36.2,64,false,NULL
2016-10-19,0,33.6,72,true,NULL
2016-10-20,0,33.2,75.25,true,NULL
2016-10-24,2.1,36.3,71.75,false,NULL
2016-10-25,0,36.6,67,true,NULL
2016-10-26,0,34.6,71.25,true,NULL
2016-10-27,0,35.7,69.25,true,NULL
2016-10-31,0,35.8,68.25,false,NULL
2016-11-03,0,37.7,72.75,false,NULL
2016-11-07,0,35.4,76,true,NULL
2016-11-08,0,33.6,78,false,NULL
2016-11-09,1.2,33.6,81,false,NULL
2016-11-10,0.8,32.8,79,true,NULL
2016-11-16,14.2,35.3,77.75,false,NULL
2016-11-17,0,32.5,77.25,false,NULL
2016-11-21,35.8,33.4,81.25,false,NULL
2016-11-22,1.2,33.3,76,false,NULL
2016-11-23,0,35.4,74.5,false,NULL
2016-11-24,0,34.2,72,false,NULL
2016-11-28,0,35.8,70.25,false,NULL
2016-11-29,0,34.3,73.75,false,NULL
2016-11-30,0,34.3,74,true,NULL
2016-12-01,0,30.3,84.25,true,NULL
2016-12-05,15,35.2,73.5,false,NULL
2016-12-06,0.2,33.4,81.25,true,NULL
2016-12-12,4.8,33,76,false,NULL
2016-12-13,0.5,28.6,91.75,false,NULL
2016-12-14,114.8,27.9,94,false,NULL
2016-12-15,9.6,33.5,81,false,NULL
2016-12-19,18.2,33,75,false,NULL
2016-12-20,0.5,33.5,73.25,false,NULL
2016-12-21,0,34.2,70.25,false,NULL
2016-12-22,0,33.4,78.25,true,NULL
2016-12-26,22.8,33.4,83.75,false,NULL
2016-12-27,2.8,32.3,86.75,false,NULL
2016-12-28,10.2,31.6,88.75,false,NULL
2016-12-29,0.2,31.3,86.5,false,NULL
2017-01-02,3.2,30.8,86.75,false,NULL
2017-01-03,0.2,33.8,79.5,false,NULL
2017-01-04,0,32.8,88.75,false,NULL
2017-01-05,0,33.6,81.5,false,NULL
2017-01-09,2.8,33.1,76.75,false,NULL
2017-01-10,0.6,32.3,89,false,NULL
2017-01-11,0,33.1,76,false,NULL
2017-01-12,9.8,34.2,83.75,false,NULL
2017-01-16,86,30.3,87,false,NULL
2017-01-17,41.6,27,92.75,false,NULL
2017-01-18,84.6,30.4,91.75,false,NULL
2017-01-19,3,32.3,89.75,false,NULL
2017-01-23,17.2,26.8,94,false,NULL
2017-01-24,47.2,31.4,92.5,false,NULL
2017-01-25,51,30.7,92.25,false,NULL
2017-01-26,12,33.1,78,false,NULL
2017-01-30,0.2,32.7,83.25,false,NULL
2017-01-31,1.8,32.9,88.25,false,NULL
2017-02-01,2.4,31.5,90.5,false,NULL
2017-02-02,18.6,31.2,88.5,false,NULL
2017-02-05,0,34.2,81.75,false,NULL
2017-02-06,3.5,33.9,84,false,NULL
2017-02-07,0.5,29.1,94,false,NULL
2017-02-08,58.8,31.2,88.25,false,NULL
2017-02-09,18.6,29.1,93,false,NULL
2017-02-12,0,25.6,95.75,false,NULL
2017-02-13,27.2,30.8,90.5,false,NULL
2017-02-14,16.8,31.8,87,false,NULL
2017-02-15,0,31.8,82.25,false,NULL
2017-02-16,0,34.4,85.5,false,NULL
2017-02-19,31.4,33,87.25,false,NULL
2017-02-20,10.4,29.3,90.75,false,NULL
2017-02-21,43.7,31.9,88.75,false,NULL
2017-02-22,0,31.8,85.75,false,NULL
2017-02-23,1.8,34.3,86.5,false,NULL
2017-02-26,19.5,33.7,78,false,NULL
2017-02-27,3,34.4,81.5,false,NULL
2017-02-28,0,33.1,86,false,NULL
2017-03-01,24.1,33,86.25,false,NULL
2017-03-02,20.6,33.5,83,false,NULL
2017-03-05,0,32.5,84.5,false,NULL
2017-03-06,11.6,33.1,93,false,NULL
2017-03-07,11.1,32.7,92.75,false,NULL
2017-03-08,4.4,31.7,88.5,false,NULL
2017-03-09,34.6,31.4,89.75,false,NULL
2017-03-12,0,32.8,87.5,false,NULL
2017-03-13,4.2,32.3,87.75,false,NULL
2017-03-14,3.6,31.3,91,false,NULL
2017-03-15,13.1,31.3,88.5,false,NULL
2017-03-16,0,29.8,90,false,NULL
2017-03-19,31.3,33.1,85.25,false,NULL
2017-03-20,0,31.4,85.75,false,NULL
2017-03-21,1,32.3,82.25,false,NULL
2017-03-22,0.5,32.8,81.25,false,NULL
2017-03-23,7.6,31.6,82.5,false,NULL
2017-03-26,6.6,32.3,89.25,false,NULL
2017-03-27,0,33.2,85.5,false,NULL
2017-03-28,10.7,32.6,88.5,false,NULL
2017-03-29,0,30.8,89.25,false,NULL
2017-03-30,12.3,32.5,85.25,false,NULL
2017-04-02,4.4,30.3,95.75,false,NULL
2017-04-03,23.1,31.1,92,false,NULL
2017-04-04,35.6,32.5,87.25,false,NULL
2017-04-05,3.4,33.4,86.25,false,NULL
2017-04-06,0,31.1,84.75,false,NULL
2017-04-10,7,33.2,85.25,false,NULL
2017-04-11,0,33.7,86,false,NULL
2017-04-12,0,32.3,85.25,false,NULL
2017-04-13,0.7,33.3,85.5,true,0
2017-04-16,0,32.2,87.25,false,NULL
2017-04-17,0,32.7,82.5,false,NULL
2017-04-18,0,33.1,81.75,true,0
2017-04-19,2.8,33.5,82,true,0
2017-04-20,13.8,33.8,82,false,NULL
2017-04-24,0,34.4,83.25,false,NULL
2017-04-25,22.7,34.2,78.25,false,NULL
2017-04-26,5.8,34.3,82.5,false,NULL
2017-04-27,0,33.6,75.25,false,NULL
2017-04-30,13.7,32.4,79.5,false,NULL
2017-05-01,0,34.1,85,false,NULL
2017-05-02,0,33.3,82.25,false,NULL
2017-05-03,0,34.5,78.5,false,NULL
2017-05-04,0,33.3,81,true,0
2017-05-07,0,35.1,77.25,false,NULL
2017-05-08,0,34.6,79.25,false,NULL
2017-05-09,0,32.9,83.5,true,0
2017-05-10,0.2,34.3,84.5,true,0
2017-05-11,0,31.9,90,false,NULL
2017-05-14,0,33.8,82.75,false,NULL
2017-05-15,0,34.7,75.75,true,0.02
2017-05-16,0,35.4,76.5,false,NULL
2017-05-17,0,34.8,84.25,false,NULL
2017-05-18,0,32.6,84.25,false,NULL
2017-05-22,0,33.9,75.75,false,NULL
2017-05-23,0,33.7,78.25,false,NULL
2017-05-24,0,34.8,74.25,false,NULL
2017-05-25,0,32.8,79,false,NULL
2017-05-29,0,33.8,78.5,false,NULL
2017-05-30,0,33.8,79.5,false,NULL
2017-05-31,0,35,79,true,0.08
2017-06-01,0,33.8,81.75,false,NULL
2017-06-04,0,34.3,71.75,false,NULL
2017-06-05,0,34.7,70.75,true,0.19
2017-06-06,0,35.4,73.25,false,NULL
2017-06-07,0,33.8,74.5,false,NULL
2017-06-08,0,35.1,73,false,NULL
2017-06-11,0,33.9,84.25,true,0
2017-06-12,17.8,34.4,77.5,false,NULL
2017-06-13,3.6,33.9,78.25,false,NULL
2017-06-14,0,34.6,72.5,false,NULL
2017-06-15,0,33.4,71.75,false,NULL
2017-06-18,0,34.6,74.5,false,NULL
2017-06-19,0,33.8,76.75,false,NULL
2017-06-20,0,34.4,79.5,false,NULL
2017-06-21,0,34.7,74.5,false,NULL
2017-06-22,0,34.6,73.75,false,NULL
2017-06-25,0,34.1,66.5,true,1
2017-06-26,0,34.1,74,false,NULL
2017-06-27,0,35.1,70.5,true,0.3
2017-06-28,0,35.5,69,false,NULL
2017-06-29,0,34.2,71.75,true,0.36
2017-07-03,13.2,33.9,73,false,NULL
2017-07-04,0,33.9,67.75,false,NULL
2017-07-05,0,35,71.25,false,NULL
2017-07-06,0,35,69.5,false,NULL
2017-07-09,0,35.5,67,true,NULL
2017-07-10,0,36,68,true,0.63
2017-08-01,0,37.3,64.5,true,1
2017-08-02,0,36.2,66.25,false,NULL
2017-08-03,0,36.6,66.5,true,0.59
2017-08-06,7.8,34.5,68.25,true,0.08
2017-08-07,0,36.6,67.5,true,0.18
2017-08-08,0,38,63.75,true,0.4
2017-08-09,0,38.1,66,true,1
2017-08-10,0,36.7,69,true,1
2017-08-14,0,37.5,68,true,0.91
2017-08-15,0,37,69,false,NULL
2017-08-16,0,36.8,71.5,true,0.94
2017-08-17,0,37.4,63,false,NULL
2017-08-20,0,35.2,73,true,1
2017-08-21,0,36.3,64.25,false,NULL
2017-08-22,0,37.1,66.75,false,NULL
2017-08-23,0.1,37.4,61,false,NULL
2017-08-24,0,37.2,61.5,true,0.96
2017-08-27,0,38.8,62.5,true,1
2017-08-28,0,38,59.5,true,NULL
2017-08-29,0,37.7,70.75,true,NULL
2017-08-30,0,38.6,66.75,false,NULL
2017-08-31,0,36.9,65.25,false,NULL
2017-09-03,0,37.4,55.5,true,1
2017-09-04,0,36.9,58.75,true,1
2017-09-05,0,38.1,51.25,true,1
2017-09-06,0,37.2,62,true,1
2017-09-07,0,38.7,60.75,true,1
2017-09-10,0,38.3,56,true,1
2017-09-11,0,38.7,61,true,1
2017-09-12,0,37.8,61.25,true,1
2017-09-13,0,38.6,57.5,true,0.89
2017-09-14,0,38.2,59.5,true,0.74
2017-09-17,0,38.4,58.25,true,1
2017-09-18,0,37.7,69.75,true,1
2017-09-19,0,39.6,57.5,true,0.99
2017-09-20,0,38.3,56.5,true,1
2017-09-21,0,38.2,58.75,true,1
2017-09-24,0,37.9,69.5,false,NULL
2017-09-25,0,38.9,58.5,true,1
2017-09-26,0,39.1,58.75,true,0.42
2017-09-27,0,39.7,60.75,true,0.01
2017-09-28,0,39.2,55.75,true,0.14
2017-10-01,0,37.1,70,true,0.74
2017-10-02,0,38.9,63.75,true,0.91
2017-10-03,0,39.4,63.25,true,0.43
2017-10-04,0,39.1,57.25,true,0.1
2017-10-05,0,39,55.75,true,1
2017-10-08,0,36.9,69.75,true,0
2017-10-09,0,35.6,68.5,true,0
2017-10-10,0,37,69,true,0.02
2017-10-11,0,37.1,66.5,true,0.08
2017-10-12,0,37.4,78,true,0.18
2017-10-15,1.8,35.5,66,false,NULL
2017-10-16,0,37.5,60,false,NULL
2017-10-17,0,37.6,62.5,true,0
2017-10-18,0,37.4,70.25,true,1
2017-10-19,0,38.7,57.25,true,0.75
2017-10-22,0,36.6,65.75,true,0.39
2017-10-23,0,39.5,65,true,0.49
2017-10-24,0,33.1,73,true,0.46
2017-10-25,0,38.4,65,false,NULL
2017-10-26,0,35.5,68.25,true,0.52
2017-10-29,10.4,32.7,78,true,0.05
2017-10-30,0,26.3,95.75,true,0.05
2017-10-31,17.9,34.6,79.5,false,NULL
2017-11-01,4,36,72.5,false,NULL
2017-11-02,0,34.8,73,true,0.03
2017-11-05,0,36.2,70.25,true,0.25
2017-11-06,0,34.4,83.5,true,0.19
2017-11-07,0,32.9,83.75,true,0.34
2017-11-08,74.1,34.8,76.25,false,NULL
2017-11-09,0,35.3,81.5,false,NULL
2017-11-12,0,34.9,71,false,NULL
2017-11-13,0,32.3,74.25,true,0.53
2017-11-14,0,33,83,true,1
2017-11-15,0,30.4,85.5,false,NULL
2017-11-16,5.6,33.3,82.75,false,NULL
2017-11-19,7.8,35.4,77.25,false,NULL
2017-11-20,0,35.8,69,false,NULL
2017-11-21,0,35,73.5,false,NULL
2017-11-22,0,32.3,77.25,true,0.4
2017-11-23,0,31.7,90.25,false,NULL
2017-11-26,0,34.8,79,false,NULL
2017-11-27,5.8,34.5,76.25,false,NULL
2017-11-28,0,33.1,80.25,false,NULL
2017-11-29,8.9,32.3,75.5,true,0.79
2017-11-30,0,33.2,80,false,NULL
2017-12-05,0,36.6,72,true,0.86
2017-12-06,0,33.1,79.75,false,NULL
2017-12-07,0,33,87,false,NULL
2017-12-10,8,33.5,83.5,false,NULL
2017-12-11,0,35.6,79.5,true,0.89
2017-12-12,0,31.3,89,true,0.15
2017-12-13,8.4,30.6,93.5,false,NULL
2017-12-14,75,31.3,91,false,NULL
2017-12-18,0.5,28.3,94.75,false,NULL
2017-12-19,0.5,32.6,87.25,false,NULL
2017-12-20,12.4,33.6,78.25,false,NULL
2017-12-21,0,33.9,74.5,false,NULL
2017-12-25,2.6,33.6,80,false,NULL
2017-12-26,0,32.9,83,false,NULL
2017-12-27,0,32.6,88.75,true,0
2017-12-28,4.8,32.6,83,false,NULL
2018-01-02,0,31.8,83,false,NULL
2018-01-03,0.1,31.3,90,false,NULL
2018-01-04,5.1,30.3,91.25,false,NULL
2018-01-07,12.8,33.6,83.75,false,NULL
2018-01-08,0,32,88.75,false,NULL
2018-01-09,0,33.3,79.75,false,NULL
2018-01-10,2.2,34,85.75,false,NULL
2018-01-11,0,32.3,84.75,false,NULL
2018-01-15,6.6,33.3,82,false,NULL
2018-01-16,4.3,33.5,80,false,NULL
2018-01-17,0,32.9,86.25,false,NULL
2018-01-18,0,32.3,86.5,true,0
2018-01-21,0,33.2,80,false,NULL
2018-01-22,3.9,33.8,74.25,false,NULL
2018-01-23,1.1,33,80,false,NULL
2018-01-24,0,32.3,79.75,false,NULL
2018-01-25,0,33.8,81.5,false,NULL
2018-01-28,101.2,32.3,84.25,false,NULL
2018-01-29,9.2,33.3,78.75,false,NULL
2018-01-30,0,34.2,79,false,NULL
2018-01-31,0,32.6,91.25,false,NULL
2018-02-01,4,30.9,94.25,false,NULL
2018-02-04,25.8,30.3,93,false,NULL
2018-02-05,43.2,30.3,91.75,false,NULL
2018-02-06,0,29.3,91.75,false,NULL
2018-02-07,0.6,30.3,90.25,false,NULL
2018-02-08,0,26.8,93.25,false,NULL
2018-02-13,3.1,31.3,92,false,NULL
2018-02-14,0,30.9,89,false,NULL
2018-02-15,20.5,31.7,86.5,false,NULL
2018-02-19,4.2,27.8,97.25,false,NULL
2018-02-20,5.9,29.3,89.75,false,NULL
2018-02-21,42,29.3,93.75,false,NULL
2018-02-22,19.4,30.5,89.25,false,NULL
2018-02-25,0,32.6,84.5,false,NULL
2018-02-26,12,31.9,89,false,NULL
2018-02-27,0,32.7,86,false,NULL
2018-02-28,27.1,30.3,90.75,false,NULL
2018-03-01,0.1,32.5,90.25,false,NULL
2018-03-04,0,30.3,87,true,0
2018-03-05,0,33.4,84.25,false,NULL
2018-03-06,0,33.3,81,false,NULL
2018-03-07,3.4,32.1,87.5,false,NULL
2018-03-08,1.8,31.3,86.5,false,NULL
2018-03-11,6.4,32.3,80.5,false,NULL
2018-03-12,0,33,88.5,false,NULL
2018-03-13,0,34.5,89,false,NULL
2018-03-14,0,33,85.75,false,NULL
2018-03-15,16.1,33.6,85,false,NULL
2018-03-18,0,32.3,88,false,NULL
2018-03-19,19.6,32.4,89,false,NULL
2018-03-20,7.5,33.4,86.5,false,NULL
2018-03-21,3.2,32.4,82.25,false,NULL
2018-03-22,0,25.2,92.75,false,NULL
2018-03-25,0,32.2,87,false,NULL
2018-03-26,28.1,33.3,84.25,false,NULL
2018-03-27,0,33.9,83.25,false,NULL
2018-03-28,0,32.8,87.75,false,NULL
2018-04-01,0,32.8,86.25,false,NULL
2018-04-02,26.8,31.5,87.25,false,NULL
2018-04-03,1.8,32.1,89.25,false,NULL
2018-04-04,0,32.4,86.75,false,NULL
2018-04-05,50.2,32.2,91.25,false,NULL
2018-04-08,0,28,96.75,false,NULL
2018-04-09,22.1,32.1,87.75,false,NULL
2018-04-10,0.3,31.3,87.5,false,NULL
2018-04-11,22.6,27.3,91.75,false,NULL
2018-04-12,53.2,31.3,90.75,false,NULL
2018-04-15,0,30.6,90.75,false,NULL
2018-04-16,25.2,30.6,90.5,false,NULL
2018-04-17,0,33.8,87.75,false,NULL
2018-04-18,9.4,34.3,80.75,false,NULL
2018-04-19,1,33.8,80.75,false,NULL
2018-04-22,0,34.4,81.5,false,NULL
2018-04-23,0,35.3,78,false,NULL
2018-04-24,0,35,75.75,false,NULL
2018-04-25,0,34.7,76,false,NULL
2018-04-26,0,34.8,78.5,false,NULL
2018-04-29,0,32.3,85,false,NULL
2018-05-01,7.9,34.5,80,false,NULL
2018-05-02,4.6,34.7,78.75,false,NULL
2018-05-03,0,34.8,79.25,false,NULL
2018-05-06,0,34.2,77.5,false,NULL
2018-05-07,0,34.4,76.25,false,NULL
2018-05-08,0,33.8,77,false,NULL
2018-05-09,0,33,79.25,false,NULL
2018-05-10,31.2,34,74.25,false,NULL
2018-05-13,0,33.1,84.25,false,NULL
2018-05-14,5.4,33.3,76.75,false,NULL
2018-05-15,0,34.2,77,false,NULL
2018-05-16,0,33.8,74.5,false,NULL
2018-05-17,0,32.3,82.25,false,NULL
2018-05-20,0,33.4,79,false,NULL
2018-05-21,0,30.1,86.5,false,NULL
2018-05-22,0,29.7,90.5,false,NULL
2018-05-23,9.9,34.3,76.5,false,NULL
2018-05-24,1.9,33.9,72.75,true,0
2018-05-27,0,33.9,70.25,false,NULL
2018-05-28,0,33.8,72.5,false,NULL
2018-05-29,0,34.2,70.75,false,NULL
2018-05-31,0,34.3,74.5,true,0.01
2018-06-03,0,35.9,76.5,true,0
2018-06-04,0,34.6,76.75,false,NULL
2018-06-05,0,35.2,73.5,false,NULL
2018-06-06,0,34.1,73.25,false,NULL
2018-06-07,0,33.9,71,false,NULL
2018-06-10,13.8,34.6,71.25,false,NULL
2018-06-11,0,34,72.25,false,NULL
2018-06-12,0,34,76.5,false,NULL
2018-06-13,0,34.6,72.25,false,NULL
2018-06-14,0,34,71.75,true,0.03
2018-06-17,0,33.8,73.25,false,NULL
2018-06-18,0,34.3,74.25,false,NULL
2018-06-19,0,34.2,74.25,true,0.01
2018-06-20,0,34.1,70.75,false,NULL
2018-06-21,0,35.3,71,true,0.04
2018-06-24,0,35,71,false,NULL
2018-06-25,0,35.3,85.5,true,1
2018-06-26,0,35.2,70,true,0.08
2018-06-27,0,34.7,63.75,true,1
2018-06-28,0,35,69,false,NULL
2018-07-01,0,36.6,67.5,false,NULL
2018-07-02,0,35.8,69.25,true,0.06
2018-07-03,0,30.9,79.75,false,NULL
2018-07-04,0,34.6,74,false,NULL
2018-07-05,4.1,37.4,73,false,NULL
2018-07-08,0,36.5,69.75,false,NULL
2018-07-09,0,35.2,77.5,false,NULL
2018-07-10,0,34.9,74.25,true,0.14
2018-08-01,0,35.8,73.75,true,0.37
2018-08-02,0,37.2,68.25,true,0.35
2018-08-05,0,38.1,65.5,false,NULL
2018-08-06,0,37.9,70.5,false,NULL
2018-08-07,0,37,69.25,true,0.47
2018-08-08,0,36.3,77,true,0.46
2018-08-09,0,35.3,72,true,1
2018-08-12,0,35.2,69.75,true,0.63
2018-08-13,0,35.8,69.5,false,NULL
2018-08-14,0,34.9,75,false,NULL
2018-08-15,0,35.5,79,false,NULL
2018-08-16,9.4,29.3,79,false,NULL
2018-08-19,0,36.8,62.5,true,0.62
2018-08-20,0,37.6,61.5,true,1
2018-08-21,0,37.2,65.25,true,1
2018-08-22,0,37.9,64,true,NULL
2018-08-23,0,37.1,61.25,true,0.74
2018-08-27,0,36.8,69.75,true,0.8
2018-08-28,0,37.1,68.25,true,0.82
2018-08-29,0,37.2,66,true,0.85
2018-08-30,0,39,62.75,true,0.86
2018-09-02,0,37.1,73.25,true,0.91
2018-09-03,0,35.7,71.75,true,0.93
2018-09-04,0,35.9,60.25,true,1
2018-09-05,0,36.3,60.75,false,NULL
2018-09-09,0,37.7,73,true,1
2018-09-10,0,36.7,63,true,1
2018-09-11,0,38.2,60,false,NULL
2018-09-12,0,35.3,71.25,true,0.76
2018-09-13,0,38.5,52.25,true,0.8
2018-09-16,0,38.7,68.5,true,0.92
2018-09-17,0,38.5,77.25,false,NULL
2018-09-18,0,36.2,66,false,NULL
2018-09-19,3.9,35.5,73.5,false,NULL
2018-09-20,0,38.3,68,false,NULL
2018-09-23,0,36.7,69.25,true,0.79
2018-09-24,0,36.5,69,true,0.33
2018-09-25,0,39.2,72.25,true,0.69
2018-09-26,0,34.9,78.5,true,0.81
2018-09-27,13.9,37.7,68.25,false,NULL
2018-09-30,0,36.4,73.5,true,0.83
2018-10-01,0,37,65.25,false,NULL
2018-10-02,0,36.5,75,true,0.89
2018-10-03,0,36.3,68.25,true,1
2018-10-04,0,37.9,66.25,true,1
2018-10-07,0,35.1,73.5,false,NULL
2018-10-08,0,33.9,68.5,true,0.91
2018-10-09,0,37.8,67.75,true,0.88
2018-10-10,0,36.2,70,true,0.97
2018-10-14,0,39.2,68,true,1
2018-10-15,0,31.7,81,true,0
2018-10-16,0,32.3,69.75,true,0
2018-10-17,11.8,35.6,75.5,true,0.02
2018-10-18,12,34.8,74,false,NULL
2018-10-21,0,34.9,72.5,false,NULL
2018-10-22,0.1,38.5,60.75,true,0.64
2018-10-23,0,39.8,68.25,true,0.52
2018-10-24,0,39.7,63.75,true,0.58
2018-10-25,0,36.3,72.75,true,0.61
2018-10-28,0.1,38.1,78.25,true,0.7
2018-10-29,0,34.9,72.25,true,1
2018-10-30,0,33.8,75.5,true,0.84
2018-10-31,0,35.3,66.5,true,0.95
2018-11-04,0,34.3,83.5,true,1
2018-11-05,12.3,35.3,85,false,NULL
2018-11-06,0,35.4,83.5,false,NULL
2018-11-07,7.4,35.3,81.5,true,0.55
2018-11-08,0.5,36.2,77.5,false,NULL
2018-11-11,0,33.9,86.25,true,1
2018-11-12,0,35.3,74,true,0.71
2018-11-13,3.2,35,77,true,0.77
2018-11-15,0,34.5,73.25,false,NULL
2018-11-18,0,36.6,73.5,true,0.92
2018-11-19,0,35.8,72.5,false,NULL
2018-11-20,0,34.9,77.25,true,0.95
2018-11-21,70.6,32.8,79.5,true,1
2018-11-22,47.2,34.3,81.5,false,NULL
2018-11-25,83.8,28.1,91.5,false,NULL
2018-11-27,4.1,32.3,82,false,NULL
2018-11-28,3.9,28.6,92.75,false,NULL
2018-11-29,0,31.3,87.25,false,NULL
2018-12-02,0,28.8,86.75,true,0
2018-12-03,29.1,31.5,89.75,false,NULL
2018-12-04,23.6,29.1,93.25,false,NULL
2018-12-05,0,27.5,95.25,false,NULL
2018-12-06,4.9,30.7,87.25,false,NULL
